run,year,world,good,price,stock
1,1,Lusus,nahrung,22.06,25.6
1,1,Lusus,rohstoffe,26.88,32.0
1,1,Lusus,industrieteile,42.86,32.0
1,1,Lusus,energie,37.76,28.8
1,1,Lusus,luxus,74.15,35.324
1,1,Lusus,biotech,81.64,32.0
1,1,Lusus,core_daten,105.82,34.216
1,1,Lusus,relikte,143.6,32.0
1,1,Tau Ceti,nahrung,19.65,36.612
1,1,Tau Ceti,rohstoffe,26.96,30.0
1,1,Tau Ceti,industrieteile,43.64,27.2
1,1,Tau Ceti,energie,39.98,27.2
1,1,Tau Ceti,luxus,74.94,30.0
1,1,Tau Ceti,biotech,78.68,31.653
1,1,Tau Ceti,core_daten,114.47,30.0
1,1,Tau Ceti,relikte,153.32,30.0
1,1,Maui-Covenant,nahrung,21.03,28.240000000000002
1,1,Maui-Covenant,rohstoffe,28.11,26.0
1,1,Maui-Covenant,industrieteile,45.36,26.0
1,1,Maui-Covenant,energie,35.84,24.5
1,1,Maui-Covenant,luxus,83.76,25.0
1,1,Maui-Covenant,biotech,79.49,28.464
1,1,Maui-Covenant,core_daten,107.68,26.0
1,1,Maui-Covenant,relikte,138.35,26.0
1,1,Marsim,nahrung,20.73,27.4
1,1,Marsim,rohstoffe,31.34,25.0
1,1,Marsim,industrieteile,40.88,36.405
1,1,Marsim,energie,37.83,34.243
1,1,Marsim,luxus,80.1,31.0
1,1,Marsim,biotech,80.26,31.0
1,1,Marsim,core_daten,113.28,31.0
1,1,Marsim,relikte,136.81,31.0
1,1,Qom-Riyadh,nahrung,19.95,25.6
1,1,Qom-Riyadh,rohstoffe,27.4,28.0
1,1,Qom-Riyadh,industrieteile,43.71,28.0
1,1,Qom-Riyadh,energie,37.96,25.6
1,1,Qom-Riyadh,luxus,76.89,29.198999999999998
1,1,Qom-Riyadh,biotech,82.6,28.0
1,1,Qom-Riyadh,core_daten,111.85,32.796
1,1,Qom-Riyadh,relikte,141.5,28.0
1,1,Bressia,nahrung,22.38,22.66
1,1,Bressia,rohstoffe,29.55,28.3248
1,1,Bressia,industrieteile,41.6,23.29
1,1,Bressia,energie,38.05,26.4546
1,1,Bressia,luxus,79.3,25.0
1,1,Bressia,biotech,87.74,25.0
1,1,Bressia,core_daten,117.85,25.0
1,1,Bressia,relikte,139.67,25.0
1,1,Hebron,nahrung,23.09,23.8
1,1,Hebron,rohstoffe,26.4,26.0
1,1,Hebron,industrieteile,42.09,26.0
1,1,Hebron,energie,40.05,24.2
1,1,Hebron,luxus,73.56,27.378
1,1,Hebron,biotech,83.87,24.4
1,1,Hebron,core_daten,102.84,26.0
1,1,Hebron,relikte,150.16,26.0
1,1,Hyperion,nahrung,22.13,22.56
1,1,Hyperion,rohstoffe,28.89,25.4336
1,1,Hyperion,industrieteile,45.88,24.0
1,1,Hyperion,energie,36.83,22.32
1,1,Hyperion,luxus,83.51,22.432
1,1,Hyperion,biotech,83.38,24.0
1,1,Hyperion,core_daten,114.67,24.0
1,1,Hyperion,relikte,144.42,24.7168
1,2,Lusus,nahrung,23.19,19.200000000000003
1,2,Lusus,rohstoffe,28.34,32.0
1,2,Lusus,industrieteile,43.56,32.0
1,2,Lusus,energie,36.4,25.6
1,2,Lusus,luxus,80.55,38.647999999999996
1,2,Lusus,biotech,83.1,32.0
1,2,Lusus,core_daten,119.51,36.432
1,2,Lusus,relikte,150.8,32.0
1,2,Tau Ceti,nahrung,20.21,43.224000000000004
1,2,Tau Ceti,rohstoffe,28.04,30.0
1,2,Tau Ceti,industrieteile,45.22,24.4
1,2,Tau Ceti,energie,36.15,24.4
1,2,Tau Ceti,luxus,78.35,30.0
1,2,Tau Ceti,biotech,78.06,33.306
1,2,Tau Ceti,core_daten,107.11,30.0
1,2,Tau Ceti,relikte,136.83,30.0
1,2,Maui-Covenant,nahrung,21.53,30.480000000000004
1,2,Maui-Covenant,rohstoffe,27.13,26.0
1,2,Maui-Covenant,industrieteile,41.38,26.0
1,2,Maui-Covenant,energie,37.57,23.0
1,2,Maui-Covenant,luxus,83.99,24.0
1,2,Maui-Covenant,biotech,77.21,30.927999999999997
1,2,Maui-Covenant,core_daten,112.09,26.0
1,2,Maui-Covenant,relikte,146.39,26.0
1,2,Marsim,nahrung,22.38,23.799999999999997
1,2,Marsim,rohstoffe,31.95,19.0
1,2,Marsim,industrieteile,44.56,41.81
1,2,Marsim,energie,36.36,37.486000000000004
1,2,Marsim,luxus,77.85,31.0
1,2,Marsim,biotech,80.12,31.0
1,2,Marsim,core_daten,118.13,31.0
1,2,Marsim,relikte,153.41,31.0
1,2,Qom-Riyadh,nahrung,20.24,23.200000000000003
1,2,Qom-Riyadh,rohstoffe,27.29,28.0
1,2,Qom-Riyadh,industrieteile,41.26,28.0
1,2,Qom-Riyadh,energie,37.11,23.200000000000003
1,2,Qom-Riyadh,luxus,78.57,30.397999999999996
1,2,Qom-Riyadh,biotech,82.64,28.0
1,2,Qom-Riyadh,core_daten,108.97,37.592
1,2,Qom-Riyadh,relikte,136.01,28.0
1,2,Bressia,nahrung,20.91,20.32
1,2,Bressia,rohstoffe,27.73,31.6496
1,2,Bressia,industrieteile,44.42,21.58
1,2,Bressia,energie,40.76,27.9092
1,2,Bressia,luxus,81.81,25.0
1,2,Bressia,biotech,82.08,25.0
1,2,Bressia,core_daten,115.42,25.0
1,2,Bressia,relikte,150.53,25.0
1,2,Hebron,nahrung,19.37,21.6
1,2,Hebron,rohstoffe,30.67,26.0
1,2,Hebron,industrieteile,45.06,26.0
1,2,Hebron,energie,40.99,22.4
1,2,Hebron,luxus,83.28,28.756
1,2,Hebron,biotech,82.54,22.799999999999997
1,2,Hebron,core_daten,110.63,26.0
1,2,Hebron,relikte,134.39,26.0
1,2,Hyperion,nahrung,21.62,21.119999999999997
1,2,Hyperion,rohstoffe,26.08,26.867199999999997
1,2,Hyperion,industrieteile,39.24,24.0
1,2,Hyperion,energie,36.14,20.64
1,2,Hyperion,luxus,75.46,20.863999999999997
1,2,Hyperion,biotech,79.38,24.0
1,2,Hyperion,core_daten,103.23,24.0
1,2,Hyperion,relikte,131.57,25.4336
1,3,Lusus,nahrung,22.12,12.800000000000002
1,3,Lusus,rohstoffe,26.71,32.0
1,3,Lusus,industrieteile,44.71,32.0
1,3,Lusus,energie,39.33,22.400000000000002
1,3,Lusus,luxus,74.93,41.971999999999994
1,3,Lusus,biotech,78.97,32.0
1,3,Lusus,core_daten,110.16,38.648
1,3,Lusus,relikte,142.31,32.0
1,3,Tau Ceti,nahrung,19.77,49.836000000000006
1,3,Tau Ceti,rohstoffe,29.72,30.0
1,3,Tau Ceti,industrieteile,47.32,21.599999999999998
1,3,Tau Ceti,energie,38.49,21.599999999999998
1,3,Tau Ceti,luxus,78.57,30.0
1,3,Tau Ceti,biotech,77.15,34.958999999999996
1,3,Tau Ceti,core_daten,106.9,30.0
1,3,Tau Ceti,relikte,142.09,30.0
1,3,Maui-Covenant,nahrung,20.18,32.720000000000006
1,3,Maui-Covenant,rohstoffe,29.68,26.0
1,3,Maui-Covenant,industrieteile,40.9,26.0
1,3,Maui-Covenant,energie,35.83,21.5
1,3,Maui-Covenant,luxus,84.91,23.0
1,3,Maui-Covenant,biotech,81.81,33.391999999999996
1,3,Maui-Covenant,core_daten,107.72,26.0
1,3,Maui-Covenant,relikte,146.27,26.0
1,3,Marsim,nahrung,20.14,20.199999999999996
1,3,Marsim,rohstoffe,31.87,13.0
1,3,Marsim,industrieteile,45.15,47.215
1,3,Marsim,energie,39.14,40.729000000000006
1,3,Marsim,luxus,80.68,31.0
1,3,Marsim,biotech,79.1,31.0
1,3,Marsim,core_daten,110.67,31.0
1,3,Marsim,relikte,138.74,31.0
1,3,Qom-Riyadh,nahrung,21.97,20.800000000000004
1,3,Qom-Riyadh,rohstoffe,28.59,28.0
1,3,Qom-Riyadh,industrieteile,44.25,28.0
1,3,Qom-Riyadh,energie,37.72,20.800000000000004
1,3,Qom-Riyadh,luxus,75.9,31.596999999999994
1,3,Qom-Riyadh,biotech,84.96,28.0
1,3,Qom-Riyadh,core_daten,119.24,42.388
1,3,Qom-Riyadh,relikte,151.78,28.0
1,3,Bressia,nahrung,22.55,17.98
1,3,Bressia,rohstoffe,30.16,34.9744
1,3,Bressia,industrieteile,46.02,19.869999999999997
1,3,Bressia,energie,35.52,29.363799999999998
1,3,Bressia,luxus,79.19,25.0
1,3,Bressia,biotech,79.57,25.0
1,3,Bressia,core_daten,102.67,25.0
1,3,Bressia,relikte,132.4,25.0
1,3,Hebron,nahrung,20.34,19.400000000000002
1,3,Hebron,rohstoffe,27.17,26.0
1,3,Hebron,industrieteile,44.34,26.0
1,3,Hebron,energie,41.69,20.599999999999998
1,3,Hebron,luxus,77.93,30.134
1,3,Hebron,biotech,91.65,21.199999999999996
1,3,Hebron,core_daten,123.39,26.0
1,3,Hebron,relikte,158.17,26.0
1,3,Hyperion,nahrung,20.56,19.679999999999996
1,3,Hyperion,rohstoffe,26.94,28.300799999999995
1,3,Hyperion,industrieteile,40.55,24.0
1,3,Hyperion,energie,36.13,18.96
1,3,Hyperion,luxus,76.33,19.295999999999996
1,3,Hyperion,biotech,83.85,24.0
1,3,Hyperion,core_daten,121.62,24.0
1,3,Hyperion,relikte,154.95,26.150399999999998
1,4,Lusus,nahrung,24.55,6.400000000000002
1,4,Lusus,rohstoffe,29.53,32.0
1,4,Lusus,industrieteile,40.4,32.0
1,4,Lusus,energie,39.81,19.200000000000003
1,4,Lusus,luxus,82.53,45.29599999999999
1,4,Lusus,biotech,84.51,32.0
1,4,Lusus,core_daten,115.9,40.864000000000004
1,4,Lusus,relikte,144.42,32.0
1,4,Tau Ceti,nahrung,19.91,56.44800000000001
1,4,Tau Ceti,rohstoffe,29.5,30.0
1,4,Tau Ceti,industrieteile,43.86,18.799999999999997
1,4,Tau Ceti,energie,40.37,18.799999999999997
1,4,Tau Ceti,luxus,83.49,30.0
1,4,Tau Ceti,biotech,80.35,36.611999999999995
1,4,Tau Ceti,core_daten,111.21,30.0
1,4,Tau Ceti,relikte,153.31,30.0
1,4,Maui-Covenant,nahrung,21.4,34.96000000000001
1,4,Maui-Covenant,rohstoffe,27.28,22.5
1,4,Maui-Covenant,industrieteile,40.72,26.0
1,4,Maui-Covenant,energie,36.53,20.0
1,4,Maui-Covenant,luxus,84.56,22.0
1,4,Maui-Covenant,biotech,84.65,35.855999999999995
1,4,Maui-Covenant,core_daten,107.71,26.0
1,4,Maui-Covenant,relikte,151.54,26.0
1,4,Marsim,nahrung,22.92,16.599999999999994
1,4,Marsim,rohstoffe,35.09,10.5
1,4,Marsim,industrieteile,41.7,52.620000000000005
1,4,Marsim,energie,37.62,43.97200000000001
1,4,Marsim,luxus,74.99,31.0
1,4,Marsim,biotech,76.52,31.0
1,4,Marsim,core_daten,119.38,31.0
1,4,Marsim,relikte,147.69,31.0
1,4,Qom-Riyadh,nahrung,21.37,18.400000000000006
1,4,Qom-Riyadh,rohstoffe,30.05,28.0
1,4,Qom-Riyadh,industrieteile,42.36,28.0
1,4,Qom-Riyadh,energie,40.57,18.400000000000006
1,4,Qom-Riyadh,luxus,81.94,32.79599999999999
1,4,Qom-Riyadh,biotech,78.68,28.0
1,4,Qom-Riyadh,core_daten,108.62,47.184
1,4,Qom-Riyadh,relikte,141.37,28.0
1,4,Bressia,nahrung,20.32,15.64
1,4,Bressia,rohstoffe,28.87,38.2992
1,4,Bressia,industrieteile,42.11,18.159999999999997
1,4,Bressia,energie,36.89,30.818399999999997
1,4,Bressia,luxus,73.33,25.0
1,4,Bressia,biotech,88.28,25.0
1,4,Bressia,core_daten,109.71,25.0
1,4,Bressia,relikte,144.43,25.0
1,4,Hebron,nahrung,21.64,17.200000000000003
1,4,Hebron,rohstoffe,30.7,26.0
1,4,Hebron,industrieteile,42.11,26.0
1,4,Hebron,energie,41.51,18.799999999999997
1,4,Hebron,luxus,78.72,31.512
1,4,Hebron,biotech,85.39,19.599999999999994
1,4,Hebron,core_daten,113.33,26.0
1,4,Hebron,relikte,132.02,26.0
1,4,Hyperion,nahrung,20.89,18.239999999999995
1,4,Hyperion,rohstoffe,26.72,29.734399999999994
1,4,Hyperion,industrieteile,38.72,24.0
1,4,Hyperion,energie,40.68,17.28
1,4,Hyperion,luxus,76.08,17.727999999999994
1,4,Hyperion,biotech,81.48,24.0
1,4,Hyperion,core_daten,117.82,24.0
1,4,Hyperion,relikte,146.93,26.867199999999997
1,5,Lusus,nahrung,45.55,10.7
1,5,Lusus,rohstoffe,29.44,32.0
1,5,Lusus,industrieteile,44.76,32.0
1,5,Lusus,energie,37.12,16.000000000000004
1,5,Lusus,luxus,75.27,48.61999999999999
1,5,Lusus,biotech,76.78,32.0
1,5,Lusus,core_daten,106.48,43.080000000000005
1,5,Lusus,relikte,143.94,32.0
1,5,Tau Ceti,nahrung,19.51,57.06000000000001
1,5,Tau Ceti,rohstoffe,29.89,30.0
1,5,Tau Ceti,industrieteile,42.72,15.999999999999996
1,5,Tau Ceti,energie,38.27,15.999999999999996
1,5,Tau Ceti,luxus,83.51,30.0
1,5,Tau Ceti,biotech,82.5,38.26499999999999
1,5,Tau Ceti,core_daten,108.3,30.0
1,5,Tau Ceti,relikte,140.88,30.0
1,5,Maui-Covenant,nahrung,20.82,37.20000000000001
1,5,Maui-Covenant,rohstoffe,29.65,22.5
1,5,Maui-Covenant,industrieteile,42.8,26.0
1,5,Maui-Covenant,energie,37.08,18.5
1,5,Maui-Covenant,luxus,80.75,21.0
1,5,Maui-Covenant,biotech,85.31,38.31999999999999
1,5,Maui-Covenant,core_daten,119.0,26.0
1,5,Maui-Covenant,relikte,153.34,26.0
1,5,Marsim,nahrung,22.91,12.999999999999995
1,5,Marsim,rohstoffe,35.79,10.5
1,5,Marsim,industrieteile,42.2,58.025000000000006
1,5,Marsim,energie,36.98,47.21500000000001
1,5,Marsim,luxus,77.62,31.0
1,5,Marsim,biotech,79.67,31.0
1,5,Marsim,core_daten,115.06,31.0
1,5,Marsim,relikte,143.59,31.0
1,5,Qom-Riyadh,nahrung,20.6,15.30000000000001
1,5,Qom-Riyadh,rohstoffe,27.75,22.0
1,5,Qom-Riyadh,industrieteile,40.66,28.0
1,5,Qom-Riyadh,energie,40.32,16.000000000000007
1,5,Qom-Riyadh,luxus,83.05,33.99499999999999
1,5,Qom-Riyadh,biotech,83.2,28.0
1,5,Qom-Riyadh,core_daten,110.19,51.98
1,5,Qom-Riyadh,relikte,140.63,28.0
1,5,Bressia,nahrung,20.0,9.3
1,5,Bressia,rohstoffe,28.21,41.623999999999995
1,5,Bressia,industrieteile,46.44,16.449999999999996
1,5,Bressia,energie,34.54,32.272999999999996
1,5,Bressia,luxus,84.76,25.0
1,5,Bressia,biotech,76.54,25.0
1,5,Bressia,core_daten,116.51,25.0
1,5,Bressia,relikte,137.88,25.0
1,5,Hebron,nahrung,22.23,15.000000000000004
1,5,Hebron,rohstoffe,31.19,26.0
1,5,Hebron,industrieteile,41.97,26.0
1,5,Hebron,energie,37.97,16.999999999999996
1,5,Hebron,luxus,76.49,32.89
1,5,Hebron,biotech,78.56,17.999999999999993
1,5,Hebron,core_daten,109.92,26.0
1,5,Hebron,relikte,140.94,26.0
1,5,Hyperion,nahrung,21.0,16.799999999999994
1,5,Hyperion,rohstoffe,29.55,31.167999999999992
1,5,Hyperion,industrieteile,41.85,24.0
1,5,Hyperion,energie,38.73,15.600000000000001
1,5,Hyperion,luxus,78.3,16.159999999999993
1,5,Hyperion,biotech,89.14,24.0
1,5,Hyperion,core_daten,104.54,24.0
1,5,Hyperion,relikte,156.95,27.583999999999996
1,6,Lusus,nahrung,24.06,10.7
1,6,Lusus,rohstoffe,27.61,26.0
1,6,Lusus,industrieteile,44.88,32.0
1,6,Lusus,energie,38.23,12.800000000000004
1,6,Lusus,luxus,80.9,51.94399999999999
1,6,Lusus,biotech,84.9,32.0
1,6,Lusus,core_daten,117.24,45.29600000000001
1,6,Lusus,relikte,148.09,32.0
1,6,Tau Ceti,nahrung,21.95,63.27200000000001
1,6,Tau Ceti,rohstoffe,28.11,30.0
1,6,Tau Ceti,industrieteile,46.05,13.199999999999996
1,6,Tau Ceti,energie,39.6,13.199999999999996
1,6,Tau Ceti,luxus,78.68,30.0
1,6,Tau Ceti,biotech,79.56,39.91799999999999
1,6,Tau Ceti,core_daten,109.45,30.0
1,6,Tau Ceti,relikte,150.57,30.0
1,6,Maui-Covenant,nahrung,19.95,32.34
1,6,Maui-Covenant,rohstoffe,29.97,22.5
1,6,Maui-Covenant,industrieteile,41.49,26.0
1,6,Maui-Covenant,energie,36.03,17.0
1,6,Maui-Covenant,luxus,76.39,20.0
1,6,Maui-Covenant,biotech,78.85,40.78399999999999
1,6,Maui-Covenant,core_daten,114.38,26.0
1,6,Maui-Covenant,relikte,140.3,26.0
1,6,Marsim,nahrung,21.53,10.5
1,6,Marsim,rohstoffe,35.4,10.5
1,6,Marsim,industrieteile,39.82,63.43000000000001
1,6,Marsim,energie,39.73,50.45800000000001
1,6,Marsim,luxus,77.88,31.0
1,6,Marsim,biotech,85.93,31.0
1,6,Marsim,core_daten,114.35,31.0
1,6,Marsim,relikte,136.44,31.0
1,6,Qom-Riyadh,nahrung,22.11,12.90000000000001
1,6,Qom-Riyadh,rohstoffe,30.13,22.0
1,6,Qom-Riyadh,industrieteile,45.29,28.0
1,6,Qom-Riyadh,energie,38.03,13.600000000000007
1,6,Qom-Riyadh,luxus,75.39,35.19399999999999
1,6,Qom-Riyadh,biotech,86.22,28.0
1,6,Qom-Riyadh,core_daten,113.89,56.775999999999996
1,6,Qom-Riyadh,relikte,145.8,28.0
1,6,Bressia,nahrung,20.87,6.960000000000001
1,6,Bressia,rohstoffe,28.08,44.94879999999999
1,6,Bressia,industrieteile,46.03,14.739999999999995
1,6,Bressia,energie,35.8,33.727599999999995
1,6,Bressia,luxus,83.52,25.0
1,6,Bressia,biotech,89.61,25.0
1,6,Bressia,core_daten,102.84,25.0
1,6,Bressia,relikte,132.14,25.0
1,6,Hebron,nahrung,21.51,12.800000000000004
1,6,Hebron,rohstoffe,31.1,26.0
1,6,Hebron,industrieteile,42.87,26.0
1,6,Hebron,energie,36.81,15.199999999999996
1,6,Hebron,luxus,77.82,34.268
1,6,Hebron,biotech,88.27,16.39999999999999
1,6,Hebron,core_daten,116.07,26.0
1,6,Hebron,relikte,149.84,26.0
1,6,Hyperion,nahrung,21.4,15.359999999999994
1,6,Hyperion,rohstoffe,30.56,32.60159999999999
1,6,Hyperion,industrieteile,46.66,24.0
1,6,Hyperion,energie,37.33,13.920000000000002
1,6,Hyperion,luxus,77.39,14.591999999999993
1,6,Hyperion,biotech,77.64,24.0
1,6,Hyperion,core_daten,106.4,24.0
1,6,Hyperion,relikte,155.84,28.300799999999995
1,7,Lusus,nahrung,24.24,10.7
1,7,Lusus,rohstoffe,30.27,26.0
1,7,Lusus,industrieteile,45.3,32.0
1,7,Lusus,energie,42.41,10.7
1,7,Lusus,luxus,73.43,55.26799999999999
1,7,Lusus,biotech,82.87,32.0
1,7,Lusus,core_daten,117.63,47.51200000000001
1,7,Lusus,relikte,143.54,32.0
1,7,Tau Ceti,nahrung,19.58,60.28400000000001
1,7,Tau Ceti,rohstoffe,29.05,30.0
1,7,Tau Ceti,industrieteile,46.0,10.399999999999995
1,7,Tau Ceti,energie,40.13,10.399999999999995
1,7,Tau Ceti,luxus,83.48,30.0
1,7,Tau Ceti,biotech,82.35,41.57099999999999
1,7,Tau Ceti,core_daten,115.41,30.0
1,7,Tau Ceti,relikte,136.57,30.0
1,7,Maui-Covenant,nahrung,19.97,34.18000000000001
1,7,Maui-Covenant,rohstoffe,27.68,22.5
1,7,Maui-Covenant,industrieteile,40.04,26.0
1,7,Maui-Covenant,energie,37.85,15.5
1,7,Maui-Covenant,luxus,79.02,19.0
1,7,Maui-Covenant,biotech,86.34,43.24799999999999
1,7,Maui-Covenant,core_daten,110.27,26.0
1,7,Maui-Covenant,relikte,136.8,26.0
1,7,Marsim,nahrung,23.78,10.5
1,7,Marsim,rohstoffe,35.86,10.5
1,7,Marsim,industrieteile,40.73,68.83500000000001
1,7,Marsim,energie,36.57,53.701000000000015
1,7,Marsim,luxus,74.51,31.0
1,7,Marsim,biotech,79.28,31.0
1,7,Marsim,core_daten,114.84,31.0
1,7,Marsim,relikte,140.25,31.0
1,7,Qom-Riyadh,nahrung,22.47,10.500000000000009
1,7,Qom-Riyadh,rohstoffe,27.04,16.0
1,7,Qom-Riyadh,industrieteile,44.46,28.0
1,7,Qom-Riyadh,energie,37.82,11.200000000000006
1,7,Qom-Riyadh,luxus,79.44,36.39299999999999
1,7,Qom-Riyadh,biotech,80.6,28.0
1,7,Qom-Riyadh,core_daten,109.12,61.571999999999996
1,7,Qom-Riyadh,relikte,147.63,28.0
1,7,Bressia,nahrung,20.9,4.620000000000001
1,7,Bressia,rohstoffe,30.86,48.27359999999999
1,7,Bressia,industrieteile,47.88,13.029999999999994
1,7,Bressia,energie,34.96,34.0822
1,7,Bressia,luxus,84.88,25.0
1,7,Bressia,biotech,86.3,25.0
1,7,Bressia,core_daten,114.97,25.0
1,7,Bressia,relikte,152.99,25.0
1,7,Hebron,nahrung,22.56,10.600000000000005
1,7,Hebron,rohstoffe,28.45,26.0
1,7,Hebron,industrieteile,40.99,26.0
1,7,Hebron,energie,39.78,13.399999999999995
1,7,Hebron,luxus,73.23,35.646
1,7,Hebron,biotech,91.57,14.799999999999992
1,7,Hebron,core_daten,117.48,26.0
1,7,Hebron,relikte,145.83,26.0
1,7,Hyperion,nahrung,20.97,13.919999999999995
1,7,Hyperion,rohstoffe,29.52,34.03519999999999
1,7,Hyperion,industrieteile,42.84,24.0
1,7,Hyperion,energie,42.03,12.240000000000002
1,7,Hyperion,luxus,86.33,13.023999999999994
1,7,Hyperion,biotech,82.97,24.0
1,7,Hyperion,core_daten,119.72,24.0
1,7,Hyperion,relikte,131.63,29.017599999999995
1,8,Lusus,nahrung,26.39,10.7
1,8,Lusus,rohstoffe,29.26,26.0
1,8,Lusus,industrieteile,45.16,32.0
1,8,Lusus,energie,42.27,10.7
1,8,Lusus,luxus,74.11,58.591999999999985
1,8,Lusus,biotech,76.78,32.0
1,8,Lusus,core_daten,114.11,49.72800000000001
1,8,Lusus,relikte,153.35,32.0
1,8,Tau Ceti,nahrung,20.43,66.49600000000001
1,8,Tau Ceti,rohstoffe,28.27,30.0
1,8,Tau Ceti,industrieteile,45.39,10.3
1,8,Tau Ceti,energie,38.52,10.3
1,8,Tau Ceti,luxus,79.05,30.0
1,8,Tau Ceti,biotech,78.64,43.22399999999999
1,8,Tau Ceti,core_daten,109.23,30.0
1,8,Tau Ceti,relikte,144.21,30.0
1,8,Maui-Covenant,nahrung,19.65,25.020000000000017
1,8,Maui-Covenant,rohstoffe,30.1,22.5
1,8,Maui-Covenant,industrieteile,44.94,26.0
1,8,Maui-Covenant,energie,36.63,14.0
1,8,Maui-Covenant,luxus,81.21,18.0
1,8,Maui-Covenant,biotech,83.81,45.71199999999999
1,8,Maui-Covenant,core_daten,112.44,26.0
1,8,Maui-Covenant,relikte,151.22,26.0
1,8,Marsim,nahrung,23.68,10.5
1,8,Marsim,rohstoffe,35.94,10.5
1,8,Marsim,industrieteile,43.83,74.24000000000001
1,8,Marsim,energie,36.06,49.94400000000002
1,8,Marsim,luxus,80.22,31.0
1,8,Marsim,biotech,81.18,31.0
1,8,Marsim,core_daten,117.57,31.0
1,8,Marsim,relikte,137.07,31.0
1,8,Qom-Riyadh,nahrung,23.12,9.9
1,8,Qom-Riyadh,rohstoffe,27.86,10.0
1,8,Qom-Riyadh,industrieteile,40.25,25.299999999999994
1,8,Qom-Riyadh,energie,40.91,9.9
1,8,Qom-Riyadh,luxus,75.51,37.591999999999985
1,8,Qom-Riyadh,biotech,82.75,28.0
1,8,Qom-Riyadh,core_daten,109.54,66.368
1,8,Qom-Riyadh,relikte,148.04,28.0
1,8,Bressia,nahrung,25.04,2.2800000000000007
1,8,Bressia,rohstoffe,29.02,51.598399999999984
1,8,Bressia,industrieteile,42.02,11.319999999999993
1,8,Bressia,energie,37.31,35.5368
1,8,Bressia,luxus,78.71,25.0
1,8,Bressia,biotech,89.27,25.0
1,8,Bressia,core_daten,104.2,25.0
1,8,Bressia,relikte,137.71,25.0
1,8,Hebron,nahrung,21.81,8.400000000000006
1,8,Hebron,rohstoffe,29.63,26.0
1,8,Hebron,industrieteile,41.0,26.0
1,8,Hebron,energie,38.88,11.599999999999994
1,8,Hebron,luxus,82.58,37.024
1,8,Hebron,biotech,95.06,13.199999999999992
1,8,Hebron,core_daten,113.88,26.0
1,8,Hebron,relikte,140.21,26.0
1,8,Hyperion,nahrung,19.62,12.479999999999995
1,8,Hyperion,rohstoffe,28.27,35.46879999999999
1,8,Hyperion,industrieteile,41.07,24.0
1,8,Hyperion,energie,36.03,10.560000000000002
1,8,Hyperion,luxus,83.01,11.455999999999994
1,8,Hyperion,biotech,89.67,24.0
1,8,Hyperion,core_daten,123.65,24.0
1,8,Hyperion,relikte,141.89,29.734399999999994
1,9,Lusus,nahrung,26.82,10.7
1,9,Lusus,rohstoffe,26.93,26.0
1,9,Lusus,industrieteile,40.43,29.2
1,9,Lusus,energie,42.82,10.7
1,9,Lusus,luxus,75.86,61.91599999999998
1,9,Lusus,biotech,80.09,32.0
1,9,Lusus,core_daten,113.59,51.94400000000001
1,9,Lusus,relikte,147.27,32.0
1,9,Tau Ceti,nahrung,20.17,55.108000000000004
1,9,Tau Ceti,rohstoffe,27.04,30.0
1,9,Tau Ceti,industrieteile,47.4,10.3
1,9,Tau Ceti,energie,41.08,10.3
1,9,Tau Ceti,luxus,82.53,30.0
1,9,Tau Ceti,biotech,80.16,44.87699999999999
1,9,Tau Ceti,core_daten,107.72,30.0
1,9,Tau Ceti,relikte,153.36,30.0
1,9,Maui-Covenant,nahrung,21.31,23.560000000000016
1,9,Maui-Covenant,rohstoffe,28.18,22.5
1,9,Maui-Covenant,industrieteile,44.0,26.0
1,9,Maui-Covenant,energie,38.39,12.5
1,9,Maui-Covenant,luxus,79.83,17.0
1,9,Maui-Covenant,biotech,77.27,48.17599999999999
1,9,Maui-Covenant,core_daten,110.38,26.0
1,9,Maui-Covenant,relikte,142.2,26.0
1,9,Marsim,nahrung,22.2,10.5
1,9,Marsim,rohstoffe,36.72,10.5
1,9,Marsim,industrieteile,44.82,79.64500000000001
1,9,Marsim,energie,35.9,44.78700000000002
1,9,Marsim,luxus,73.79,31.0
1,9,Marsim,biotech,84.1,31.0
1,9,Marsim,core_daten,109.04,31.0
1,9,Marsim,relikte,136.85,31.0
1,9,Qom-Riyadh,nahrung,21.75,9.9
1,9,Qom-Riyadh,rohstoffe,30.23,10.0
1,9,Qom-Riyadh,industrieteile,40.45,25.299999999999994
1,9,Qom-Riyadh,energie,42.9,9.9
1,9,Qom-Riyadh,luxus,81.09,38.79099999999998
1,9,Qom-Riyadh,biotech,85.41,28.0
1,9,Qom-Riyadh,core_daten,108.77,71.16399999999999
1,9,Qom-Riyadh,relikte,136.89,28.0
1,9,Bressia,nahrung,32.96,9.3
1,9,Bressia,rohstoffe,29.08,54.92319999999998
1,9,Bressia,industrieteile,42.59,9.609999999999992
1,9,Bressia,energie,40.81,36.9914
1,9,Bressia,luxus,77.96,25.0
1,9,Bressia,biotech,78.94,25.0
1,9,Bressia,core_daten,118.8,25.0
1,9,Bressia,relikte,153.57,25.0
1,9,Hebron,nahrung,21.9,6.2000000000000055
1,9,Hebron,rohstoffe,25.91,20.0
1,9,Hebron,industrieteile,44.91,26.0
1,9,Hebron,energie,38.7,9.799999999999994
1,9,Hebron,luxus,84.19,38.402
1,9,Hebron,biotech,88.55,11.599999999999993
1,9,Hebron,core_daten,106.4,26.0
1,9,Hebron,relikte,133.75,26.0
1,9,Hyperion,nahrung,23.17,11.039999999999996
1,9,Hyperion,rohstoffe,27.92,36.902399999999986
1,9,Hyperion,industrieteile,43.74,24.0
1,9,Hyperion,energie,36.82,8.880000000000003
1,9,Hyperion,luxus,89.58,9.887999999999995
1,9,Hyperion,biotech,81.67,24.0
1,9,Hyperion,core_daten,121.87,24.0
1,9,Hyperion,relikte,146.36,30.451199999999993
1,10,Lusus,nahrung,24.71,10.7
1,10,Lusus,rohstoffe,27.59,20.0
1,10,Lusus,industrieteile,44.01,29.2
1,10,Lusus,energie,42.32,10.7
1,10,Lusus,luxus,77.28,63.754399999999976
1,10,Lusus,biotech,78.83,32.0
1,10,Lusus,core_daten,111.84,54.16000000000001
1,10,Lusus,relikte,147.96,32.0
1,10,Tau Ceti,nahrung,19.75,49.720000000000006
1,10,Tau Ceti,rohstoffe,28.97,30.0
1,10,Tau Ceti,industrieteile,45.61,10.3
1,10,Tau Ceti,energie,41.1,10.3
1,10,Tau Ceti,luxus,81.88,30.0
1,10,Tau Ceti,biotech,81.76,46.52999999999999
1,10,Tau Ceti,core_daten,111.95,30.0
1,10,Tau Ceti,relikte,141.91,30.0
1,10,Maui-Covenant,nahrung,21.53,25.40000000000002
1,10,Maui-Covenant,rohstoffe,28.26,22.5
1,10,Maui-Covenant,industrieteile,43.02,26.0
1,10,Maui-Covenant,energie,37.73,9.5
1,10,Maui-Covenant,luxus,78.02,15.55
1,10,Maui-Covenant,biotech,81.76,50.639999999999986
1,10,Maui-Covenant,core_daten,110.21,26.0
1,10,Maui-Covenant,relikte,143.01,26.0
1,10,Marsim,nahrung,23.57,10.5
1,10,Marsim,rohstoffe,35.79,10.5
1,10,Marsim,industrieteile,39.81,82.25000000000001
1,10,Marsim,energie,39.15,43.53000000000002
1,10,Marsim,luxus,77.52,31.0
1,10,Marsim,biotech,84.16,31.0
1,10,Marsim,core_daten,108.41,31.0
1,10,Marsim,relikte,140.66,31.0
1,10,Qom-Riyadh,nahrung,22.77,9.9
1,10,Qom-Riyadh,rohstoffe,28.86,10.0
1,10,Qom-Riyadh,industrieteile,43.18,25.299999999999994
1,10,Qom-Riyadh,energie,39.96,7.5
1,10,Qom-Riyadh,luxus,80.37,39.98999999999998
1,10,Qom-Riyadh,biotech,82.01,28.0
1,10,Qom-Riyadh,core_daten,116.04,75.95999999999998
1,10,Qom-Riyadh,relikte,151.7,28.0
1,10,Bressia,nahrung,20.39,6.960000000000001
1,10,Bressia,rohstoffe,30.5,58.23348479999998
1,10,Bressia,industrieteile,45.3,7.899999999999992
1,10,Bressia,energie,38.46,38.439649599999996
1,10,Bressia,luxus,77.89,25.0
1,10,Bressia,biotech,78.89,25.0
1,10,Bressia,core_daten,119.69,25.0
1,10,Bressia,relikte,158.68,25.0
1,10,Hebron,nahrung,21.23,4.000000000000005
1,10,Hebron,rohstoffe,28.15,20.0
1,10,Hebron,industrieteile,44.92,26.0
1,10,Hebron,energie,42.24,7.999999999999994
1,10,Hebron,luxus,85.56,39.78
1,10,Hebron,biotech,88.5,9.999999999999993
1,10,Hebron,core_daten,103.57,26.0
1,10,Hebron,relikte,157.48,26.0
1,10,Hyperion,nahrung,23.25,9.599999999999996
1,10,Hyperion,rohstoffe,28.56,38.335999999999984
1,10,Hyperion,industrieteile,42.54,24.0
1,10,Hyperion,energie,39.65,7.200000000000003
1,10,Hyperion,luxus,89.83,9.1
1,10,Hyperion,biotech,77.55,24.0
1,10,Hyperion,core_daten,105.39,24.0
1,10,Hyperion,relikte,158.03,31.167999999999992
1,11,Lusus,nahrung,26.07,10.7
1,11,Lusus,rohstoffe,29.83,20.0
1,11,Lusus,industrieteile,44.86,29.2
1,11,Lusus,energie,39.3,10.7
1,11,Lusus,luxus,80.98,67.07839999999997
1,11,Lusus,biotech,76.35,32.0
1,11,Lusus,core_daten,106.68,56.37600000000001
1,11,Lusus,relikte,146.11,32.0
1,11,Tau Ceti,nahrung,19.54,44.33200000000001
1,11,Tau Ceti,rohstoffe,29.23,30.0
1,11,Tau Ceti,industrieteile,51.09,10.3
1,11,Tau Ceti,energie,41.76,10.3
1,11,Tau Ceti,luxus,79.02,30.0
1,11,Tau Ceti,biotech,80.57,48.182999999999986
1,11,Tau Ceti,core_daten,116.44,30.0
1,11,Tau Ceti,relikte,137.58,30.0
1,11,Maui-Covenant,nahrung,20.29,21.240000000000023
1,11,Maui-Covenant,rohstoffe,30.14,22.5
1,11,Maui-Covenant,industrieteile,41.07,20.08999999999999
1,11,Maui-Covenant,energie,38.41,9.5
1,11,Maui-Covenant,luxus,84.81,14.100000000000001
1,11,Maui-Covenant,biotech,75.97,52.00399999999998
1,11,Maui-Covenant,core_daten,113.36,26.0
1,11,Maui-Covenant,relikte,154.71,26.0
1,11,Marsim,nahrung,22.03,10.5
1,11,Marsim,rohstoffe,36.33,10.5
1,11,Marsim,industrieteile,44.26,87.65500000000002
1,11,Marsim,energie,36.15,34.47300000000003
1,11,Marsim,luxus,78.97,31.0
1,11,Marsim,biotech,82.08,31.0
1,11,Marsim,core_daten,105.81,31.0
1,11,Marsim,relikte,143.28,31.0
1,11,Qom-Riyadh,nahrung,22.48,9.9
1,11,Qom-Riyadh,rohstoffe,27.22,10.0
1,11,Qom-Riyadh,industrieteile,41.1,25.299999999999994
1,11,Qom-Riyadh,energie,44.13,9.9
1,11,Qom-Riyadh,luxus,79.96,41.18899999999998
1,11,Qom-Riyadh,biotech,77.32,28.0
1,11,Qom-Riyadh,core_daten,107.95,80.75599999999997
1,11,Qom-Riyadh,relikte,143.82,28.0
1,11,Bressia,nahrung,22.15,4.620000000000001
1,11,Bressia,rohstoffe,28.3,61.543769599999976
1,11,Bressia,industrieteile,49.07,9.3
1,11,Bressia,energie,38.98,39.88789919999999
1,11,Bressia,luxus,76.84,22.726399999999998
1,11,Bressia,biotech,80.21,25.0
1,11,Bressia,core_daten,102.19,25.0
1,11,Bressia,relikte,139.79,25.0
1,11,Hebron,nahrung,26.19,7.800000000000005
1,11,Hebron,rohstoffe,26.19,14.0
1,11,Hebron,industrieteile,42.72,26.0
1,11,Hebron,energie,38.25,6.199999999999994
1,11,Hebron,luxus,82.48,41.158
1,11,Hebron,biotech,84.77,9.5
1,11,Hebron,core_daten,112.06,26.0
1,11,Hebron,relikte,138.9,26.0
1,11,Hyperion,nahrung,23.22,8.159999999999997
1,11,Hyperion,rohstoffe,26.27,39.76959999999998
1,11,Hyperion,industrieteile,43.81,24.0
1,11,Hyperion,energie,41.64,5.520000000000003
1,11,Hyperion,luxus,92.49,9.1
1,11,Hyperion,biotech,81.66,24.0
1,11,Hyperion,core_daten,121.83,24.0
1,11,Hyperion,relikte,132.5,31.88479999999999
1,12,Lusus,nahrung,26.79,10.7
1,12,Lusus,rohstoffe,26.93,14.0
1,12,Lusus,industrieteile,40.1,26.4
1,12,Lusus,energie,42.02,10.7
1,12,Lusus,luxus,77.34,70.40239999999997
1,12,Lusus,biotech,83.75,32.0
1,12,Lusus,core_daten,107.5,58.59200000000001
1,12,Lusus,relikte,143.89,32.0
1,12,Tau Ceti,nahrung,21.34,50.54400000000001
1,12,Tau Ceti,rohstoffe,27.77,30.0
1,12,Tau Ceti,industrieteile,45.84,10.3
1,12,Tau Ceti,energie,38.88,10.3
1,12,Tau Ceti,luxus,75.37,27.726399999999998
1,12,Tau Ceti,biotech,77.98,48.23599999999998
1,12,Tau Ceti,core_daten,114.83,30.0
1,12,Tau Ceti,relikte,145.47,30.0
1,12,Maui-Covenant,nahrung,20.76,15.080000000000025
1,12,Maui-Covenant,rohstoffe,27.84,22.5
1,12,Maui-Covenant,industrieteile,44.13,20.08999999999999
1,12,Maui-Covenant,energie,41.34,9.5
1,12,Maui-Covenant,luxus,87.29,12.650000000000002
1,12,Maui-Covenant,biotech,80.54,54.467999999999975
1,12,Maui-Covenant,core_daten,107.17,26.0
1,12,Maui-Covenant,relikte,137.61,26.0
1,12,Marsim,nahrung,21.46,6.9
1,12,Marsim,rohstoffe,36.82,10.5
1,12,Marsim,industrieteile,44.5,93.06000000000002
1,12,Marsim,energie,37.71,27.816000000000027
1,12,Marsim,luxus,81.31,31.0
1,12,Marsim,biotech,80.34,31.0
1,12,Marsim,core_daten,116.47,31.0
1,12,Marsim,relikte,141.37,31.0
1,12,Qom-Riyadh,nahrung,22.92,9.9
1,12,Qom-Riyadh,rohstoffe,27.34,10.0
1,12,Qom-Riyadh,industrieteile,43.89,25.299999999999994
1,12,Qom-Riyadh,energie,39.1,9.9
1,12,Qom-Riyadh,luxus,78.87,42.38799999999998
1,12,Qom-Riyadh,biotech,81.14,28.0
1,12,Qom-Riyadh,core_daten,109.29,85.55199999999996
1,12,Qom-Riyadh,relikte,149.63,28.0
1,12,Bressia,nahrung,24.02,2.2800000000000007
1,12,Bressia,rohstoffe,29.05,64.85405439999998
1,12,Bressia,industrieteile,44.23,7.590000000000001
1,12,Bressia,energie,38.3,41.33614879999999
1,12,Bressia,luxus,77.59,22.726399999999998
1,12,Bressia,biotech,79.89,25.0
1,12,Bressia,core_daten,112.1,25.0
1,12,Bressia,relikte,154.08,25.0
1,12,Hebron,nahrung,20.46,5.600000000000005
1,12,Hebron,rohstoffe,27.01,14.0
1,12,Hebron,industrieteile,39.17,26.0
1,12,Hebron,energie,42.57,4.399999999999994
1,12,Hebron,luxus,76.39,42.536
1,12,Hebron,biotech,87.72,9.5
1,12,Hebron,core_daten,122.65,26.0
1,12,Hebron,relikte,132.72,26.0
1,12,Hyperion,nahrung,22.8,6.719999999999996
1,12,Hyperion,rohstoffe,29.42,41.20319999999998
1,12,Hyperion,industrieteile,46.28,24.0
1,12,Hyperion,energie,40.39,3.840000000000003
1,12,Hyperion,luxus,89.61,9.1
1,12,Hyperion,biotech,83.4,24.0
1,12,Hyperion,core_daten,119.56,24.0
1,12,Hyperion,relikte,157.19,32.60159999999999
1,13,Lusus,nahrung,24.14,10.7
1,13,Lusus,rohstoffe,29.49,14.0
1,13,Lusus,industrieteile,42.56,26.4
1,13,Lusus,energie,42.97,10.7
1,13,Lusus,luxus,81.06,73.72639999999997
1,13,Lusus,biotech,85.88,32.0
1,13,Lusus,core_daten,116.52,60.808000000000014
1,13,Lusus,relikte,138.02,32.0
1,13,Tau Ceti,nahrung,20.76,36.756000000000014
1,13,Tau Ceti,rohstoffe,26.66,24.0
1,13,Tau Ceti,industrieteile,50.89,10.3
1,13,Tau Ceti,energie,40.06,10.3
1,13,Tau Ceti,luxus,80.75,27.726399999999998
1,13,Tau Ceti,biotech,77.57,49.88899999999998
1,13,Tau Ceti,core_daten,108.83,30.0
1,13,Tau Ceti,relikte,151.72,30.0
1,13,Maui-Covenant,nahrung,20.79,12.420000000000025
1,13,Maui-Covenant,rohstoffe,29.56,22.5
1,13,Maui-Covenant,industrieteile,43.42,20.08999999999999
1,13,Maui-Covenant,energie,39.68,9.5
1,13,Maui-Covenant,luxus,81.4,11.650000000000002
1,13,Maui-Covenant,biotech,77.58,56.931999999999974
1,13,Maui-Covenant,core_daten,111.49,26.0
1,13,Maui-Covenant,relikte,148.25,26.0
1,13,Marsim,nahrung,24.26,10.5
1,13,Marsim,rohstoffe,37.42,10.5
1,13,Marsim,industrieteile,40.56,98.46500000000002
1,13,Marsim,energie,37.12,15.159000000000026
1,13,Marsim,luxus,74.73,31.0
1,13,Marsim,biotech,77.12,29.4
1,13,Marsim,core_daten,114.39,31.0
1,13,Marsim,relikte,139.51,31.0
1,13,Qom-Riyadh,nahrung,21.83,9.9
1,13,Qom-Riyadh,rohstoffe,30.67,10.0
1,13,Qom-Riyadh,industrieteile,45.36,25.299999999999994
1,13,Qom-Riyadh,energie,38.98,9.9
1,13,Qom-Riyadh,luxus,74.75,43.586999999999975
1,13,Qom-Riyadh,biotech,81.3,28.0
1,13,Qom-Riyadh,core_daten,117.4,90.34799999999996
1,13,Qom-Riyadh,relikte,140.3,28.0
1,13,Bressia,nahrung,32.21,9.3
1,13,Bressia,rohstoffe,29.82,68.16433919999999
1,13,Bressia,industrieteile,49.89,9.3
1,13,Bressia,energie,39.4,42.784398399999986
1,13,Bressia,luxus,75.91,22.726399999999998
1,13,Bressia,biotech,78.37,25.0
1,13,Bressia,core_daten,107.84,25.0
1,13,Bressia,relikte,138.72,25.0
1,13,Hebron,nahrung,22.09,3.400000000000005
1,13,Hebron,rohstoffe,28.36,14.0
1,13,Hebron,industrieteile,40.18,19.78
1,13,Hebron,energie,41.75,2.5999999999999943
1,13,Hebron,luxus,75.14,43.914
1,13,Hebron,biotech,97.68,9.5
1,13,Hebron,core_daten,106.07,26.0
1,13,Hebron,relikte,133.31,26.0
1,13,Hyperion,nahrung,20.97,5.279999999999996
1,13,Hyperion,rohstoffe,27.0,42.63679999999998
1,13,Hyperion,industrieteile,43.01,24.0
1,13,Hyperion,energie,45.88,8.160000000000004
1,13,Hyperion,luxus,78.73,7.532
1,13,Hyperion,biotech,81.33,24.0
1,13,Hyperion,core_daten,102.9,24.0
1,13,Hyperion,relikte,130.95,33.31839999999999
1,14,Lusus,nahrung,24.54,10.7
1,14,Lusus,rohstoffe,28.5,14.0
1,14,Lusus,industrieteile,42.06,26.4
1,14,Lusus,energie,43.51,9.402000000000026
1,14,Lusus,luxus,75.48,77.05039999999997
1,14,Lusus,biotech,76.87,32.0
1,14,Lusus,core_daten,113.42,63.024000000000015
1,14,Lusus,relikte,150.91,32.0
1,14,Tau Ceti,nahrung,19.97,27.768000000000015
1,14,Tau Ceti,rohstoffe,26.96,18.0
1,14,Tau Ceti,industrieteile,48.31,10.3
1,14,Tau Ceti,energie,39.4,7.500000000000001
1,14,Tau Ceti,luxus,79.85,27.726399999999998
1,14,Tau Ceti,biotech,84.03,51.54199999999998
1,14,Tau Ceti,core_daten,115.01,30.0
1,14,Tau Ceti,relikte,135.85,30.0
1,14,Maui-Covenant,nahrung,21.29,14.260000000000025
1,14,Maui-Covenant,rohstoffe,29.29,22.5
1,14,Maui-Covenant,industrieteile,42.07,20.08999999999999
1,14,Maui-Covenant,energie,37.27,8.0
1,14,Maui-Covenant,luxus,81.25,10.650000000000002
1,14,Maui-Covenant,biotech,76.35,57.79599999999997
1,14,Maui-Covenant,core_daten,120.04,26.0
1,14,Maui-Covenant,relikte,136.87,26.0
1,14,Marsim,nahrung,23.35,10.5
1,14,Marsim,rohstoffe,39.18,10.5
1,14,Marsim,industrieteile,44.1,103.87000000000002
1,14,Marsim,energie,39.18,10.5
1,14,Marsim,luxus,77.79,31.0
1,14,Marsim,biotech,80.31,29.4
1,14,Marsim,core_daten,114.34,31.0
1,14,Marsim,relikte,137.09,31.0
1,14,Qom-Riyadh,nahrung,20.73,7.5
1,14,Qom-Riyadh,rohstoffe,28.85,10.0
1,14,Qom-Riyadh,industrieteile,42.68,25.299999999999994
1,14,Qom-Riyadh,energie,40.21,7.5
1,14,Qom-Riyadh,luxus,81.39,44.78599999999997
1,14,Qom-Riyadh,biotech,83.42,28.0
1,14,Qom-Riyadh,core_daten,106.83,95.14399999999995
1,14,Qom-Riyadh,relikte,145.86,28.0
1,14,Bressia,nahrung,22.77,6.960000000000001
1,14,Bressia,rohstoffe,27.77,71.46010879999999
1,14,Bressia,industrieteile,44.43,7.590000000000001
1,14,Bressia,energie,40.89,41.52629759999998
1,14,Bressia,luxus,81.58,22.726399999999998
1,14,Bressia,biotech,80.55,25.0
1,14,Bressia,core_daten,103.15,25.0
1,14,Bressia,relikte,152.46,25.0
1,14,Hebron,nahrung,27.5,7.200000000000005
1,14,Hebron,rohstoffe,28.22,14.0
1,14,Hebron,industrieteile,38.94,16.98
1,14,Hebron,energie,53.37,9.5
1,14,Hebron,luxus,82.96,45.292
1,14,Hebron,biotech,93.11,9.5
1,14,Hebron,core_daten,110.45,26.0
1,14,Hebron,relikte,142.81,26.0
1,14,Hyperion,nahrung,24.31,3.8399999999999954
1,14,Hyperion,rohstoffe,28.02,44.07039999999998
1,14,Hyperion,industrieteile,39.98,24.0
1,14,Hyperion,energie,37.33,6.480000000000004
1,14,Hyperion,luxus,80.13,5.964
1,14,Hyperion,biotech,83.12,24.0
1,14,Hyperion,core_daten,110.0,24.0
1,14,Hyperion,relikte,152.25,34.03519999999999
1,15,Lusus,nahrung,24.25,4.299999999999999
1,15,Lusus,rohstoffe,29.82,14.0
1,15,Lusus,industrieteile,42.19,26.4
1,15,Lusus,energie,42.68,6.202000000000026
1,15,Lusus,luxus,82.4,80.37439999999997
1,15,Lusus,biotech,84.04,32.0
1,15,Lusus,core_daten,107.26,65.24000000000001
1,15,Lusus,relikte,142.01,32.0
1,15,Tau Ceti,nahrung,19.9,34.38000000000002
1,15,Tau Ceti,rohstoffe,27.39,18.0
1,15,Tau Ceti,industrieteile,45.56,7.500000000000001
1,15,Tau Ceti,energie,42.37,4.700000000000001
1,15,Tau Ceti,luxus,81.37,27.726399999999998
1,15,Tau Ceti,biotech,84.19,53.19499999999998
1,15,Tau Ceti,core_daten,117.03,30.0
1,15,Tau Ceti,relikte,141.33,30.0
1,15,Maui-Covenant,nahrung,21.8,16.500000000000025
1,15,Maui-Covenant,rohstoffe,26.86,22.5
1,15,Maui-Covenant,industrieteile,45.16,20.08999999999999
1,15,Maui-Covenant,energie,39.15,6.5
1,15,Maui-Covenant,luxus,84.59,9.650000000000002
1,15,Maui-Covenant,biotech,82.49,60.25999999999997
1,15,Maui-Covenant,core_daten,106.84,26.0
1,15,Maui-Covenant,relikte,149.42,26.0
1,15,Marsim,nahrung,23.22,6.9
1,15,Marsim,rohstoffe,39.07,10.5
1,15,Marsim,industrieteile,43.15,109.27500000000002
1,15,Marsim,energie,39.51,13.743
1,15,Marsim,luxus,79.92,31.0
1,15,Marsim,biotech,82.85,29.4
1,15,Marsim,core_daten,108.21,31.0
1,15,Marsim,relikte,144.42,31.0
1,15,Qom-Riyadh,nahrung,22.78,5.1
1,15,Qom-Riyadh,rohstoffe,27.17,10.0
1,15,Qom-Riyadh,industrieteile,45.17,25.299999999999994
1,15,Qom-Riyadh,energie,40.21,5.1
1,15,Qom-Riyadh,luxus,76.99,45.98499999999997
1,15,Qom-Riyadh,biotech,78.04,26.4
1,15,Qom-Riyadh,core_daten,118.49,99.93999999999994
1,15,Qom-Riyadh,relikte,151.09,28.0
1,15,Bressia,nahrung,21.37,4.620000000000001
1,15,Bressia,rohstoffe,30.4,74.75587839999999
1,15,Bressia,industrieteile,50.65,5.880000000000001
1,15,Bressia,energie,38.63,42.96819679999998
1,15,Bressia,luxus,81.58,22.726399999999998
1,15,Bressia,biotech,79.08,25.0
1,15,Bressia,core_daten,110.49,25.0
1,15,Bressia,relikte,144.36,25.0
1,15,Hebron,nahrung,24.01,5.000000000000004
1,15,Hebron,rohstoffe,30.23,14.0
1,15,Hebron,industrieteile,44.24,16.98
1,15,Hebron,energie,38.53,7.7
1,15,Hebron,luxus,74.62,41.966
1,15,Hebron,biotech,88.67,9.5
1,15,Hebron,core_daten,109.95,26.0
1,15,Hebron,relikte,145.57,26.0
1,15,Hyperion,nahrung,21.7,2.399999999999995
1,15,Hyperion,rohstoffe,25.67,39.50399999999998
1,15,Hyperion,industrieteile,46.79,24.0
1,15,Hyperion,energie,40.95,4.800000000000004
1,15,Hyperion,luxus,88.73,9.1
1,15,Hyperion,biotech,83.76,24.0
1,15,Hyperion,core_daten,119.85,24.0
1,15,Hyperion,relikte,153.95,34.75199999999999
1,16,Lusus,nahrung,45.07,10.7
1,16,Lusus,rohstoffe,27.1,14.0
1,16,Lusus,industrieteile,41.98,26.4
1,16,Lusus,energie,45.55,5.8880000000000265
1,16,Lusus,luxus,81.14,83.69839999999996
1,16,Lusus,biotech,81.6,32.0
1,16,Lusus,core_daten,114.19,67.456
1,16,Lusus,relikte,136.31,32.0
1,16,Tau Ceti,nahrung,19.81,34.99200000000002
1,16,Tau Ceti,rohstoffe,30.14,18.0
1,16,Tau Ceti,industrieteile,49.94,10.3
1,16,Tau Ceti,energie,50.0,10.3
1,16,Tau Ceti,luxus,74.58,27.726399999999998
1,16,Tau Ceti,biotech,83.75,54.84799999999998
1,16,Tau Ceti,core_daten,118.33,30.0
1,16,Tau Ceti,relikte,147.85,30.0
1,16,Maui-Covenant,nahrung,21.64,14.040000000000024
1,16,Maui-Covenant,rohstoffe,26.79,16.5
1,16,Maui-Covenant,industrieteile,40.52,14.48999999999999
1,16,Maui-Covenant,energie,41.43,5.0
1,16,Maui-Covenant,luxus,86.1,9.5
1,16,Maui-Covenant,biotech,77.0,62.72399999999997
1,16,Maui-Covenant,core_daten,107.5,26.0
1,16,Maui-Covenant,relikte,152.65,26.0
1,16,Marsim,nahrung,23.66,3.3000000000000007
1,16,Marsim,rohstoffe,38.69,10.5
1,16,Marsim,industrieteile,43.98,114.68000000000002
1,16,Marsim,energie,38.58,10.5
1,16,Marsim,luxus,80.93,31.0
1,16,Marsim,biotech,78.73,29.4
1,16,Marsim,core_daten,117.39,31.0
1,16,Marsim,relikte,146.97,31.0
1,16,Qom-Riyadh,nahrung,23.05,2.6999999999999997
1,16,Qom-Riyadh,rohstoffe,28.21,10.0
1,16,Qom-Riyadh,industrieteile,43.39,25.299999999999994
1,16,Qom-Riyadh,energie,47.56,9.9
1,16,Qom-Riyadh,luxus,77.95,47.18399999999997
1,16,Qom-Riyadh,biotech,79.2,26.4
1,16,Qom-Riyadh,core_daten,118.38,104.73599999999993
1,16,Qom-Riyadh,relikte,144.85,28.0
1,16,Bressia,nahrung,24.57,2.2800000000000007
1,16,Bressia,rohstoffe,28.94,78.05164799999999
1,16,Bressia,industrieteile,46.78,4.170000000000001
1,16,Bressia,energie,36.47,32.41009599999998
1,16,Bressia,luxus,74.47,21.8764
1,16,Bressia,biotech,80.32,25.0
1,16,Bressia,core_daten,115.83,25.0
1,16,Bressia,relikte,139.4,25.0
1,16,Hebron,nahrung,22.77,2.8000000000000043
1,16,Hebron,rohstoffe,28.02,14.0
1,16,Hebron,industrieteile,45.42,16.98
1,16,Hebron,energie,38.89,5.9
1,16,Hebron,luxus,82.48,43.344
1,16,Hebron,biotech,82.74,7.9
1,16,Hebron,core_daten,120.58,26.0
1,16,Hebron,relikte,158.48,26.0
1,16,Hyperion,nahrung,24.68,0.9599999999999949
1,16,Hyperion,rohstoffe,28.51,40.937599999999975
1,16,Hyperion,industrieteile,44.35,24.0
1,16,Hyperion,energie,46.13,3.120000000000004
1,16,Hyperion,luxus,81.21,7.532
1,16,Hyperion,biotech,82.46,24.0
1,16,Hyperion,core_daten,120.67,24.0
1,16,Hyperion,relikte,151.16,35.46879999999999
1,17,Lusus,nahrung,24.99,10.299999999999999
1,17,Lusus,rohstoffe,27.39,14.0
1,17,Lusus,industrieteile,41.82,25.56
1,17,Lusus,energie,44.61,10.7
1,17,Lusus,luxus,75.4,87.00511999999996
1,17,Lusus,biotech,82.76,32.0
1,17,Lusus,core_daten,118.48,69.66048
1,17,Lusus,relikte,141.05,32.0
1,17,Tau Ceti,nahrung,20.83,13.10400000000002
1,17,Tau Ceti,rohstoffe,27.9,18.0
1,17,Tau Ceti,industrieteile,51.11,10.3
1,17,Tau Ceti,energie,43.04,10.3
1,17,Tau Ceti,luxus,83.13,27.726399999999998
1,17,Tau Ceti,biotech,85.22,56.500999999999976
1,17,Tau Ceti,core_daten,115.99,30.0
1,17,Tau Ceti,relikte,149.6,30.0
1,17,Maui-Covenant,nahrung,20.16,9.5
1,17,Maui-Covenant,rohstoffe,27.86,16.5
1,17,Maui-Covenant,industrieteile,43.82,14.48999999999999
1,17,Maui-Covenant,energie,41.6,4.731000000000028
1,17,Maui-Covenant,luxus,82.97,9.5
1,17,Maui-Covenant,biotech,76.34,65.18799999999997
1,17,Maui-Covenant,core_daten,112.65,26.0
1,17,Maui-Covenant,relikte,147.56,26.0
1,17,Marsim,nahrung,34.11,10.5
1,17,Marsim,rohstoffe,35.08,10.5
1,17,Marsim,industrieteile,42.74,120.08500000000002
1,17,Marsim,energie,36.84,10.5
1,17,Marsim,luxus,78.94,31.0
1,17,Marsim,biotech,82.01,29.4
1,17,Marsim,core_daten,111.34,31.0
1,17,Marsim,relikte,141.23,31.0
1,17,Qom-Riyadh,nahrung,28.14,6.3
1,17,Qom-Riyadh,rohstoffe,28.37,10.0
1,17,Qom-Riyadh,industrieteile,44.57,25.299999999999994
1,17,Qom-Riyadh,energie,38.91,7.5
1,17,Qom-Riyadh,luxus,73.5,43.091399999999965
1,17,Qom-Riyadh,biotech,84.93,26.4
1,17,Qom-Riyadh,core_daten,114.69,109.53199999999993
1,17,Qom-Riyadh,relikte,144.31,28.0
1,17,Bressia,nahrung,29.29,6.0
1,17,Bressia,rohstoffe,26.38,81.34741759999999
1,17,Bressia,industrieteile,54.39,9.3
1,17,Bressia,energie,35.79,13.651995199999984
1,17,Bressia,luxus,83.81,21.8764
1,17,Bressia,biotech,89.18,25.0
1,17,Bressia,core_daten,103.26,25.0
1,17,Bressia,relikte,154.57,25.0
1,17,Hebron,nahrung,29.52,7.3800000000000265
1,17,Hebron,rohstoffe,29.22,14.0
1,17,Hebron,industrieteile,43.65,16.98
1,17,Hebron,energie,42.81,9.5
1,17,Hebron,luxus,78.69,44.722
1,17,Hebron,biotech,92.68,9.5
1,17,Hebron,core_daten,105.56,26.0
1,17,Hebron,relikte,131.51,26.0
1,17,Hyperion,nahrung,26.5,0.0
1,17,Hyperion,rohstoffe,25.8,36.37119999999997
1,17,Hyperion,industrieteile,40.21,15.2
1,17,Hyperion,energie,43.72,7.440000000000004
1,17,Hyperion,luxus,94.96,9.1
1,17,Hyperion,biotech,75.68,20.8
1,17,Hyperion,core_daten,115.38,24.0
1,17,Hyperion,relikte,148.86,36.18559999999999
1,18,Lusus,nahrung,25.86,7.316000000000017
1,18,Lusus,rohstoffe,29.22,14.0
1,18,Lusus,industrieteile,43.57,25.56
1,18,Lusus,energie,41.06,7.92896
1,18,Lusus,luxus,79.22,90.31183999999996
1,18,Lusus,biotech,81.65,32.0
1,18,Lusus,core_daten,105.66,71.86496000000001
1,18,Lusus,relikte,147.16,32.0
1,18,Tau Ceti,nahrung,22.19,10.3
1,18,Tau Ceti,rohstoffe,29.42,18.0
1,18,Tau Ceti,industrieteile,48.09,10.3
1,18,Tau Ceti,energie,41.3,10.3
1,18,Tau Ceti,luxus,77.55,27.726399999999998
1,18,Tau Ceti,biotech,80.44,58.153999999999975
1,18,Tau Ceti,core_daten,118.58,30.0
1,18,Tau Ceti,relikte,137.23,30.0
1,18,Maui-Covenant,nahrung,21.39,9.5
1,18,Maui-Covenant,rohstoffe,27.44,16.5
1,18,Maui-Covenant,industrieteile,45.87,14.48999999999999
1,18,Maui-Covenant,energie,41.06,3.2310000000000283
1,18,Maui-Covenant,luxus,86.53,9.5
1,18,Maui-Covenant,biotech,77.11,66.05199999999998
1,18,Maui-Covenant,core_daten,118.47,26.0
1,18,Maui-Covenant,relikte,153.38,26.0
1,18,Marsim,nahrung,23.96,6.9
1,18,Marsim,rohstoffe,36.08,10.5
1,18,Marsim,industrieteile,39.94,120.95660000000004
1,18,Marsim,energie,38.44,10.5
1,18,Marsim,luxus,80.51,31.0
1,18,Marsim,biotech,83.59,29.4
1,18,Marsim,core_daten,118.61,31.0
1,18,Marsim,relikte,153.67,31.0
1,18,Qom-Riyadh,nahrung,22.45,3.9
1,18,Qom-Riyadh,rohstoffe,30.45,10.0
1,18,Qom-Riyadh,industrieteile,44.93,25.299999999999994
1,18,Qom-Riyadh,energie,39.83,5.1
1,18,Qom-Riyadh,luxus,78.5,44.29039999999996
1,18,Qom-Riyadh,biotech,78.32,26.4
1,18,Qom-Riyadh,core_daten,117.5,114.32799999999992
1,18,Qom-Riyadh,relikte,151.58,28.0
1,18,Bressia,nahrung,21.81,3.6599999999999997
1,18,Bressia,rohstoffe,26.45,78.62867199999998
1,18,Bressia,industrieteile,50.18,9.3
1,18,Bressia,energie,35.51,11.747543999999987
1,18,Bressia,luxus,77.39,16.47718
1,18,Bressia,biotech,83.43,25.0
1,18,Bressia,core_daten,110.26,25.0
1,18,Bressia,relikte,155.44,25.0
1,18,Hebron,nahrung,24.27,5.180000000000026
1,18,Hebron,rohstoffe,31.35,14.0
1,18,Hebron,industrieteile,45.83,16.98
1,18,Hebron,energie,40.28,7.7
1,18,Hebron,luxus,77.98,46.1
1,18,Hebron,biotech,91.13,9.5
1,18,Hebron,core_daten,102.13,26.0
1,18,Hebron,relikte,132.24,26.0
1,18,Hyperion,nahrung,31.47,8.24
1,18,Hyperion,rohstoffe,26.95,37.798096799999975
1,18,Hyperion,industrieteile,46.27,15.2
1,18,Hyperion,energie,42.91,9.1
1,18,Hyperion,luxus,85.37,9.1
1,18,Hyperion,biotech,83.44,20.8
1,18,Hyperion,core_daten,114.35,24.0
1,18,Hyperion,relikte,135.35,36.899048399999984
1,19,Lusus,nahrung,34.26,9.156000000000017
1,19,Lusus,rohstoffe,27.45,14.0
1,19,Lusus,industrieteile,45.38,25.56
1,19,Lusus,energie,44.71,4.72896
1,19,Lusus,luxus,73.39,88.21933999999996
1,19,Lusus,biotech,77.78,32.0
1,19,Lusus,core_daten,113.95,74.06944000000001
1,19,Lusus,relikte,136.35,32.0
1,19,Tau Ceti,nahrung,19.74,10.911999999999999
1,19,Tau Ceti,rohstoffe,26.94,16.5
1,19,Tau Ceti,industrieteile,50.43,10.3
1,19,Tau Ceti,energie,42.47,7.500000000000001
1,19,Tau Ceti,luxus,75.78,27.726399999999998
1,19,Tau Ceti,biotech,85.8,59.806999999999974
1,19,Tau Ceti,core_daten,113.12,30.0
1,19,Tau Ceti,relikte,148.06,30.0
1,19,Maui-Covenant,nahrung,21.99,9.5
1,19,Maui-Covenant,rohstoffe,29.56,16.5
1,19,Maui-Covenant,industrieteile,44.29,14.48999999999999
1,19,Maui-Covenant,energie,44.51,1.7310000000000283
1,19,Maui-Covenant,luxus,82.21,9.5
1,19,Maui-Covenant,biotech,77.93,68.51599999999998
1,19,Maui-Covenant,core_daten,106.09,26.0
1,19,Maui-Covenant,relikte,153.83,26.0
1,19,Marsim,nahrung,25.59,3.3000000000000007
1,19,Marsim,rohstoffe,38.41,10.5
1,19,Marsim,industrieteile,40.13,123.53820000000005
1,19,Marsim,energie,39.0,13.72896
1,19,Marsim,luxus,80.04,31.0
1,19,Marsim,biotech,81.41,29.4
1,19,Marsim,core_daten,107.3,31.0
1,19,Marsim,relikte,150.33,31.0
1,19,Qom-Riyadh,nahrung,25.77,1.5
1,19,Qom-Riyadh,rohstoffe,28.11,10.0
1,19,Qom-Riyadh,industrieteile,41.88,25.299999999999994
1,19,Qom-Riyadh,energie,43.83,2.6999999999999997
1,19,Qom-Riyadh,luxus,76.91,45.48939999999996
1,19,Qom-Riyadh,biotech,86.28,26.4
1,19,Qom-Riyadh,core_daten,105.24,119.12399999999991
1,19,Qom-Riyadh,relikte,150.05,28.0
1,19,Bressia,nahrung,27.58,1.3199999999999994
1,19,Bressia,rohstoffe,29.77,81.90992639999997
1,19,Bressia,industrieteile,47.38,7.590000000000001
1,19,Bressia,energie,37.64,13.183092799999987
1,19,Bressia,luxus,76.25,16.47718
1,19,Bressia,biotech,85.7,25.0
1,19,Bressia,core_daten,119.14,25.0
1,19,Bressia,relikte,132.5,25.0
1,19,Hebron,nahrung,23.5,2.980000000000026
1,19,Hebron,rohstoffe,26.48,9.5
1,19,Hebron,industrieteile,42.75,16.98
1,19,Hebron,energie,37.2,5.9
1,19,Hebron,luxus,79.38,47.478
1,19,Hebron,biotech,94.32,9.5
1,19,Hebron,core_daten,119.92,26.0
1,19,Hebron,relikte,147.55,26.0
1,19,Hyperion,nahrung,20.87,6.8
1,19,Hyperion,rohstoffe,28.05,39.21748399999998
1,19,Hyperion,industrieteile,43.28,15.2
1,19,Hyperion,energie,38.35,7.42
1,19,Hyperion,luxus,91.38,9.1
1,19,Hyperion,biotech,75.07,19.200000000000003
1,19,Hyperion,core_daten,109.64,24.0
1,19,Hyperion,relikte,133.2,37.608741999999985
1,20,Lusus,nahrung,28.49,2.756000000000016
1,20,Lusus,rohstoffe,30.41,14.0
1,20,Lusus,industrieteile,43.27,25.56
1,20,Lusus,energie,54.71,1.5289599999999997
1,20,Lusus,luxus,78.24,91.52605999999996
1,20,Lusus,biotech,82.37,32.0
1,20,Lusus,core_daten,106.99,76.27392000000002
1,20,Lusus,relikte,150.67,32.0
1,20,Tau Ceti,nahrung,22.06,10.3
1,20,Tau Ceti,rohstoffe,27.64,10.5
1,20,Tau Ceti,industrieteile,46.17,7.500000000000001
1,20,Tau Ceti,energie,45.43,4.700000000000001
1,20,Tau Ceti,luxus,81.5,27.726399999999998
1,20,Tau Ceti,biotech,80.97,61.45999999999997
1,20,Tau Ceti,core_daten,119.71,30.0
1,20,Tau Ceti,relikte,146.15,30.0
1,20,Maui-Covenant,nahrung,19.91,9.5
1,20,Maui-Covenant,rohstoffe,27.99,16.5
1,20,Maui-Covenant,industrieteile,40.89,14.48999999999999
1,20,Maui-Covenant,energie,57.93,2.4075616000000135
1,20,Maui-Covenant,luxus,88.68,9.5
1,20,Maui-Covenant,biotech,83.54,70.97999999999998
1,20,Maui-Covenant,core_daten,111.69,26.0
1,20,Maui-Covenant,relikte,148.18,26.0
1,20,Marsim,nahrung,35.62,8.24
1,20,Marsim,rohstoffe,36.27,10.5
1,20,Marsim,industrieteile,41.98,128.91980000000004
1,20,Marsim,energie,37.9,10.5
1,20,Marsim,luxus,75.39,31.0
1,20,Marsim,biotech,86.69,29.4
1,20,Marsim,core_daten,114.48,31.0
1,20,Marsim,relikte,153.15,31.0
1,20,Qom-Riyadh,nahrung,30.63,1.2239999999999966
1,20,Qom-Riyadh,rohstoffe,29.21,10.0
1,20,Qom-Riyadh,industrieteile,43.81,25.299999999999994
1,20,Qom-Riyadh,energie,60.82,9.900000000000002
1,20,Qom-Riyadh,luxus,73.72,45.238399999999956
1,20,Qom-Riyadh,biotech,82.63,26.4
1,20,Qom-Riyadh,core_daten,111.99,123.9199999999999
1,20,Qom-Riyadh,relikte,152.06,28.0
1,20,Bressia,nahrung,31.66,0.0
1,20,Bressia,rohstoffe,28.6,85.19118079999997
1,20,Bressia,industrieteile,45.91,5.880000000000001
1,20,Bressia,energie,37.49,9.3
1,20,Bressia,luxus,82.38,16.47718
1,20,Bressia,biotech,78.03,23.4
1,20,Bressia,core_daten,107.05,25.0
1,20,Bressia,relikte,140.96,25.0
1,20,Hebron,nahrung,27.5,0.780000000000026
1,20,Hebron,rohstoffe,29.99,9.5
1,20,Hebron,industrieteile,43.07,16.98
1,20,Hebron,energie,40.11,4.1000000000000005
1,20,Hebron,luxus,82.2,48.856
1,20,Hebron,biotech,96.27,9.5
1,20,Hebron,core_daten,115.36,26.0
1,20,Hebron,relikte,151.7,26.0
1,20,Hyperion,nahrung,24.01,5.359999999999999
1,20,Hyperion,rohstoffe,29.61,40.63687119999998
1,20,Hyperion,industrieteile,43.94,15.2
1,20,Hyperion,energie,39.48,5.74
1,20,Hyperion,luxus,81.6,6.8264
1,20,Hyperion,biotech,89.42,19.200000000000003
1,20,Hyperion,core_daten,107.7,24.0
1,20,Hyperion,relikte,156.98,38.31843559999999
1,21,Lusus,nahrung,43.7,8.24
1,21,Lusus,rohstoffe,29.27,14.0
1,21,Lusus,industrieteile,41.1,20.93
1,21,Lusus,energie,70.54,4.643311999999998
1,21,Lusus,luxus,74.56,94.83277999999996
1,21,Lusus,biotech,79.49,32.0
1,21,Lusus,core_daten,108.96,78.47840000000002
1,21,Lusus,relikte,140.63,32.0
1,21,Tau Ceti,nahrung,19.85,10.3
1,21,Tau Ceti,rohstoffe,30.36,10.5
1,21,Tau Ceti,industrieteile,49.73,10.3
1,21,Tau Ceti,energie,51.03,1.9000000000000012
1,21,Tau Ceti,luxus,78.45,27.726399999999998
1,21,Tau Ceti,biotech,76.0,61.51299999999997
1,21,Tau Ceti,core_daten,117.74,30.0
1,21,Tau Ceti,relikte,143.83,30.0
1,21,Maui-Covenant,nahrung,20.23,9.5
1,21,Maui-Covenant,rohstoffe,30.39,16.5
1,21,Maui-Covenant,industrieteile,42.0,14.48999999999999
1,21,Maui-Covenant,energie,45.66,0.9075616000000135
1,21,Maui-Covenant,luxus,81.51,9.5
1,21,Maui-Covenant,biotech,83.45,73.44399999999997
1,21,Maui-Covenant,core_daten,105.68,26.0
1,21,Maui-Covenant,relikte,140.67,26.0
1,21,Marsim,nahrung,24.52,4.640000000000001
1,21,Marsim,rohstoffe,38.16,10.5
1,21,Marsim,industrieteile,42.84,134.27800000000005
1,21,Marsim,energie,38.5,10.5
1,21,Marsim,luxus,82.19,31.0
1,21,Marsim,biotech,83.4,29.4
1,21,Marsim,core_daten,114.79,31.0
1,21,Marsim,relikte,151.92,31.0
1,21,Qom-Riyadh,nahrung,32.75,0.0
1,21,Qom-Riyadh,rohstoffe,29.17,10.0
1,21,Qom-Riyadh,industrieteile,41.29,25.299999999999994
1,21,Qom-Riyadh,energie,39.03,7.500000000000002
1,21,Qom-Riyadh,luxus,74.63,46.431855999999954
1,21,Qom-Riyadh,biotech,81.07,26.4
1,21,Qom-Riyadh,core_daten,108.24,128.6938239999999
1,21,Qom-Riyadh,relikte,148.95,28.0
1,21,Bressia,nahrung,34.39,0.6119999999999983
1,21,Bressia,rohstoffe,26.9,88.45607679999996
1,21,Bressia,industrieteile,48.31,9.3
1,21,Bressia,energie,39.49,9.3
1,21,Bressia,luxus,74.25,11.635580000000001
1,21,Bressia,biotech,87.42,23.4
1,21,Bressia,core_daten,112.5,25.0
1,21,Bressia,relikte,132.17,25.0
1,21,Hebron,nahrung,33.66,0.0
1,21,Hebron,rohstoffe,29.0,9.5
1,21,Hebron,industrieteile,44.34,16.98
1,21,Hebron,energie,47.79,2.3000000000000007
1,21,Hebron,luxus,84.28,50.234
1,21,Hebron,biotech,87.6,9.5
1,21,Hebron,core_daten,102.22,26.0
1,21,Hebron,relikte,154.73,26.0
1,21,Hyperion,nahrung,24.13,3.919999999999999
1,21,Hyperion,rohstoffe,26.24,36.05625839999998
1,21,Hyperion,industrieteile,41.03,9.1
1,21,Hyperion,energie,39.55,4.0600000000000005
1,21,Hyperion,luxus,91.66,9.1
1,21,Hyperion,biotech,89.35,19.200000000000003
1,21,Hyperion,core_daten,106.43,24.0
1,21,Hyperion,relikte,140.12,39.02812919999999
1,22,Lusus,nahrung,29.33,1.8399999999999999
1,22,Lusus,rohstoffe,27.61,10.7
1,22,Lusus,industrieteile,42.74,20.93
1,22,Lusus,energie,48.96,1.443311999999998
1,22,Lusus,luxus,80.99,98.10293292799996
1,22,Lusus,biotech,80.2,32.0
1,22,Lusus,core_daten,109.6,80.65850195200002
1,22,Lusus,relikte,149.32,32.0
1,22,Tau Ceti,nahrung,20.78,10.3
1,22,Tau Ceti,rohstoffe,30.65,10.5
1,22,Tau Ceti,industrieteile,46.28,10.3
1,22,Tau Ceti,energie,70.47,4.6350463999999985
1,22,Tau Ceti,luxus,83.18,27.726399999999998
1,22,Tau Ceti,biotech,83.43,63.16599999999997
1,22,Tau Ceti,core_daten,114.28,30.0
1,22,Tau Ceti,relikte,147.57,30.0
1,22,Maui-Covenant,nahrung,20.31,9.5
1,22,Maui-Covenant,rohstoffe,28.19,13.8
1,22,Maui-Covenant,industrieteile,40.7,14.48999999999999
1,22,Maui-Covenant,energie,55.8,0.0
1,22,Maui-Covenant,luxus,88.6,9.5
1,22,Maui-Covenant,biotech,82.3,75.90799999999997
1,22,Maui-Covenant,core_daten,115.34,26.0
1,22,Maui-Covenant,relikte,146.96,26.0
1,22,Marsim,nahrung,26.89,1.040000000000001
1,22,Marsim,rohstoffe,36.27,10.5
1,22,Marsim,industrieteile,41.82,139.63620000000006
1,22,Marsim,energie,39.98,10.5
1,22,Marsim,luxus,83.46,31.0
1,22,Marsim,biotech,86.81,29.4
1,22,Marsim,core_daten,119.23,31.0
1,22,Marsim,relikte,144.21,31.0
1,22,Qom-Riyadh,nahrung,30.79,0.6119999999999983
1,22,Qom-Riyadh,rohstoffe,30.45,10.0
1,22,Qom-Riyadh,industrieteile,40.41,20.789999999999992
1,22,Qom-Riyadh,energie,43.66,5.100000000000001
1,22,Qom-Riyadh,luxus,75.3,45.05158583999996
1,22,Qom-Riyadh,biotech,83.26,26.4
1,22,Qom-Riyadh,core_daten,114.82,133.4447433599999
1,22,Qom-Riyadh,relikte,151.07,28.0
1,22,Bressia,nahrung,29.8,0.0
1,22,Bressia,rohstoffe,29.2,91.70207999999997
1,22,Bressia,industrieteile,49.43,9.3
1,22,Bressia,energie,40.09,9.3
1,22,Bressia,luxus,78.82,11.635580000000001
1,22,Bressia,biotech,89.73,23.4
1,22,Bressia,core_daten,118.51,25.0
1,22,Bressia,relikte,149.78,25.0
1,22,Hebron,nahrung,33.19,8.24
1,22,Hebron,rohstoffe,28.73,9.5
1,22,Hebron,industrieteile,45.35,16.98
1,22,Hebron,energie,50.71,0.5000000000000007
1,22,Hebron,luxus,81.41,51.6050424
1,22,Hebron,biotech,93.85,9.5
1,22,Hebron,core_daten,123.28,26.0
1,22,Hebron,relikte,150.46,26.0
1,22,Hyperion,nahrung,22.99,2.4799999999999986
1,22,Hyperion,rohstoffe,30.07,37.475645599999986
1,22,Hyperion,industrieteile,46.09,9.1
1,22,Hyperion,energie,42.91,2.3800000000000003
1,22,Hyperion,luxus,87.8,9.1
1,22,Hyperion,biotech,79.39,17.6
1,22,Hyperion,core_daten,112.61,24.0
1,22,Hyperion,relikte,147.7,39.73782279999999
1,23,Lusus,nahrung,43.63,8.23028907392
1,23,Lusus,rohstoffe,28.1,10.7
1,23,Lusus,industrieteile,42.24,20.93
1,23,Lusus,energie,69.92,4.627294879999999
1,23,Lusus,luxus,78.7,101.37308585599996
1,23,Lusus,biotech,79.73,32.0
1,23,Lusus,core_daten,118.17,82.83860390400002
1,23,Lusus,relikte,145.4,32.0
1,23,Tau Ceti,nahrung,20.48,10.3
1,23,Tau Ceti,rohstoffe,29.14,10.5
1,23,Tau Ceti,industrieteile,49.2,10.3
1,23,Tau Ceti,energie,47.07,1.8350463999999986
1,23,Tau Ceti,luxus,74.5,25.1584
1,23,Tau Ceti,biotech,78.89,64.81143999999996
1,23,Tau Ceti,core_daten,114.19,30.0
1,23,Tau Ceti,relikte,146.47,30.0
1,23,Maui-Covenant,nahrung,21.92,9.5
1,23,Maui-Covenant,rohstoffe,27.55,9.5
1,23,Maui-Covenant,industrieteile,42.86,14.48999999999999
1,23,Maui-Covenant,energie,61.16,0.0
1,23,Maui-Covenant,luxus,80.99,9.5
1,23,Maui-Covenant,biotech,79.94,78.36131798131197
1,23,Maui-Covenant,core_daten,113.32,26.0
1,23,Maui-Covenant,relikte,147.5,26.0
1,23,Marsim,nahrung,37.09,0.5817599999999992
1,23,Marsim,rohstoffe,39.48,10.5
1,23,Marsim,industrieteile,40.13,142.19440000000006
1,23,Marsim,energie,39.73,10.5
1,23,Marsim,luxus,79.19,31.0
1,23,Marsim,biotech,83.08,29.4
1,23,Marsim,core_daten,109.67,31.0
1,23,Marsim,relikte,144.81,31.0
1,23,Qom-Riyadh,nahrung,30.99,0.0
1,23,Qom-Riyadh,rohstoffe,27.31,10.0
1,23,Qom-Riyadh,industrieteile,44.74,20.789999999999992
1,23,Qom-Riyadh,energie,46.2,2.7000000000000015
1,23,Qom-Riyadh,luxus,74.56,46.23278167999996
1,23,Qom-Riyadh,biotech,77.78,26.4
1,23,Qom-Riyadh,core_daten,110.49,138.1695267199999
1,23,Qom-Riyadh,relikte,151.3,28.0
1,23,Bressia,nahrung,31.8,0.0
1,23,Bressia,rohstoffe,28.61,93.23036543999996
1,23,Bressia,industrieteile,46.33,7.590000000000001
1,23,Bressia,energie,40.89,9.3
1,23,Bressia,luxus,83.24,11.635580000000001
1,23,Bressia,biotech,77.94,23.4
1,23,Bressia,core_daten,105.61,25.0
1,23,Bressia,relikte,148.38,25.0
1,23,Hebron,nahrung,23.24,6.04
1,23,Hebron,rohstoffe,27.01,9.5
1,23,Hebron,industrieteile,41.53,16.98
1,23,Hebron,energie,63.94,0.0
1,23,Hebron,luxus,78.28,52.968518800000005
1,23,Hebron,biotech,87.06,9.5
1,23,Hebron,core_daten,112.08,26.0
1,23,Hebron,relikte,143.39,26.0
1,23,Hyperion,nahrung,27.12,1.0399999999999985
1,23,Hyperion,rohstoffe,29.36,38.89503279999999
1,23,Hyperion,industrieteile,40.91,9.1
1,23,Hyperion,energie,49.58,0.7000000000000002
1,23,Hyperion,luxus,87.67,9.1
1,23,Hyperion,biotech,74.79,16.0
1,23,Hyperion,core_daten,103.09,24.0
1,23,Hyperion,relikte,150.79,40.44751639999999
1,24,Lusus,nahrung,30.69,2.4120490739199987
1,24,Lusus,rohstoffe,27.33,10.7
1,24,Lusus,industrieteile,42.79,20.93
1,24,Lusus,energie,54.01,1.427294879999999
1,24,Lusus,luxus,74.49,104.60486874559996
1,24,Lusus,biotech,78.57,32.0
1,24,Lusus,core_daten,110.62,84.99312583040002
1,24,Lusus,relikte,137.91,32.0
1,24,Tau Ceti,nahrung,19.81,10.3
1,24,Tau Ceti,rohstoffe,29.42,10.5
1,24,Tau Ceti,industrieteile,47.25,10.3
1,24,Tau Ceti,energie,72.86,4.60092128
1,24,Tau Ceti,luxus,79.46,25.1584
1,24,Tau Ceti,biotech,85.3,66.45687999999996
1,24,Tau Ceti,core_daten,109.52,30.0
1,24,Tau Ceti,relikte,142.08,30.0
1,24,Maui-Covenant,nahrung,20.31,9.5
1,24,Maui-Covenant,rohstoffe,27.24,9.5
1,24,Maui-Covenant,industrieteile,41.96,11.68999999999999
1,24,Maui-Covenant,energie,57.91,0.0
1,24,Maui-Covenant,luxus,84.06,9.5
1,24,Maui-Covenant,biotech,79.21,80.80275596262398
1,24,Maui-Covenant,core_daten,119.81,26.0
1,24,Maui-Covenant,relikte,152.41,26.0
1,24,Marsim,nahrung,35.5,8.21948907392
1,24,Marsim,rohstoffe,35.79,4.5
1,24,Marsim,industrieteile,42.31,147.52242000000007
1,24,Marsim,energie,35.94,10.5
1,24,Marsim,luxus,75.61,31.0
1,24,Marsim,biotech,83.88,29.4
1,24,Marsim,core_daten,107.23,31.0
1,24,Marsim,relikte,153.69,31.0
1,24,Qom-Riyadh,nahrung,30.47,0.0
1,24,Qom-Riyadh,rohstoffe,30.7,10.0
1,24,Qom-Riyadh,industrieteile,42.32,20.789999999999992
1,24,Qom-Riyadh,energie,60.43,0.3000000000000016
1,24,Qom-Riyadh,luxus,77.44,47.40784743999996
1,24,Qom-Riyadh,biotech,82.55,26.4
1,24,Qom-Riyadh,core_daten,110.19,142.86978975999992
1,24,Qom-Riyadh,relikte,137.95,28.0
1,24,Bressia,nahrung,29.18,0.0
1,24,Bressia,rohstoffe,30.05,96.43975807999996
1,24,Bressia,industrieteile,47.29,5.880000000000001
1,24,Bressia,energie,39.88,9.3
1,24,Bressia,luxus,73.38,11.635580000000001
1,24,Bressia,biotech,81.94,23.4
1,24,Bressia,core_daten,113.82,25.0
1,24,Bressia,relikte,142.13,25.0
1,24,Hebron,nahrung,21.38,3.84
1,24,Hebron,rohstoffe,29.86,9.5
1,24,Hebron,industrieteile,44.57,16.98
1,24,Hebron,energie,66.08,0.0
1,24,Hebron,luxus,72.04,53.32513120000001
1,24,Hebron,biotech,82.58,7.9
1,24,Hebron,core_daten,115.71,26.0
1,24,Hebron,relikte,148.96,26.0
1,24,Hyperion,nahrung,27.12,0.0
1,24,Hyperion,rohstoffe,29.29,40.31441999999999
1,24,Hyperion,industrieteile,46.67,9.1
1,24,Hyperion,energie,59.67,0.0
1,24,Hyperion,luxus,78.73,7.532
1,24,Hyperion,biotech,89.37,16.0
1,24,Hyperion,core_daten,102.38,24.0
1,24,Hyperion,relikte,154.5,41.15720999999999
1,25,Lusus,nahrung,44.24,8.20868907392
1,25,Lusus,rohstoffe,28.1,10.7
1,25,Lusus,industrieteile,42.44,20.93
1,25,Lusus,energie,72.12,4.573722848000001
1,25,Lusus,luxus,77.35,107.83665163519996
1,25,Lusus,biotech,83.04,32.0
1,25,Lusus,core_daten,118.02,87.14764775680001
1,25,Lusus,relikte,136.57,32.0
1,25,Tau Ceti,nahrung,21.08,10.3
1,25,Tau Ceti,rohstoffe,27.14,10.5
1,25,Tau Ceti,industrieteile,45.88,10.3
1,25,Tau Ceti,energie,50.98,1.8009212799999998
1,25,Tau Ceti,luxus,79.68,25.1584
1,25,Tau Ceti,biotech,85.35,68.09470154175996
1,25,Tau Ceti,core_daten,111.86,30.0
1,25,Tau Ceti,relikte,135.99,30.0
1,25,Maui-Covenant,nahrung,20.67,9.5
1,25,Maui-Covenant,rohstoffe,29.24,9.5
1,25,Maui-Covenant,industrieteile,45.74,11.68999999999999
1,25,Maui-Covenant,energie,62.64,0.0
1,25,Maui-Covenant,luxus,83.86,9.5
1,25,Maui-Covenant,biotech,80.02,83.23231394393598
1,25,Maui-Covenant,core_daten,107.07,26.0
1,25,Maui-Covenant,relikte,148.16,26.0
1,25,Marsim,nahrung,22.6,4.6194890739200005
1,25,Marsim,rohstoffe,74.16,10.5
1,25,Marsim,industrieteile,39.72,144.88888528000007
1,25,Marsim,energie,35.39,10.5
1,25,Marsim,luxus,80.56,31.0
1,25,Marsim,biotech,77.7,29.4
1,25,Marsim,core_daten,119.31,31.0
1,25,Marsim,relikte,137.28,31.0
1,25,Qom-Riyadh,nahrung,33.69,0.5512861670400007
1,25,Qom-Riyadh,rohstoffe,27.49,10.0
1,25,Qom-Riyadh,industrieteile,40.23,20.789999999999992
1,25,Qom-Riyadh,energie,68.74,0.0
1,25,Qom-Riyadh,luxus,75.78,48.57637919999996
1,25,Qom-Riyadh,biotech,84.22,26.4
1,25,Qom-Riyadh,core_daten,107.17,147.54391679999992
1,25,Qom-Riyadh,relikte,136.86,28.0
1,25,Bressia,nahrung,33.65,0.0
1,25,Bressia,rohstoffe,29.45,95.13025791999996
1,25,Bressia,industrieteile,52.62,9.3
1,25,Bressia,energie,39.61,9.3
1,25,Bressia,luxus,73.76,11.635580000000001
1,25,Bressia,biotech,83.95,23.4
1,25,Bressia,core_daten,117.41,25.0
1,25,Bressia,relikte,144.5,25.0
1,25,Hebron,nahrung,26.85,1.6399999999999997
1,25,Hebron,rohstoffe,27.53,9.5
1,25,Hebron,industrieteile,46.84,16.98
1,25,Hebron,energie,64.19,0.0
1,25,Hebron,luxus,70.96,50.538489600000005
1,25,Hebron,biotech,84.16,6.300000000000001
1,25,Hebron,core_daten,116.08,26.0
1,25,Hebron,relikte,154.33,26.0
1,25,Hyperion,nahrung,27.74,0.0
1,25,Hyperion,rohstoffe,28.74,35.68644799999999
1,25,Hyperion,industrieteile,47.97,9.1
1,25,Hyperion,energie,59.98,0.0
1,25,Hyperion,luxus,95.72,9.1
1,25,Hyperion,biotech,87.43,16.0
1,25,Hyperion,core_daten,107.84,24.0
1,25,Hyperion,relikte,144.17,41.84322399999999
1,26,Lusus,nahrung,29.36,1.8086890739200001
1,26,Lusus,rohstoffe,29.48,10.7
1,26,Lusus,industrieteile,40.92,18.13
1,26,Lusus,energie,54.64,1.3737228480000008
1,26,Lusus,luxus,76.66,111.031065343917
1,26,Lusus,biotech,83.07,32.0
1,26,Lusus,core_daten,113.66,89.27725689594472
1,26,Lusus,relikte,143.31,32.0
1,26,Tau Ceti,nahrung,20.59,10.3
1,26,Tau Ceti,rohstoffe,29.89,10.5
1,26,Tau Ceti,industrieteile,50.98,10.3
1,26,Tau Ceti,energie,72.91,4.549257248
1,26,Tau Ceti,luxus,79.59,25.1584
1,26,Tau Ceti,biotech,78.85,64.93252308351997
1,26,Tau Ceti,core_daten,106.3,30.0
1,26,Tau Ceti,relikte,153.81,30.0
1,26,Maui-Covenant,nahrung,21.52,9.5
1,26,Maui-Covenant,rohstoffe,30.11,9.5
1,26,Maui-Covenant,industrieteile,42.38,11.68999999999999
1,26,Maui-Covenant,energie,59.81,0.0
1,26,Maui-Covenant,luxus,89.27,9.5
1,26,Maui-Covenant,biotech,84.34,85.64999192524797
1,26,Maui-Covenant,core_daten,114.28,26.0
1,26,Maui-Covenant,relikte,141.9,26.0
1,26,Marsim,nahrung,28.13,1.0194890739200009
1,26,Marsim,rohstoffe,39.05,10.5
1,26,Marsim,industrieteile,41.68,150.15835056000006
1,26,Marsim,energie,38.68,10.5
1,26,Marsim,luxus,79.73,31.0
1,26,Marsim,biotech,85.79,29.4
1,26,Marsim,core_daten,117.02,31.0
1,26,Marsim,relikte,140.9,31.0
1,26,Qom-Riyadh,nahrung,30.12,0.0
1,26,Qom-Riyadh,rohstoffe,27.99,10.0
1,26,Qom-Riyadh,industrieteile,42.45,20.789999999999992
1,26,Qom-Riyadh,energie,67.6,0.0
1,26,Qom-Riyadh,luxus,81.53,49.73204095999996
1,26,Qom-Riyadh,biotech,85.83,26.4
1,26,Qom-Riyadh,core_daten,105.09,152.16656383999992
1,26,Qom-Riyadh,relikte,151.42,28.0
1,26,Bressia,nahrung,33.88,8.197889073919999
1,26,Bressia,rohstoffe,30.29,92.30186495999996
1,26,Bressia,industrieteile,47.12,7.590000000000001
1,26,Bressia,energie,36.29,9.3
1,26,Bressia,luxus,85.56,11.635580000000001
1,26,Bressia,biotech,86.76,23.4
1,26,Bressia,core_daten,116.88,25.0
1,26,Bressia,relikte,157.17,25.0
1,26,Hebron,nahrung,30.57,0.0
1,26,Hebron,rohstoffe,26.59,9.5
1,26,Hebron,industrieteile,43.45,16.98
1,26,Hebron,energie,65.14,0.0
1,26,Hebron,luxus,73.83,49.312594000000004
1,26,Hebron,biotech,100.88,9.5
1,26,Hebron,core_daten,122.17,26.0
1,26,Hebron,relikte,138.04,26.0
1,26,Hyperion,nahrung,31.67,0.5512861670400007
1,26,Hyperion,rohstoffe,31.87,37.04325519999999
1,26,Hyperion,industrieteile,47.24,9.1
1,26,Hyperion,energie,62.75,0.0
1,26,Hyperion,luxus,85.28,9.1
1,26,Hyperion,biotech,95.56,16.0
1,26,Hyperion,core_daten,127.91,24.0
1,26,Hyperion,relikte,149.32,42.521627599999995
1,27,Lusus,nahrung,46.45,8.18708907392
1,27,Lusus,rohstoffe,28.33,10.7
1,27,Lusus,industrieteile,43.18,18.13
1,27,Lusus,energie,75.72,4.5409916479999985
1,27,Lusus,luxus,79.95,114.22547905263406
1,27,Lusus,biotech,81.67,32.0
1,27,Lusus,core_daten,111.63,91.40686603508942
1,27,Lusus,relikte,145.66,32.0
1,27,Tau Ceti,nahrung,20.48,10.3
1,27,Tau Ceti,rohstoffe,28.27,10.5
1,27,Tau Ceti,industrieteile,47.24,10.3
1,27,Tau Ceti,energie,49.89,1.7492572480000002
1,27,Tau Ceti,luxus,78.22,25.1584
1,27,Tau Ceti,biotech,81.36,66.56269545443197
1,27,Tau Ceti,core_daten,111.93,30.0
1,27,Tau Ceti,relikte,145.17,30.0
1,27,Maui-Covenant,nahrung,20.5,9.5
1,27,Maui-Covenant,rohstoffe,28.05,9.5
1,27,Maui-Covenant,industrieteile,44.69,11.68999999999999
1,27,Maui-Covenant,energie,58.53,0.0
1,27,Maui-Covenant,luxus,82.01,9.5
1,27,Maui-Covenant,biotech,81.59,88.05578990655998
1,27,Maui-Covenant,core_daten,114.89,26.0
1,27,Maui-Covenant,relikte,142.26,26.0
1,27,Marsim,nahrung,36.44,0.5206894836479989
1,27,Marsim,rohstoffe,36.84,10.5
1,27,Marsim,industrieteile,42.4,152.62781584000004
1,27,Marsim,energie,36.63,10.5
1,27,Marsim,luxus,76.36,28.432000000000002
1,27,Marsim,biotech,84.21,29.4
1,27,Marsim,core_daten,115.23,31.0
1,27,Marsim,relikte,144.79,31.0
1,27,Qom-Riyadh,nahrung,32.31,0.0
1,27,Qom-Riyadh,rohstoffe,28.43,10.0
1,27,Qom-Riyadh,industrieteile,43.64,20.789999999999992
1,27,Qom-Riyadh,energie,66.54,0.0
1,27,Qom-Riyadh,luxus,80.58,50.87499856887021
1,27,Qom-Riyadh,biotech,83.17,26.4
1,27,Qom-Riyadh,core_daten,113.9,156.7383942754809
1,27,Qom-Riyadh,relikte,149.53,28.0
1,27,Bressia,nahrung,21.82,5.857889073919999
1,27,Bressia,rohstoffe,27.04,89.45457919999996
1,27,Bressia,industrieteile,46.16,5.880000000000001
1,27,Bressia,energie,36.78,9.3
1,27,Bressia,luxus,76.95,11.635580000000001
1,27,Bressia,biotech,78.4,21.799999999999997
1,27,Bressia,core_daten,113.5,25.0
1,27,Bressia,relikte,150.78,25.0
1,27,Hebron,nahrung,31.37,0.0
1,27,Hebron,rohstoffe,30.14,9.5
1,27,Hebron,industrieteile,44.7,16.98
1,27,Hebron,energie,59.05,0.0
1,27,Hebron,luxus,79.08,50.64115760000001
1,27,Hebron,biotech,89.7,9.5
1,27,Hebron,core_daten,108.7,26.0
1,27,Hebron,relikte,151.88,26.0
1,27,Hyperion,nahrung,31.12,0.0
1,27,Hyperion,rohstoffe,31.96,38.38484159999999
1,27,Hyperion,industrieteile,49.79,9.1
1,27,Hyperion,energie,71.85,0.0
1,27,Hyperion,luxus,92.64,9.1
1,27,Hyperion,biotech,93.6,16.0
1,27,Hyperion,core_daten,123.74,24.0
1,27,Hyperion,relikte,147.96,43.192420799999994
1,28,Lusus,nahrung,30.59,1.787089073919999
1,28,Lusus,rohstoffe,28.31,10.7
1,28,Lusus,industrieteile,41.69,18.13
1,28,Lusus,energie,52.02,1.3409916479999984
1,28,Lusus,luxus,77.28,117.38134110281057
1,28,Lusus,biotech,83.66,32.0
1,28,Lusus,core_daten,114.68,93.51077406854043
1,28,Lusus,relikte,147.95,32.0
1,28,Tau Ceti,nahrung,20.29,10.3
1,28,Tau Ceti,rohstoffe,29.37,10.5
1,28,Tau Ceti,industrieteile,48.88,10.3
1,28,Tau Ceti,energie,71.01,4.522846728333056
1,28,Tau Ceti,luxus,81.37,25.1584
1,28,Tau Ceti,biotech,78.71,66.59286782534397
1,28,Tau Ceti,core_daten,110.07,30.0
1,28,Tau Ceti,relikte,147.38,30.0
1,28,Maui-Covenant,nahrung,21.56,9.5
1,28,Maui-Covenant,rohstoffe,29.22,9.5
1,28,Maui-Covenant,industrieteile,42.76,11.68999999999999
1,28,Maui-Covenant,energie,59.35,0.0
1,28,Maui-Covenant,luxus,85.51,9.5
1,28,Maui-Covenant,biotech,78.85,90.44970788787198
1,28,Maui-Covenant,core_daten,111.55,26.0
1,28,Maui-Covenant,relikte,143.2,26.0
1,28,Marsim,nahrung,35.35,8.17628907392
1,28,Marsim,rohstoffe,37.16,10.5
1,28,Marsim,industrieteile,41.45,149.9370395872218
1,28,Marsim,energie,37.16,10.5
1,28,Marsim,luxus,76.99,28.432000000000002
1,28,Marsim,biotech,82.58,29.4
1,28,Marsim,core_daten,109.08,31.0
1,28,Marsim,relikte,146.93,31.0
1,28,Qom-Riyadh,nahrung,31.54,0.0
1,28,Qom-Riyadh,rohstoffe,28.01,10.0
1,28,Qom-Riyadh,industrieteile,44.05,20.789999999999992
1,28,Qom-Riyadh,energie,65.66,0.0
1,28,Qom-Riyadh,luxus,80.51,52.004888177740455
1,28,Qom-Riyadh,biotech,83.69,26.4
1,28,Qom-Riyadh,core_daten,114.39,161.2579527109619
1,28,Qom-Riyadh,relikte,141.88,28.0
1,28,Bressia,nahrung,23.08,3.517889073919999
1,28,Bressia,rohstoffe,27.2,86.60729343999995
1,28,Bressia,industrieteile,51.29,9.3
1,28,Bressia,energie,39.19,9.3
1,28,Bressia,luxus,81.14,11.635580000000001
1,28,Bressia,biotech,81.65,21.799999999999997
1,28,Bressia,core_daten,111.14,25.0
1,28,Bressia,relikte,150.12,25.0
1,28,Hebron,nahrung,31.43,0.0
1,28,Hebron,rohstoffe,29.25,9.5
1,28,Hebron,industrieteile,41.53,16.98
1,28,Hebron,energie,59.98,0.0
1,28,Hebron,luxus,75.0,49.38690120000001
1,28,Hebron,biotech,92.45,9.5
1,28,Hebron,core_daten,113.4,26.0
1,28,Hebron,relikte,140.5,26.0
1,28,Hyperion,nahrung,33.88,0.5206894836479989
1,28,Hyperion,rohstoffe,32.0,39.711670280380304
1,28,Hyperion,industrieteile,50.32,9.1
1,28,Hyperion,energie,68.89,0.0
1,28,Hyperion,luxus,90.83,9.1
1,28,Hyperion,biotech,101.27,16.0
1,28,Hyperion,core_daten,125.66,24.0
1,28,Hyperion,relikte,150.54,43.85583514019015
1,29,Lusus,nahrung,44.59,8.16548907392
1,29,Lusus,rohstoffe,30.31,10.7
1,29,Lusus,industrieteile,40.84,18.13
1,29,Lusus,energie,78.36,0.0
1,29,Lusus,luxus,73.58,117.96920315298708
1,29,Lusus,biotech,85.68,32.0
1,29,Lusus,core_daten,114.18,95.61468210199143
1,29,Lusus,relikte,139.47,32.0
1,29,Tau Ceti,nahrung,20.84,10.3
1,29,Tau Ceti,rohstoffe,28.05,10.5
1,29,Tau Ceti,industrieteile,46.73,10.3
1,29,Tau Ceti,energie,47.49,1.7228467283330557
1,29,Tau Ceti,luxus,77.55,25.1584
1,29,Tau Ceti,biotech,86.1,68.21534452777917
1,29,Tau Ceti,core_daten,119.81,30.0
1,29,Tau Ceti,relikte,152.9,30.0
1,29,Maui-Covenant,nahrung,19.89,9.5
1,29,Maui-Covenant,rohstoffe,28.12,9.5
1,29,Maui-Covenant,industrieteile,45.51,11.68999999999999
1,29,Maui-Covenant,energie,55.66,0.0
1,29,Maui-Covenant,luxus,86.57,9.5
1,29,Maui-Covenant,biotech,78.74,92.83174586918398
1,29,Maui-Covenant,core_daten,119.73,26.0
1,29,Maui-Covenant,relikte,136.45,26.0
1,29,Marsim,nahrung,24.41,4.57628907392
1,29,Marsim,rohstoffe,36.45,10.5
1,29,Marsim,industrieteile,40.4,150.63452540289447
1,29,Marsim,energie,35.38,10.5
1,29,Marsim,luxus,82.14,28.432000000000002
1,29,Marsim,biotech,81.93,29.4
1,29,Marsim,core_daten,108.06,31.0
1,29,Marsim,relikte,143.72,31.0
1,29,Qom-Riyadh,nahrung,33.87,0.0
1,29,Qom-Riyadh,rohstoffe,27.82,10.0
1,29,Qom-Riyadh,industrieteile,43.27,20.789999999999992
1,29,Qom-Riyadh,energie,63.76,0.0
1,29,Qom-Riyadh,luxus,75.11,53.1217097866107
1,29,Qom-Riyadh,biotech,84.6,26.4
1,29,Qom-Riyadh,core_daten,114.63,165.72523914644287
1,29,Qom-Riyadh,relikte,139.59,28.0
1,29,Bressia,nahrung,23.79,1.1778890739199985
1,29,Bressia,rohstoffe,26.06,83.76000767999994
1,29,Bressia,industrieteile,47.44,9.3
1,29,Bressia,energie,37.91,9.3
1,29,Bressia,luxus,76.67,11.635580000000001
1,29,Bressia,biotech,77.4,20.199999999999996
1,29,Bressia,core_daten,115.31,25.0
1,29,Bressia,relikte,151.41,25.0
1,29,Hebron,nahrung,33.38,0.0
1,29,Hebron,rohstoffe,29.36,9.5
1,29,Hebron,industrieteile,40.55,16.98
1,29,Hebron,energie,56.49,0.0
1,29,Hebron,luxus,81.85,50.68582480000001
1,29,Hebron,biotech,89.0,9.5
1,29,Hebron,core_daten,117.62,26.0
1,29,Hebron,relikte,133.05,26.0
1,29,Hyperion,nahrung,35.54,0.48990680974079837
1,29,Hyperion,rohstoffe,32.62,41.02327816076062
1,29,Hyperion,industrieteile,55.75,9.1
1,29,Hyperion,energie,78.74,4.503803969403622
1,29,Hyperion,luxus,94.42,9.1
1,29,Hyperion,biotech,92.04,16.0
1,29,Hyperion,core_daten,141.23,24.0
1,29,Hyperion,relikte,157.27,44.511639080380306
1,30,Lusus,nahrung,28.84,1.7654890739199995
1,30,Lusus,rohstoffe,27.67,10.7
1,30,Lusus,industrieteile,44.78,18.13
1,30,Lusus,energie,72.58,4.503803969403622
1,30,Lusus,luxus,74.65,121.08641574846304
1,30,Lusus,biotech,80.21,32.0
1,30,Lusus,core_daten,113.12,97.69282383230875
1,30,Lusus,relikte,135.64,32.0
1,30,Tau Ceti,nahrung,20.95,10.3
1,30,Tau Ceti,rohstoffe,28.64,10.5
1,30,Tau Ceti,industrieteile,48.33,10.3
1,30,Tau Ceti,energie,66.93,0.0
1,30,Tau Ceti,luxus,81.08,25.1584
1,30,Tau Ceti,biotech,84.28,69.83782123021436
1,30,Tau Ceti,core_daten,117.9,30.0
1,30,Tau Ceti,relikte,141.69,30.0
1,30,Maui-Covenant,nahrung,21.54,9.5
1,30,Maui-Covenant,rohstoffe,28.46,9.5
1,30,Maui-Covenant,industrieteile,44.71,11.68999999999999
1,30,Maui-Covenant,energie,55.69,0.0
1,30,Maui-Covenant,luxus,88.14,9.5
1,30,Maui-Covenant,biotech,85.57,95.20190385049598
1,30,Maui-Covenant,core_daten,112.74,26.0
1,30,Maui-Covenant,relikte,145.71,26.0
1,30,Marsim,nahrung,28.67,0.9762890739200003
1,30,Marsim,rohstoffe,37.38,10.5
1,30,Marsim,industrieteile,39.75,153.04201121856715
1,30,Marsim,energie,40.05,10.5
1,30,Marsim,luxus,76.0,28.432000000000002
1,30,Marsim,biotech,78.33,29.4
1,30,Marsim,core_daten,106.87,31.0
1,30,Marsim,relikte,140.29,31.0
1,30,Qom-Riyadh,nahrung,33.48,0.48990680974079837
1,30,Qom-Riyadh,rohstoffe,27.13,10.0
1,30,Qom-Riyadh,industrieteile,40.66,20.789999999999992
1,30,Qom-Riyadh,energie,68.56,0.0
1,30,Qom-Riyadh,luxus,75.25,54.22546339548095
1,30,Qom-Riyadh,biotech,76.72,26.4
1,30,Qom-Riyadh,core_daten,113.02,170.14025358192387
1,30,Qom-Riyadh,relikte,146.65,28.0
1,30,Bressia,nahrung,32.54,0.0
1,30,Bressia,rohstoffe,29.87,80.91272191999994
1,30,Bressia,industrieteile,43.66,7.590000000000001
1,30,Bressia,energie,41.37,9.3
1,30,Bressia,luxus,84.26,11.635580000000001
1,30,Bressia,biotech,76.43,18.599999999999994
1,30,Bressia,core_daten,106.12,25.0
1,30,Bressia,relikte,146.61,25.0
1,30,Hebron,nahrung,32.24,0.0
1,30,Hebron,rohstoffe,28.43,9.5
1,30,Hebron,industrieteile,41.06,16.98
1,30,Hebron,energie,62.42,0.0
1,30,Hebron,luxus,74.04,49.40192840000002
1,30,Hebron,biotech,95.3,9.5
1,30,Hebron,core_daten,123.47,26.0
1,30,Hebron,relikte,137.54,26.0
1,30,Hyperion,nahrung,34.42,8.15468907392
1,30,Hyperion,rohstoffe,35.75,42.320102620307196
1,30,Hyperion,industrieteile,49.65,9.1
1,30,Hyperion,energie,56.76,2.8238039694036217
1,30,Hyperion,luxus,103.35,9.1
1,30,Hyperion,biotech,100.92,16.0
1,30,Hyperion,core_daten,130.45,24.0
1,30,Hyperion,relikte,169.53,45.1600513101536
2,1,Lusus,nahrung,20.8,25.6
2,1,Lusus,rohstoffe,26.78,32.0
2,1,Lusus,industrieteile,40.68,32.0
2,1,Lusus,energie,39.96,28.8
2,1,Lusus,luxus,78.66,35.084672
2,1,Lusus,biotech,80.52,32.0
2,1,Lusus,core_daten,105.72,34.056448
2,1,Lusus,relikte,144.59,32.0
2,1,Tau Ceti,nahrung,20.51,36.135936
2,1,Tau Ceti,rohstoffe,28.72,30.0
2,1,Tau Ceti,industrieteile,46.3,27.2
2,1,Tau Ceti,energie,37.89,27.2
2,1,Tau Ceti,luxus,78.59,30.0
2,1,Tau Ceti,biotech,84.28,31.533984
2,1,Tau Ceti,core_daten,115.53,30.0
2,1,Tau Ceti,relikte,145.39,30.0
2,1,Maui-Covenant,nahrung,20.76,28.07872
2,1,Maui-Covenant,rohstoffe,29.98,26.0
2,1,Maui-Covenant,industrieteile,43.99,26.0
2,1,Maui-Covenant,energie,38.84,24.5
2,1,Maui-Covenant,luxus,75.96,25.0
2,1,Maui-Covenant,biotech,84.98,28.286592
2,1,Maui-Covenant,core_daten,111.18,26.0
2,1,Maui-Covenant,relikte,151.6,26.0
2,1,Marsim,nahrung,20.19,27.4
2,1,Marsim,rohstoffe,28.42,25.0
2,1,Marsim,industrieteile,41.18,36.01584
2,1,Marsim,energie,35.46,34.009504
2,1,Marsim,luxus,82.77,31.0
2,1,Marsim,biotech,81.77,31.0
2,1,Marsim,core_daten,108.38,31.0
2,1,Marsim,relikte,150.64,31.0
2,1,Qom-Riyadh,nahrung,21.43,25.6
2,1,Qom-Riyadh,rohstoffe,28.61,28.0
2,1,Qom-Riyadh,industrieteile,40.19,28.0
2,1,Qom-Riyadh,energie,39.3,25.6
2,1,Qom-Riyadh,luxus,75.22,29.112672
2,1,Qom-Riyadh,biotech,85.47,28.0
2,1,Qom-Riyadh,core_daten,111.91,32.450688
2,1,Qom-Riyadh,relikte,146.79,28.0
2,1,Bressia,nahrung,20.96,22.66
2,1,Bressia,rohstoffe,28.78,27.631872
2,1,Bressia,industrieteile,46.74,23.29
2,1,Bressia,energie,36.98,26.151444
2,1,Bressia,luxus,73.75,25.0
2,1,Bressia,biotech,83.43,25.0
2,1,Bressia,core_daten,113.56,25.0
2,1,Bressia,relikte,140.39,25.0
2,1,Hebron,nahrung,20.56,23.8
2,1,Hebron,rohstoffe,29.27,26.0
2,1,Hebron,industrieteile,42.71,26.0
2,1,Hebron,energie,39.07,24.2
2,1,Hebron,luxus,75.94,27.12996
2,1,Hebron,biotech,81.72,24.4
2,1,Hebron,core_daten,108.15,26.0
2,1,Hebron,relikte,149.85,26.0
2,1,Hyperion,nahrung,22.3,22.56
2,1,Hyperion,rohstoffe,30.45,25.175552
2,1,Hyperion,industrieteile,46.19,24.0
2,1,Hyperion,energie,38.53,22.32
2,1,Hyperion,luxus,78.09,22.432
2,1,Hyperion,biotech,88.31,24.0
2,1,Hyperion,core_daten,108.51,24.0
2,1,Hyperion,relikte,137.82,24.587776
2,2,Lusus,nahrung,22.88,19.200000000000003
2,2,Lusus,rohstoffe,29.86,32.0
2,2,Lusus,industrieteile,40.89,32.0
2,2,Lusus,energie,38.06,25.6
2,2,Lusus,luxus,75.18,38.169343999999995
2,2,Lusus,biotech,83.26,32.0
2,2,Lusus,core_daten,119.26,36.112896000000006
2,2,Lusus,relikte,139.3,32.0
2,2,Tau Ceti,nahrung,21.5,42.271872
2,2,Tau Ceti,rohstoffe,27.72,30.0
2,2,Tau Ceti,industrieteile,41.5,24.4
2,2,Tau Ceti,energie,39.8,24.4
2,2,Tau Ceti,luxus,77.14,30.0
2,2,Tau Ceti,biotech,78.08,33.067968
2,2,Tau Ceti,core_daten,111.7,30.0
2,2,Tau Ceti,relikte,140.03,30.0
2,2,Maui-Covenant,nahrung,20.58,30.15744
2,2,Maui-Covenant,rohstoffe,28.29,26.0
2,2,Maui-Covenant,industrieteile,42.31,26.0
2,2,Maui-Covenant,energie,38.54,23.0
2,2,Maui-Covenant,luxus,78.01,24.0
2,2,Maui-Covenant,biotech,77.38,30.573183999999998
2,2,Maui-Covenant,core_daten,106.83,26.0
2,2,Maui-Covenant,relikte,138.14,26.0
2,2,Marsim,nahrung,21.39,23.799999999999997
2,2,Marsim,rohstoffe,30.14,19.0
2,2,Marsim,industrieteile,44.26,41.031679999999994
2,2,Marsim,energie,37.45,37.019008
2,2,Marsim,luxus,80.8,31.0
2,2,Marsim,biotech,86.61,31.0
2,2,Marsim,core_daten,106.29,31.0
2,2,Marsim,relikte,135.96,31.0
2,2,Qom-Riyadh,nahrung,20.21,23.200000000000003
2,2,Qom-Riyadh,rohstoffe,28.05,28.0
2,2,Qom-Riyadh,industrieteile,43.13,28.0
2,2,Qom-Riyadh,energie,39.62,23.200000000000003
2,2,Qom-Riyadh,luxus,77.23,30.225344
2,2,Qom-Riyadh,biotech,86.57,28.0
2,2,Qom-Riyadh,core_daten,105.25,36.901376
2,2,Qom-Riyadh,relikte,151.46,28.0
2,2,Bressia,nahrung,20.05,20.32
2,2,Bressia,rohstoffe,30.5,30.263744000000003
2,2,Bressia,industrieteile,39.93,21.58
2,2,Bressia,energie,40.85,27.302888000000003
2,2,Bressia,luxus,82.85,25.0
2,2,Bressia,biotech,89.55,25.0
2,2,Bressia,core_daten,114.61,25.0
2,2,Bressia,relikte,136.59,25.0
2,2,Hebron,nahrung,23.1,21.6
2,2,Hebron,rohstoffe,28.17,26.0
2,2,Hebron,industrieteile,39.34,26.0
2,2,Hebron,energie,39.01,22.4
2,2,Hebron,luxus,78.75,28.234336
2,2,Hebron,biotech,83.85,22.799999999999997
2,2,Hebron,core_daten,105.34,26.0
2,2,Hebron,relikte,134.91,26.0
2,2,Hyperion,nahrung,21.41,21.119999999999997
2,2,Hyperion,rohstoffe,28.22,26.351104
2,2,Hyperion,industrieteile,39.73,24.0
2,2,Hyperion,energie,37.83,20.64
2,2,Hyperion,luxus,84.19,20.863999999999997
2,2,Hyperion,biotech,85.28,24.0
2,2,Hyperion,core_daten,112.31,24.0
2,2,Hyperion,relikte,142.61,25.175552000000003
2,3,Lusus,nahrung,21.22,12.800000000000002
2,3,Lusus,rohstoffe,27.02,32.0
2,3,Lusus,industrieteile,41.09,32.0
2,3,Lusus,energie,36.3,22.400000000000002
2,3,Lusus,luxus,79.48,41.49334399999999
2,3,Lusus,biotech,85.8,32.0
2,3,Lusus,core_daten,114.6,38.32889600000001
2,3,Lusus,relikte,150.93,32.0
2,3,Tau Ceti,nahrung,20.85,48.883872000000004
2,3,Tau Ceti,rohstoffe,30.19,30.0
2,3,Tau Ceti,industrieteile,45.93,21.599999999999998
2,3,Tau Ceti,energie,39.16,21.599999999999998
2,3,Tau Ceti,luxus,81.95,30.0
2,3,Tau Ceti,biotech,82.2,34.720968
2,3,Tau Ceti,core_daten,112.65,30.0
2,3,Tau Ceti,relikte,141.75,30.0
2,3,Maui-Covenant,nahrung,20.5,32.39744
2,3,Maui-Covenant,rohstoffe,28.56,26.0
2,3,Maui-Covenant,industrieteile,41.1,26.0
2,3,Maui-Covenant,energie,37.14,21.5
2,3,Maui-Covenant,luxus,78.19,23.0
2,3,Maui-Covenant,biotech,77.14,33.037183999999996
2,3,Maui-Covenant,core_daten,110.23,26.0
2,3,Maui-Covenant,relikte,153.04,26.0
2,3,Marsim,nahrung,21.17,20.199999999999996
2,3,Marsim,rohstoffe,32.29,13.0
2,3,Marsim,industrieteile,40.26,46.436679999999996
2,3,Marsim,energie,37.02,40.262008
2,3,Marsim,luxus,81.17,31.0
2,3,Marsim,biotech,84.8,31.0
2,3,Marsim,core_daten,116.06,31.0
2,3,Marsim,relikte,141.59,31.0
2,3,Qom-Riyadh,nahrung,20.7,20.800000000000004
2,3,Qom-Riyadh,rohstoffe,29.67,28.0
2,3,Qom-Riyadh,industrieteile,41.94,28.0
2,3,Qom-Riyadh,energie,40.51,20.800000000000004
2,3,Qom-Riyadh,luxus,80.22,31.424343999999998
2,3,Qom-Riyadh,biotech,77.62,28.0
2,3,Qom-Riyadh,core_daten,112.07,41.697376
2,3,Qom-Riyadh,relikte,142.97,28.0
2,3,Bressia,nahrung,22.0,17.98
2,3,Bressia,rohstoffe,31.3,33.396544000000006
2,3,Bressia,industrieteile,42.36,19.869999999999997
2,3,Bressia,energie,37.55,28.673488000000003
2,3,Bressia,luxus,78.01,25.0
2,3,Bressia,biotech,90.5,25.0
2,3,Bressia,core_daten,115.23,25.0
2,3,Bressia,relikte,152.42,25.0
2,3,Hebron,nahrung,20.65,19.400000000000002
2,3,Hebron,rohstoffe,29.45,26.0
2,3,Hebron,industrieteile,43.46,26.0
2,3,Hebron,energie,39.6,20.599999999999998
2,3,Hebron,luxus,74.15,29.581136
2,3,Hebron,biotech,89.79,21.199999999999996
2,3,Hebron,core_daten,112.98,26.0
2,3,Hebron,relikte,133.79,26.0
2,3,Hyperion,nahrung,19.74,19.679999999999996
2,3,Hyperion,rohstoffe,28.46,27.784703999999998
2,3,Hyperion,industrieteile,45.81,24.0
2,3,Hyperion,energie,41.97,18.96
2,3,Hyperion,luxus,85.27,19.295999999999996
2,3,Hyperion,biotech,83.85,24.0
2,3,Hyperion,core_daten,119.98,24.0
2,3,Hyperion,relikte,159.07,25.892352000000002
2,4,Lusus,nahrung,23.37,10.7
2,4,Lusus,rohstoffe,30.24,32.0
2,4,Lusus,industrieteile,43.39,32.0
2,4,Lusus,energie,37.73,19.200000000000003
2,4,Lusus,luxus,75.87,44.81734399999999
2,4,Lusus,biotech,78.93,32.0
2,4,Lusus,core_daten,112.38,40.54489600000001
2,4,Lusus,relikte,144.05,32.0
2,4,Tau Ceti,nahrung,20.06,55.495872000000006
2,4,Tau Ceti,rohstoffe,29.58,30.0
2,4,Tau Ceti,industrieteile,44.97,18.799999999999997
2,4,Tau Ceti,energie,37.35,18.799999999999997
2,4,Tau Ceti,luxus,78.7,30.0
2,4,Tau Ceti,biotech,77.33,36.373968
2,4,Tau Ceti,core_daten,107.03,30.0
2,4,Tau Ceti,relikte,137.3,30.0
2,4,Maui-Covenant,nahrung,19.93,30.337440000000008
2,4,Maui-Covenant,rohstoffe,28.73,26.0
2,4,Maui-Covenant,industrieteile,42.36,26.0
2,4,Maui-Covenant,energie,36.01,20.0
2,4,Maui-Covenant,luxus,84.61,22.0
2,4,Maui-Covenant,biotech,76.48,35.501183999999995
2,4,Maui-Covenant,core_daten,108.36,26.0
2,4,Maui-Covenant,relikte,141.08,26.0
2,4,Marsim,nahrung,20.47,16.599999999999994
2,4,Marsim,rohstoffe,34.22,10.5
2,4,Marsim,industrieteile,43.44,51.84168
2,4,Marsim,energie,36.35,43.505008000000004
2,4,Marsim,luxus,79.37,31.0
2,4,Marsim,biotech,77.69,31.0
2,4,Marsim,core_daten,110.54,31.0
2,4,Marsim,relikte,153.83,31.0
2,4,Qom-Riyadh,nahrung,20.12,18.400000000000006
2,4,Qom-Riyadh,rohstoffe,29.53,28.0
2,4,Qom-Riyadh,industrieteile,44.56,28.0
2,4,Qom-Riyadh,energie,36.66,18.400000000000006
2,4,Qom-Riyadh,luxus,75.01,32.623343999999996
2,4,Qom-Riyadh,biotech,84.89,28.0
2,4,Qom-Riyadh,core_daten,119.3,46.493376
2,4,Qom-Riyadh,relikte,137.32,28.0
2,4,Bressia,nahrung,20.61,15.64
2,4,Bressia,rohstoffe,26.38,36.52934400000001
2,4,Bressia,industrieteile,47.57,18.159999999999997
2,4,Bressia,energie,36.26,30.044088000000002
2,4,Bressia,luxus,83.54,25.0
2,4,Bressia,biotech,91.27,25.0
2,4,Bressia,core_daten,105.16,25.0
2,4,Bressia,relikte,158.34,25.0
2,4,Hebron,nahrung,23.0,17.200000000000003
2,4,Hebron,rohstoffe,29.08,26.0
2,4,Hebron,industrieteile,42.22,26.0
2,4,Hebron,energie,35.9,18.799999999999997
2,4,Hebron,luxus,84.65,30.927936000000003
2,4,Hebron,biotech,79.15,19.599999999999994
2,4,Hebron,core_daten,117.75,26.0
2,4,Hebron,relikte,133.32,26.0
2,4,Hyperion,nahrung,21.28,18.239999999999995
2,4,Hyperion,rohstoffe,26.17,25.718303999999996
2,4,Hyperion,industrieteile,46.29,24.0
2,4,Hyperion,energie,37.27,17.28
2,4,Hyperion,luxus,76.49,17.727999999999994
2,4,Hyperion,biotech,88.9,24.0
2,4,Hyperion,core_daten,103.33,24.0
2,4,Hyperion,relikte,153.38,26.609152
2,5,Lusus,nahrung,24.85,10.7
2,5,Lusus,rohstoffe,29.83,32.0
2,5,Lusus,industrieteile,43.96,32.0
2,5,Lusus,energie,39.24,16.000000000000004
2,5,Lusus,luxus,79.01,48.14134399999999
2,5,Lusus,biotech,86.11,32.0
2,5,Lusus,core_daten,119.41,42.76089600000001
2,5,Lusus,relikte,152.82,32.0
2,5,Tau Ceti,nahrung,19.79,56.10787200000001
2,5,Tau Ceti,rohstoffe,27.82,24.0
2,5,Tau Ceti,industrieteile,44.71,15.999999999999996
2,5,Tau Ceti,energie,37.49,15.999999999999996
2,5,Tau Ceti,luxus,81.38,30.0
2,5,Tau Ceti,biotech,76.82,38.026968
2,5,Tau Ceti,core_daten,118.22,30.0
2,5,Tau Ceti,relikte,146.6,30.0
2,5,Maui-Covenant,nahrung,21.11,32.17744000000001
2,5,Maui-Covenant,rohstoffe,28.17,26.0
2,5,Maui-Covenant,industrieteile,45.15,26.0
2,5,Maui-Covenant,energie,38.7,18.5
2,5,Maui-Covenant,luxus,84.6,21.0
2,5,Maui-Covenant,biotech,85.8,37.965183999999994
2,5,Maui-Covenant,core_daten,115.59,26.0
2,5,Maui-Covenant,relikte,154.47,26.0
2,5,Marsim,nahrung,21.79,12.999999999999995
2,5,Marsim,rohstoffe,36.57,10.5
2,5,Marsim,industrieteile,44.36,57.24668
2,5,Marsim,energie,37.51,46.748008000000006
2,5,Marsim,luxus,76.78,31.0
2,5,Marsim,biotech,83.47,31.0
2,5,Marsim,core_daten,112.25,31.0
2,5,Marsim,relikte,138.02,31.0
2,5,Qom-Riyadh,nahrung,22.31,16.000000000000007
2,5,Qom-Riyadh,rohstoffe,28.47,28.0
2,5,Qom-Riyadh,industrieteile,45.3,28.0
2,5,Qom-Riyadh,energie,39.11,16.000000000000007
2,5,Qom-Riyadh,luxus,83.02,33.822343999999994
2,5,Qom-Riyadh,biotech,79.5,28.0
2,5,Qom-Riyadh,core_daten,108.06,51.289376
2,5,Qom-Riyadh,relikte,145.72,28.0
2,5,Bressia,nahrung,22.96,13.3
2,5,Bressia,rohstoffe,30.74,39.66214400000001
2,5,Bressia,industrieteile,46.53,16.449999999999996
2,5,Bressia,energie,35.52,31.414688
2,5,Bressia,luxus,78.18,25.0
2,5,Bressia,biotech,76.28,25.0
2,5,Bressia,core_daten,111.88,25.0
2,5,Bressia,relikte,159.6,25.0
2,5,Hebron,nahrung,20.76,15.000000000000004
2,5,Hebron,rohstoffe,29.57,26.0
2,5,Hebron,industrieteile,43.75,26.0
2,5,Hebron,energie,35.91,16.999999999999996
2,5,Hebron,luxus,81.51,32.274736000000004
2,5,Hebron,biotech,78.36,17.999999999999993
2,5,Hebron,core_daten,105.99,26.0
2,5,Hebron,relikte,147.7,26.0
2,5,Hyperion,nahrung,19.66,16.799999999999994
2,5,Hyperion,rohstoffe,31.01,27.118303999999995
2,5,Hyperion,industrieteile,42.19,24.0
2,5,Hyperion,energie,39.57,15.600000000000001
2,5,Hyperion,luxus,88.77,16.159999999999993
2,5,Hyperion,biotech,75.73,24.0
2,5,Hyperion,core_daten,123.76,24.0
2,5,Hyperion,relikte,132.46,27.309152
2,6,Lusus,nahrung,25.92,10.7
2,6,Lusus,rohstoffe,30.21,32.0
2,6,Lusus,industrieteile,41.89,32.0
2,6,Lusus,energie,42.13,12.800000000000004
2,6,Lusus,luxus,79.84,51.46534399999999
2,6,Lusus,biotech,81.32,32.0
2,6,Lusus,core_daten,107.48,44.97689600000001
2,6,Lusus,relikte,139.93,32.0
2,6,Tau Ceti,nahrung,20.4,55.619872
2,6,Tau Ceti,rohstoffe,27.95,24.0
2,6,Tau Ceti,industrieteile,45.08,13.199999999999996
2,6,Tau Ceti,energie,41.09,13.199999999999996
2,6,Tau Ceti,luxus,77.47,30.0
2,6,Tau Ceti,biotech,82.7,39.679967999999995
2,6,Tau Ceti,core_daten,105.98,30.0
2,6,Tau Ceti,relikte,138.34,30.0
2,6,Maui-Covenant,nahrung,21.36,34.41744000000001
2,6,Maui-Covenant,rohstoffe,29.91,26.0
2,6,Maui-Covenant,industrieteile,41.74,26.0
2,6,Maui-Covenant,energie,36.11,17.0
2,6,Maui-Covenant,luxus,77.88,20.0
2,6,Maui-Covenant,biotech,79.89,40.42918399999999
2,6,Maui-Covenant,core_daten,110.89,26.0
2,6,Maui-Covenant,relikte,146.61,26.0
2,6,Marsim,nahrung,21.64,10.5
2,6,Marsim,rohstoffe,37.9,10.5
2,6,Marsim,industrieteile,44.03,62.65168
2,6,Marsim,energie,38.72,49.99100800000001
2,6,Marsim,luxus,81.14,31.0
2,6,Marsim,biotech,82.47,31.0
2,6,Marsim,core_daten,109.15,31.0
2,6,Marsim,relikte,151.25,31.0
2,6,Qom-Riyadh,nahrung,20.91,13.200000000000006
2,6,Qom-Riyadh,rohstoffe,29.78,28.0
2,6,Qom-Riyadh,industrieteile,42.43,28.0
2,6,Qom-Riyadh,energie,39.88,13.600000000000007
2,6,Qom-Riyadh,luxus,78.59,35.02134399999999
2,6,Qom-Riyadh,biotech,83.31,28.0
2,6,Qom-Riyadh,core_daten,109.78,56.085376
2,6,Qom-Riyadh,relikte,146.68,28.0
2,6,Bressia,nahrung,23.0,10.96
2,6,Bressia,rohstoffe,28.16,42.794944000000015
2,6,Bressia,industrieteile,46.35,14.739999999999995
2,6,Bressia,energie,37.96,32.785288
2,6,Bressia,luxus,79.34,25.0
2,6,Bressia,biotech,81.89,25.0
2,6,Bressia,core_daten,115.74,25.0
2,6,Bressia,relikte,152.95,25.0
2,6,Hebron,nahrung,20.14,12.800000000000004
2,6,Hebron,rohstoffe,26.55,20.0
2,6,Hebron,industrieteile,45.41,26.0
2,6,Hebron,energie,35.65,15.199999999999996
2,6,Hebron,luxus,83.06,33.621536000000006
2,6,Hebron,biotech,89.93,16.39999999999999
2,6,Hebron,core_daten,106.7,26.0
2,6,Hebron,relikte,149.26,26.0
2,6,Hyperion,nahrung,20.21,15.359999999999994
2,6,Hyperion,rohstoffe,30.55,28.518303999999993
2,6,Hyperion,industrieteile,40.31,24.0
2,6,Hyperion,energie,35.9,13.920000000000002
2,6,Hyperion,luxus,74.59,14.591999999999993
2,6,Hyperion,biotech,85.33,24.0
2,6,Hyperion,core_daten,106.69,24.0
2,6,Hyperion,relikte,140.04,28.009152
2,7,Lusus,nahrung,26.18,10.7
2,7,Lusus,rohstoffe,29.3,32.0
2,7,Lusus,industrieteile,43.08,32.0
2,7,Lusus,energie,41.38,10.7
2,7,Lusus,luxus,73.4,54.789343999999986
2,7,Lusus,biotech,84.82,32.0
2,7,Lusus,core_daten,109.73,47.19289600000001
2,7,Lusus,relikte,151.4,32.0
2,7,Tau Ceti,nahrung,20.53,53.13187200000001
2,7,Tau Ceti,rohstoffe,30.01,24.0
2,7,Tau Ceti,industrieteile,43.73,10.399999999999995
2,7,Tau Ceti,energie,42.57,10.399999999999995
2,7,Tau Ceti,luxus,74.66,30.0
2,7,Tau Ceti,biotech,81.44,41.332967999999994
2,7,Tau Ceti,core_daten,112.37,30.0
2,7,Tau Ceti,relikte,154.04,30.0
2,7,Maui-Covenant,nahrung,21.38,36.657440000000015
2,7,Maui-Covenant,rohstoffe,30.24,26.0
2,7,Maui-Covenant,industrieteile,44.98,26.0
2,7,Maui-Covenant,energie,38.15,15.5
2,7,Maui-Covenant,luxus,77.14,19.0
2,7,Maui-Covenant,biotech,77.62,42.89318399999999
2,7,Maui-Covenant,core_daten,115.84,26.0
2,7,Maui-Covenant,relikte,153.87,26.0
2,7,Marsim,nahrung,23.15,10.5
2,7,Marsim,rohstoffe,36.47,10.5
2,7,Marsim,industrieteile,42.99,68.05668
2,7,Marsim,energie,38.11,52.134008000000016
2,7,Marsim,luxus,76.22,31.0
2,7,Marsim,biotech,83.62,31.0
2,7,Marsim,core_daten,108.26,31.0
2,7,Marsim,relikte,136.16,31.0
2,7,Qom-Riyadh,nahrung,20.47,9.9
2,7,Qom-Riyadh,rohstoffe,28.42,28.0
2,7,Qom-Riyadh,industrieteile,43.8,28.0
2,7,Qom-Riyadh,energie,38.23,11.200000000000006
2,7,Qom-Riyadh,luxus,77.54,36.22034399999999
2,7,Qom-Riyadh,biotech,83.72,28.0
2,7,Qom-Riyadh,core_daten,108.61,60.881375999999996
2,7,Qom-Riyadh,relikte,145.64,28.0
2,7,Bressia,nahrung,22.67,8.620000000000001
2,7,Bressia,rohstoffe,28.39,39.92774400000002
2,7,Bressia,industrieteile,43.2,13.029999999999994
2,7,Bressia,energie,39.68,34.155888000000004
2,7,Bressia,luxus,82.88,25.0
2,7,Bressia,biotech,78.76,25.0
2,7,Bressia,core_daten,121.48,25.0
2,7,Bressia,relikte,151.42,25.0
2,7,Hebron,nahrung,23.16,10.600000000000005
2,7,Hebron,rohstoffe,30.1,20.0
2,7,Hebron,industrieteile,42.71,26.0
2,7,Hebron,energie,40.5,13.399999999999995
2,7,Hebron,luxus,75.8,34.96833600000001
2,7,Hebron,biotech,88.73,14.799999999999992
2,7,Hebron,core_daten,103.77,26.0
2,7,Hebron,relikte,141.16,26.0
2,7,Hyperion,nahrung,21.28,13.919999999999995
2,7,Hyperion,rohstoffe,30.56,29.918303999999992
2,7,Hyperion,industrieteile,44.31,24.0
2,7,Hyperion,energie,42.02,12.240000000000002
2,7,Hyperion,luxus,88.17,13.023999999999994
2,7,Hyperion,biotech,89.3,24.0
2,7,Hyperion,core_daten,115.48,24.0
2,7,Hyperion,relikte,148.4,28.709152
2,8,Lusus,nahrung,24.51,10.7
2,8,Lusus,rohstoffe,29.52,32.0
2,8,Lusus,industrieteile,43.27,32.0
2,8,Lusus,energie,39.71,10.7
2,8,Lusus,luxus,75.67,58.113343999999984
2,8,Lusus,biotech,78.65,32.0
2,8,Lusus,core_daten,115.34,49.40889600000001
2,8,Lusus,relikte,146.63,32.0
2,8,Tau Ceti,nahrung,19.97,47.74387200000001
2,8,Tau Ceti,rohstoffe,29.19,24.0
2,8,Tau Ceti,industrieteile,48.55,10.3
2,8,Tau Ceti,energie,39.82,10.3
2,8,Tau Ceti,luxus,78.18,30.0
2,8,Tau Ceti,biotech,86.43,42.98596799999999
2,8,Tau Ceti,core_daten,107.46,30.0
2,8,Tau Ceti,relikte,140.12,30.0
2,8,Maui-Covenant,nahrung,21.04,38.49744000000002
2,8,Maui-Covenant,rohstoffe,29.72,26.0
2,8,Maui-Covenant,industrieteile,45.07,26.0
2,8,Maui-Covenant,energie,38.15,14.0
2,8,Maui-Covenant,luxus,83.73,18.0
2,8,Maui-Covenant,biotech,77.29,45.35718399999999
2,8,Maui-Covenant,core_daten,111.18,26.0
2,8,Maui-Covenant,relikte,152.11,26.0
2,8,Marsim,nahrung,23.15,10.5
2,8,Marsim,rohstoffe,36.95,10.5
2,8,Marsim,industrieteile,42.98,70.76168
2,8,Marsim,energie,37.29,48.37700800000002
2,8,Marsim,luxus,79.19,31.0
2,8,Marsim,biotech,85.6,31.0
2,8,Marsim,core_daten,119.45,31.0
2,8,Marsim,relikte,139.36,31.0
2,8,Qom-Riyadh,nahrung,22.78,9.9
2,8,Qom-Riyadh,rohstoffe,30.09,28.0
2,8,Qom-Riyadh,industrieteile,43.31,28.0
2,8,Qom-Riyadh,energie,40.22,9.9
2,8,Qom-Riyadh,luxus,77.27,37.41934399999999
2,8,Qom-Riyadh,biotech,81.54,28.0
2,8,Qom-Riyadh,core_daten,113.11,65.677376
2,8,Qom-Riyadh,relikte,147.29,28.0
2,8,Bressia,nahrung,20.94,6.280000000000001
2,8,Bressia,rohstoffe,31.69,43.06054400000002
2,8,Bressia,industrieteile,44.14,11.319999999999993
2,8,Bressia,energie,38.6,35.52648800000001
2,8,Bressia,luxus,75.18,25.0
2,8,Bressia,biotech,85.87,25.0
2,8,Bressia,core_daten,105.34,25.0
2,8,Bressia,relikte,142.39,25.0
2,8,Hebron,nahrung,21.37,8.400000000000006
2,8,Hebron,rohstoffe,27.53,14.0
2,8,Hebron,industrieteile,42.65,26.0
2,8,Hebron,energie,36.57,11.599999999999994
2,8,Hebron,luxus,78.43,36.31513600000001
2,8,Hebron,biotech,91.76,13.199999999999992
2,8,Hebron,core_daten,115.61,26.0
2,8,Hebron,relikte,158.6,26.0
2,8,Hyperion,nahrung,23.16,12.479999999999995
2,8,Hyperion,rohstoffe,28.32,31.31830399999999
2,8,Hyperion,industrieteile,42.53,24.0
2,8,Hyperion,energie,41.19,10.560000000000002
2,8,Hyperion,luxus,88.95,11.455999999999994
2,8,Hyperion,biotech,82.54,24.0
2,8,Hyperion,core_daten,116.56,24.0
2,8,Hyperion,relikte,150.39,29.409152
2,9,Lusus,nahrung,25.44,10.7
2,9,Lusus,rohstoffe,28.08,32.0
2,9,Lusus,industrieteile,42.39,32.0
2,9,Lusus,energie,41.37,10.7
2,9,Lusus,luxus,81.28,61.43734399999998
2,9,Lusus,biotech,78.01,32.0
2,9,Lusus,core_daten,106.63,51.624896000000014
2,9,Lusus,relikte,152.68,32.0
2,9,Tau Ceti,nahrung,20.8,53.955872000000014
2,9,Tau Ceti,rohstoffe,29.22,24.0
2,9,Tau Ceti,industrieteile,50.8,10.3
2,9,Tau Ceti,energie,42.34,10.3
2,9,Tau Ceti,luxus,79.41,30.0
2,9,Tau Ceti,biotech,85.97,44.63896799999999
2,9,Tau Ceti,core_daten,114.42,30.0
2,9,Tau Ceti,relikte,144.02,30.0
2,9,Maui-Covenant,nahrung,19.95,28.73744000000002
2,9,Maui-Covenant,rohstoffe,27.24,20.0
2,9,Maui-Covenant,industrieteile,44.36,26.0
2,9,Maui-Covenant,energie,40.78,12.5
2,9,Maui-Covenant,luxus,79.64,17.0
2,9,Maui-Covenant,biotech,81.52,47.82118399999999
2,9,Maui-Covenant,core_daten,115.4,26.0
2,9,Maui-Covenant,relikte,147.45,26.0
2,9,Marsim,nahrung,22.02,10.5
2,9,Marsim,rohstoffe,39.16,10.5
2,9,Marsim,industrieteile,42.72,76.16668
2,9,Marsim,energie,38.39,43.22000800000002
2,9,Marsim,luxus,80.6,31.0
2,9,Marsim,biotech,80.95,31.0
2,9,Marsim,core_daten,115.49,31.0
2,9,Marsim,relikte,139.17,31.0
2,9,Qom-Riyadh,nahrung,22.19,9.9
2,9,Qom-Riyadh,rohstoffe,29.02,28.0
2,9,Qom-Riyadh,industrieteile,43.43,28.0
2,9,Qom-Riyadh,energie,39.6,9.9
2,9,Qom-Riyadh,luxus,75.32,38.618343999999986
2,9,Qom-Riyadh,biotech,77.53,28.0
2,9,Qom-Riyadh,core_daten,106.53,70.473376
2,9,Qom-Riyadh,relikte,139.35,28.0
2,9,Bressia,nahrung,23.3,3.940000000000001
2,9,Bressia,rohstoffe,29.29,46.193344000000025
2,9,Bressia,industrieteile,48.45,9.609999999999992
2,9,Bressia,energie,37.79,36.89708800000001
2,9,Bressia,luxus,83.9,25.0
2,9,Bressia,biotech,76.2,25.0
2,9,Bressia,core_daten,111.37,25.0
2,9,Bressia,relikte,136.29,25.0
2,9,Hebron,nahrung,22.28,6.2000000000000055
2,9,Hebron,rohstoffe,29.09,14.0
2,9,Hebron,industrieteile,43.44,26.0
2,9,Hebron,energie,39.03,9.799999999999994
2,9,Hebron,luxus,76.55,37.66193600000001
2,9,Hebron,biotech,84.75,11.599999999999993
2,9,Hebron,core_daten,104.29,26.0
2,9,Hebron,relikte,136.9,26.0
2,9,Hyperion,nahrung,21.34,11.039999999999996
2,9,Hyperion,rohstoffe,28.8,32.71830399999999
2,9,Hyperion,industrieteile,39.51,21.2
2,9,Hyperion,energie,42.18,8.880000000000003
2,9,Hyperion,luxus,76.06,9.887999999999995
2,9,Hyperion,biotech,76.02,24.0
2,9,Hyperion,core_daten,111.81,24.0
2,9,Hyperion,relikte,140.35,30.109151999999998
2,10,Lusus,nahrung,26.03,10.7
2,10,Lusus,rohstoffe,28.78,32.0
2,10,Lusus,industrieteile,44.22,32.0
2,10,Lusus,energie,41.35,10.7
2,10,Lusus,luxus,79.98,64.76134399999998
2,10,Lusus,biotech,80.7,32.0
2,10,Lusus,core_daten,106.72,53.840896000000015
2,10,Lusus,relikte,136.93,32.0
2,10,Tau Ceti,nahrung,19.92,60.16787200000002
2,10,Tau Ceti,rohstoffe,28.3,24.0
2,10,Tau Ceti,industrieteile,46.85,10.3
2,10,Tau Ceti,energie,41.41,10.3
2,10,Tau Ceti,luxus,80.42,30.0
2,10,Tau Ceti,biotech,85.6,46.29196799999999
2,10,Tau Ceti,core_daten,107.58,30.0
2,10,Tau Ceti,relikte,153.51,30.0
2,10,Maui-Covenant,nahrung,19.49,18.977440000000023
2,10,Maui-Covenant,rohstoffe,29.98,20.0
2,10,Maui-Covenant,industrieteile,45.41,26.0
2,10,Maui-Covenant,energie,38.34,9.5
2,10,Maui-Covenant,luxus,84.43,16.0
2,10,Maui-Covenant,biotech,81.24,50.28518399999999
2,10,Maui-Covenant,core_daten,113.71,26.0
2,10,Maui-Covenant,relikte,152.12,26.0
2,10,Marsim,nahrung,23.95,10.5
2,10,Marsim,rohstoffe,36.25,10.5
2,10,Marsim,industrieteile,40.9,78.77168
2,10,Marsim,energie,39.37,39.563008000000025
2,10,Marsim,luxus,79.63,31.0
2,10,Marsim,biotech,85.79,31.0
2,10,Marsim,core_daten,108.57,31.0
2,10,Marsim,relikte,151.39,31.0
2,10,Qom-Riyadh,nahrung,21.1,9.9
2,10,Qom-Riyadh,rohstoffe,27.18,22.0
2,10,Qom-Riyadh,industrieteile,41.57,28.0
2,10,Qom-Riyadh,energie,42.91,9.9
2,10,Qom-Riyadh,luxus,77.37,39.817343999999984
2,10,Qom-Riyadh,biotech,81.08,28.0
2,10,Qom-Riyadh,core_daten,108.86,75.269376
2,10,Qom-Riyadh,relikte,137.32,28.0
2,10,Bressia,nahrung,25.16,1.6000000000000005
2,10,Bressia,rohstoffe,28.89,49.32614400000003
2,10,Bressia,industrieteile,45.78,7.899999999999992
2,10,Bressia,energie,39.93,38.267688000000014
2,10,Bressia,luxus,76.89,25.0
2,10,Bressia,biotech,91.47,25.0
2,10,Bressia,core_daten,123.73,25.0
2,10,Bressia,relikte,149.27,25.0
2,10,Hebron,nahrung,21.12,4.000000000000005
2,10,Hebron,rohstoffe,29.02,14.0
2,10,Hebron,industrieteile,43.75,26.0
2,10,Hebron,energie,41.06,7.999999999999994
2,10,Hebron,luxus,77.39,39.00873600000001
2,10,Hebron,biotech,92.5,9.999999999999993
2,10,Hebron,core_daten,123.58,26.0
2,10,Hebron,relikte,151.12,26.0
2,10,Hyperion,nahrung,19.59,9.599999999999996
2,10,Hyperion,rohstoffe,29.12,34.11830399999999
2,10,Hyperion,industrieteile,43.88,21.2
2,10,Hyperion,energie,40.4,7.200000000000003
2,10,Hyperion,luxus,91.76,8.319999999999995
2,10,Hyperion,biotech,74.86,24.0
2,10,Hyperion,core_daten,102.47,24.0
2,10,Hyperion,relikte,151.12,30.809151999999997
2,11,Lusus,nahrung,26.45,4.299999999999999
2,11,Lusus,rohstoffe,27.93,32.0
2,11,Lusus,industrieteile,44.76,32.0
2,11,Lusus,energie,43.1,7.499999999999999
2,11,Lusus,luxus,79.83,68.08534399999998
2,11,Lusus,biotech,80.09,32.0
2,11,Lusus,core_daten,106.07,56.056896000000016
2,11,Lusus,relikte,153.65,32.0
2,11,Tau Ceti,nahrung,21.74,63.479872000000015
2,11,Tau Ceti,rohstoffe,30.03,24.0
2,11,Tau Ceti,industrieteile,48.29,7.500000000000001
2,11,Tau Ceti,energie,39.94,7.500000000000001
2,11,Tau Ceti,luxus,80.02,30.0
2,11,Tau Ceti,biotech,80.38,47.94496799999999
2,11,Tau Ceti,core_daten,108.19,30.0
2,11,Tau Ceti,relikte,137.82,30.0
2,11,Maui-Covenant,nahrung,20.61,15.217440000000025
2,11,Maui-Covenant,rohstoffe,27.27,20.0
2,11,Maui-Covenant,industrieteile,41.49,26.0
2,11,Maui-Covenant,energie,42.04,8.0
2,11,Maui-Covenant,luxus,86.07,15.0
2,11,Maui-Covenant,biotech,85.16,52.749183999999985
2,11,Maui-Covenant,core_daten,113.0,26.0
2,11,Maui-Covenant,relikte,150.36,26.0
2,11,Marsim,nahrung,21.7,6.9
2,11,Marsim,rohstoffe,37.78,10.5
2,11,Marsim,industrieteile,45.0,84.17668
2,11,Marsim,energie,38.79,42.80600800000003
2,11,Marsim,luxus,83.6,31.0
2,11,Marsim,biotech,82.93,31.0
2,11,Marsim,core_daten,109.77,31.0
2,11,Marsim,relikte,136.03,31.0
2,11,Qom-Riyadh,nahrung,21.41,7.5
2,11,Qom-Riyadh,rohstoffe,29.73,22.0
2,11,Qom-Riyadh,industrieteile,42.88,28.0
2,11,Qom-Riyadh,energie,41.33,7.5
2,11,Qom-Riyadh,luxus,81.52,41.01634399999998
2,11,Qom-Riyadh,biotech,79.56,28.0
2,11,Qom-Riyadh,core_daten,106.71,80.06537599999999
2,11,Qom-Riyadh,relikte,152.42,28.0
2,11,Bressia,nahrung,33.55,9.3
2,11,Bressia,rohstoffe,26.68,46.45894400000003
2,11,Bressia,industrieteile,50.91,6.189999999999992
2,11,Bressia,energie,40.56,39.63828800000002
2,11,Bressia,luxus,84.56,25.0
2,11,Bressia,biotech,79.3,25.0
2,11,Bressia,core_daten,111.17,25.0
2,11,Bressia,relikte,154.59,25.0
2,11,Hebron,nahrung,25.36,1.8000000000000052
2,11,Hebron,rohstoffe,27.85,14.0
2,11,Hebron,industrieteile,46.61,26.0
2,11,Hebron,energie,39.05,6.199999999999994
2,11,Hebron,luxus,84.39,40.355536000000015
2,11,Hebron,biotech,83.76,8.399999999999993
2,11,Hebron,core_daten,111.89,26.0
2,11,Hebron,relikte,159.22,26.0
2,11,Hyperion,nahrung,22.41,8.159999999999997
2,11,Hyperion,rohstoffe,29.82,35.518303999999986
2,11,Hyperion,industrieteile,46.02,21.2
2,11,Hyperion,energie,41.78,5.520000000000003
2,11,Hyperion,luxus,86.79,6.751999999999995
2,11,Hyperion,biotech,87.0,24.0
2,11,Hyperion,core_daten,113.62,24.0
2,11,Hyperion,relikte,157.61,31.509151999999997
2,12,Lusus,nahrung,42.74,10.7
2,12,Lusus,rohstoffe,27.66,26.0
2,12,Lusus,industrieteile,44.77,32.0
2,12,Lusus,energie,41.95,4.299999999999999
2,12,Lusus,luxus,73.33,71.40934399999998
2,12,Lusus,biotech,82.41,32.0
2,12,Lusus,core_daten,114.81,58.27289600000002
2,12,Lusus,relikte,153.74,32.0
2,12,Tau Ceti,nahrung,21.99,65.391872
2,12,Tau Ceti,rohstoffe,28.97,24.0
2,12,Tau Ceti,industrieteile,52.47,10.3
2,12,Tau Ceti,energie,43.18,4.700000000000001
2,12,Tau Ceti,luxus,82.26,30.0
2,12,Tau Ceti,biotech,83.19,49.59796799999999
2,12,Tau Ceti,core_daten,107.28,30.0
2,12,Tau Ceti,relikte,147.35,30.0
2,12,Maui-Covenant,nahrung,19.69,9.5
2,12,Maui-Covenant,rohstoffe,27.96,20.0
2,12,Maui-Covenant,industrieteile,41.85,26.0
2,12,Maui-Covenant,energie,42.26,6.5
2,12,Maui-Covenant,luxus,78.87,14.0
2,12,Maui-Covenant,biotech,79.84,55.213183999999984
2,12,Maui-Covenant,core_daten,113.75,26.0
2,12,Maui-Covenant,relikte,139.98,26.0
2,12,Marsim,nahrung,24.17,3.3000000000000007
2,12,Marsim,rohstoffe,36.24,10.5
2,12,Marsim,industrieteile,43.61,89.58168
2,12,Marsim,energie,38.79,46.04900800000003
2,12,Marsim,luxus,79.53,31.0
2,12,Marsim,biotech,85.43,31.0
2,12,Marsim,core_daten,112.46,31.0
2,12,Marsim,relikte,149.5,31.0
2,12,Qom-Riyadh,nahrung,21.42,5.1
2,12,Qom-Riyadh,rohstoffe,28.12,22.0
2,12,Qom-Riyadh,industrieteile,41.75,17.57999999999999
2,12,Qom-Riyadh,energie,44.14,5.1
2,12,Qom-Riyadh,luxus,78.44,42.21534399999998
2,12,Qom-Riyadh,biotech,80.41,28.0
2,12,Qom-Riyadh,core_daten,114.22,84.86137599999998
2,12,Qom-Riyadh,relikte,153.67,28.0
2,12,Bressia,nahrung,24.22,6.960000000000001
2,12,Bressia,rohstoffe,31.06,49.575923200000034
2,12,Bressia,industrieteile,52.31,9.3
2,12,Bressia,energie,41.17,41.001966400000015
2,12,Bressia,luxus,81.48,25.0
2,12,Bressia,biotech,83.52,25.0
2,12,Bressia,core_daten,112.14,25.0
2,12,Bressia,relikte,141.48,25.0
2,12,Hebron,nahrung,30.51,1.9574400000000267
2,12,Hebron,rohstoffe,28.7,14.0
2,12,Hebron,industrieteile,45.73,26.0
2,12,Hebron,energie,39.61,4.399999999999994
2,12,Hebron,luxus,76.83,41.70233600000002
2,12,Hebron,biotech,87.8,6.799999999999994
2,12,Hebron,core_daten,112.42,26.0
2,12,Hebron,relikte,133.21,26.0
2,12,Hyperion,nahrung,22.29,6.719999999999996
2,12,Hyperion,rohstoffe,30.36,36.918303999999985
2,12,Hyperion,industrieteile,46.25,21.2
2,12,Hyperion,energie,40.89,3.840000000000003
2,12,Hyperion,luxus,82.53,5.183999999999996
2,12,Hyperion,biotech,85.52,24.0
2,12,Hyperion,core_daten,118.47,24.0
2,12,Hyperion,relikte,136.2,32.209151999999996
2,13,Lusus,nahrung,24.14,10.299999999999999
2,13,Lusus,rohstoffe,28.75,26.0
2,13,Lusus,industrieteile,43.82,32.0
2,13,Lusus,energie,63.37,10.7
2,13,Lusus,luxus,65.99,69.23206399999997
2,13,Lusus,biotech,73.4,32.0
2,13,Lusus,core_daten,90.31,60.477376000000014
2,13,Lusus,relikte,156.21,32.0
2,13,Tau Ceti,nahrung,17.12,48.003872
2,13,Tau Ceti,rohstoffe,32.69,24.0
2,13,Tau Ceti,industrieteile,50.43,10.3
2,13,Tau Ceti,energie,48.87,10.3
2,13,Tau Ceti,luxus,71.12,30.0
2,13,Tau Ceti,biotech,93.64,51.250967999999986
2,13,Tau Ceti,core_daten,94.57,30.0
2,13,Tau Ceti,relikte,149.87,30.0
2,13,Maui-Covenant,nahrung,23.85,9.5
2,13,Maui-Covenant,rohstoffe,30.43,20.0
2,13,Maui-Covenant,industrieteile,34.74,26.0
2,13,Maui-Covenant,energie,34.23,5.0
2,13,Maui-Covenant,luxus,74.76,13.0
2,13,Maui-Covenant,biotech,88.89,57.67718399999998
2,13,Maui-Covenant,core_daten,95.78,26.0
2,13,Maui-Covenant,relikte,173.05,26.0
2,13,Marsim,nahrung,42.03,8.24
2,13,Marsim,rohstoffe,38.32,10.5
2,13,Marsim,industrieteile,49.05,94.98668
2,13,Marsim,energie,39.47,41.15200800000003
2,13,Marsim,luxus,67.58,31.0
2,13,Marsim,biotech,78.35,31.0
2,13,Marsim,core_daten,90.3,31.0
2,13,Marsim,relikte,141.19,31.0
2,13,Qom-Riyadh,nahrung,28.65,8.7
2,13,Qom-Riyadh,rohstoffe,27.39,16.0
2,13,Qom-Riyadh,industrieteile,45.92,17.57999999999999
2,13,Qom-Riyadh,energie,42.58,9.9
2,13,Qom-Riyadh,luxus,84.14,43.41434399999998
2,13,Qom-Riyadh,biotech,76.1,28.0
2,13,Qom-Riyadh,core_daten,131.03,89.65737599999997
2,13,Qom-Riyadh,relikte,139.8,28.0
2,13,Bressia,nahrung,20.02,4.620000000000001
2,13,Bressia,rohstoffe,28.05,52.69290240000004
2,13,Bressia,industrieteile,35.43,7.590000000000001
2,13,Bressia,energie,34.76,18.365644800000013
2,13,Bressia,luxus,92.53,25.0
2,13,Bressia,biotech,80.25,25.0
2,13,Bressia,core_daten,112.37,25.0
2,13,Bressia,relikte,123.69,25.0
2,13,Hebron,nahrung,37.87,6.0
2,13,Hebron,rohstoffe,35.58,14.0
2,13,Hebron,industrieteile,40.33,26.0
2,13,Hebron,energie,30.31,2.5999999999999943
2,13,Hebron,luxus,74.9,43.042974000000015
2,13,Hebron,biotech,117.18,9.5
2,13,Hebron,core_daten,123.48,26.0
2,13,Hebron,relikte,120.78,26.0
2,13,Hyperion,nahrung,16.59,5.279999999999996
2,13,Hyperion,rohstoffe,35.25,38.31830399999998
2,13,Hyperion,industrieteile,31.61,18.4
2,13,Hyperion,energie,47.81,9.100000000000001
2,13,Hyperion,luxus,97.11,9.1
2,13,Hyperion,biotech,65.66,19.699999999999996
2,13,Hyperion,core_daten,108.82,24.0
2,13,Hyperion,relikte,177.49,32.909152
2,14,Lusus,nahrung,21.24,3.8999999999999986
2,14,Lusus,rohstoffe,22.93,26.0
2,14,Lusus,industrieteile,38.4,29.2
2,14,Lusus,energie,33.74,7.499999999999999
2,14,Lusus,luxus,92.1,72.53878399999996
2,14,Lusus,biotech,67.32,30.4
2,14,Lusus,core_daten,105.8,62.68185600000001
2,14,Lusus,relikte,166.33,32.0
2,14,Tau Ceti,nahrung,20.46,50.995872000000006
2,14,Tau Ceti,rohstoffe,25.35,24.0
2,14,Tau Ceti,industrieteile,39.45,10.3
2,14,Tau Ceti,energie,36.42,7.500000000000001
2,14,Tau Ceti,luxus,72.51,30.0
2,14,Tau Ceti,biotech,92.88,52.903967999999985
2,14,Tau Ceti,core_daten,109.53,30.0
2,14,Tau Ceti,relikte,148.18,30.0
2,14,Maui-Covenant,nahrung,18.9,9.5
2,14,Maui-Covenant,rohstoffe,27.47,20.0
2,14,Maui-Covenant,industrieteile,50.37,26.0
2,14,Maui-Covenant,energie,35.3,3.5
2,14,Maui-Covenant,luxus,89.31,12.0
2,14,Maui-Covenant,biotech,74.79,60.14118399999998
2,14,Maui-Covenant,core_daten,108.97,26.0
2,14,Maui-Covenant,relikte,158.79,26.0
2,14,Marsim,nahrung,21.99,10.5
2,14,Marsim,rohstoffe,37.03,10.5
2,14,Marsim,industrieteile,42.18,100.36828000000001
2,14,Marsim,energie,37.15,41.68096800000002
2,14,Marsim,luxus,64.76,31.0
2,14,Marsim,biotech,77.95,31.0
2,14,Marsim,core_daten,106.97,31.0
2,14,Marsim,relikte,140.07,31.0
2,14,Qom-Riyadh,nahrung,20.3,6.299999999999999
2,14,Qom-Riyadh,rohstoffe,28.03,16.0
2,14,Qom-Riyadh,industrieteile,47.29,17.57999999999999
2,14,Qom-Riyadh,energie,33.47,7.5
2,14,Qom-Riyadh,luxus,64.57,44.61334399999998
2,14,Qom-Riyadh,biotech,82.9,28.0
2,14,Qom-Riyadh,core_daten,115.4,94.45337599999996
2,14,Qom-Riyadh,relikte,163.29,28.0
2,14,Bressia,nahrung,17.61,2.2800000000000007
2,14,Bressia,rohstoffe,20.36,49.80988160000004
2,14,Bressia,industrieteile,52.6,9.3
2,14,Bressia,energie,32.18,12.049323200000016
2,14,Bressia,luxus,80.21,25.0
2,14,Bressia,biotech,74.37,25.0
2,14,Bressia,core_daten,86.29,25.0
2,14,Bressia,relikte,153.86,25.0
2,14,Hebron,nahrung,20.31,3.8
2,14,Hebron,rohstoffe,28.46,14.0
2,14,Hebron,industrieteile,52.6,26.0
2,14,Hebron,energie,49.18,9.5
2,14,Hebron,luxus,95.18,44.37757280320002
2,14,Hebron,biotech,78.88,9.5
2,14,Hebron,core_daten,90.41,26.0
2,14,Hebron,relikte,136.62,26.0
2,14,Hyperion,nahrung,19.58,3.8399999999999954
2,14,Hyperion,rohstoffe,32.42,39.71830399999998
2,14,Hyperion,industrieteile,32.79,14.979999999999999
2,14,Hyperion,energie,45.54,9.1
2,14,Hyperion,luxus,70.35,7.532
2,14,Hyperion,biotech,77.48,19.699999999999996
2,14,Hyperion,core_daten,92.92,24.0
2,14,Hyperion,relikte,112.61,33.609152
2,15,Lusus,nahrung,43.76,8.07872
2,15,Lusus,rohstoffe,27.6,26.0
2,15,Lusus,industrieteile,42.42,29.2
2,15,Lusus,energie,46.17,10.299999999999999
2,15,Lusus,luxus,82.37,75.60742015999996
2,15,Lusus,biotech,78.97,30.4
2,15,Lusus,core_daten,110.26,64.72761344000001
2,15,Lusus,relikte,143.14,32.0
2,15,Tau Ceti,nahrung,21.75,39.13180800000001
2,15,Tau Ceti,rohstoffe,30.16,24.0
2,15,Tau Ceti,industrieteile,49.4,10.3
2,15,Tau Ceti,energie,41.13,10.3
2,15,Tau Ceti,luxus,73.72,26.864
2,15,Tau Ceti,biotech,83.14,54.43795199999998
2,15,Tau Ceti,core_daten,106.98,30.0
2,15,Tau Ceti,relikte,138.26,30.0
2,15,Maui-Covenant,nahrung,21.65,9.5
2,15,Maui-Covenant,rohstoffe,27.17,14.0
2,15,Maui-Covenant,industrieteile,41.53,26.0
2,15,Maui-Covenant,energie,41.83,8.0
2,15,Maui-Covenant,luxus,80.52,11.0
2,15,Maui-Covenant,biotech,84.22,62.42777599999998
2,15,Maui-Covenant,core_daten,118.4,26.0
2,15,Maui-Covenant,relikte,150.55,26.0
2,15,Marsim,nahrung,22.42,6.9
2,15,Marsim,rohstoffe,35.12,10.5
2,15,Marsim,industrieteile,41.49,105.36240480000001
2,15,Marsim,energie,37.39,22.277442880000017
2,15,Marsim,luxus,83.37,31.0
2,15,Marsim,biotech,77.82,29.4
2,15,Marsim,core_daten,112.22,31.0
2,15,Marsim,relikte,150.72,31.0
2,15,Qom-Riyadh,nahrung,23.73,9.899999999999999
2,15,Qom-Riyadh,rohstoffe,28.46,16.0
2,15,Qom-Riyadh,industrieteile,41.67,17.57999999999999
2,15,Qom-Riyadh,energie,42.15,9.9
2,15,Qom-Riyadh,luxus,82.59,45.72601599999997
2,15,Qom-Riyadh,biotech,79.29,28.0
2,15,Qom-Riyadh,core_daten,116.41,98.90406399999996
2,15,Qom-Riyadh,relikte,146.69,28.0
2,15,Bressia,nahrung,35.34,6.0
2,15,Bressia,rohstoffe,31.17,52.27134054400004
2,15,Bressia,industrieteile,51.11,9.3
2,15,Bressia,energie,43.22,13.126211488000017
2,15,Bressia,luxus,79.64,25.0
2,15,Bressia,biotech,94.5,25.0
2,15,Bressia,core_daten,120.35,25.0
2,15,Bressia,relikte,150.72,25.0
2,15,Hebron,nahrung,23.12,1.5999999999999996
2,15,Hebron,rohstoffe,29.35,14.0
2,15,Hebron,industrieteile,42.17,26.0
2,15,Hebron,energie,43.64,7.7
2,15,Hebron,luxus,80.4,45.47194382182402
2,15,Hebron,biotech,97.2,9.5
2,15,Hebron,core_daten,120.54,26.0
2,15,Hebron,relikte,140.29,26.0
2,15,Hyperion,nahrung,21.09,2.399999999999995
2,15,Hyperion,rohstoffe,27.19,40.866303999999985
2,15,Hyperion,industrieteile,40.62,10.469999999999999
2,15,Hyperion,energie,43.65,7.42
2,15,Hyperion,luxus,93.51,9.1
2,15,Hyperion,biotech,89.07,19.699999999999996
2,15,Hyperion,core_daten,118.63,24.0
2,15,Hyperion,relikte,153.32,34.183152
2,16,Lusus,nahrung,28.41,7.67872
2,16,Lusus,rohstoffe,27.42,20.0
2,16,Lusus,industrieteile,45.44,29.2
2,16,Lusus,energie,39.12,7.099999999999999
2,16,Lusus,luxus,74.4,77.09135231999996
2,16,Lusus,biotech,82.2,30.4
2,16,Lusus,core_daten,115.98,66.76223488000001
2,16,Lusus,relikte,147.79,32.0
2,16,Tau Ceti,nahrung,21.98,27.267744000000008
2,16,Tau Ceti,rohstoffe,30.15,24.0
2,16,Tau Ceti,industrieteile,48.23,10.3
2,16,Tau Ceti,energie,42.49,10.3
2,16,Tau Ceti,luxus,83.31,26.864
2,16,Tau Ceti,biotech,79.51,55.97193599999998
2,16,Tau Ceti,core_daten,109.78,30.0
2,16,Tau Ceti,relikte,139.55,30.0
2,16,Maui-Covenant,nahrung,20.7,9.5
2,16,Maui-Covenant,rohstoffe,28.4,14.0
2,16,Maui-Covenant,industrieteile,44.42,26.0
2,16,Maui-Covenant,energie,37.64,6.5
2,16,Maui-Covenant,luxus,80.38,10.0
2,16,Maui-Covenant,biotech,86.21,64.71436799999998
2,16,Maui-Covenant,core_daten,112.21,26.0
2,16,Maui-Covenant,relikte,137.62,26.0
2,16,Marsim,nahrung,25.68,9.3
2,16,Marsim,rohstoffe,35.41,10.5
2,16,Marsim,industrieteile,43.04,110.3565296
2,16,Marsim,energie,38.83,20.073917760000015
2,16,Marsim,luxus,83.38,31.0
2,16,Marsim,biotech,78.37,29.4
2,16,Marsim,core_daten,108.54,31.0
2,16,Marsim,relikte,151.11,31.0
2,16,Qom-Riyadh,nahrung,21.0,7.499999999999998
2,16,Qom-Riyadh,rohstoffe,28.15,16.0
2,16,Qom-Riyadh,industrieteile,41.63,13.06999999999999
2,16,Qom-Riyadh,energie,41.52,9.9
2,16,Qom-Riyadh,luxus,81.46,46.838687999999976
2,16,Qom-Riyadh,biotech,77.34,28.0
2,16,Qom-Riyadh,core_daten,112.08,103.35475199999996
2,16,Qom-Riyadh,relikte,150.49,28.0
2,16,Bressia,nahrung,24.21,3.6599999999999997
2,16,Bressia,rohstoffe,35.08,54.72089702400004
2,16,Bressia,industrieteile,57.0,9.3
2,16,Bressia,energie,43.59,14.197892448000017
2,16,Bressia,luxus,78.88,25.0
2,16,Bressia,biotech,98.17,25.0
2,16,Bressia,core_daten,131.81,25.0
2,16,Bressia,relikte,164.49,25.0
2,16,Hebron,nahrung,32.29,8.07872
2,16,Hebron,rohstoffe,30.4,14.0
2,16,Hebron,industrieteile,43.25,26.0
2,16,Hebron,energie,42.94,5.9
2,16,Hebron,luxus,76.12,46.56631484044802
2,16,Hebron,biotech,82.64,7.9
2,16,Hebron,core_daten,121.49,26.0
2,16,Hebron,relikte,140.88,26.0
2,16,Hyperion,nahrung,23.49,0.9599999999999949
2,16,Hyperion,rohstoffe,28.3,42.01430399999999
2,16,Hyperion,industrieteile,42.01,10.469999999999999
2,16,Hyperion,energie,38.02,5.74
2,16,Hyperion,luxus,89.58,9.1
2,16,Hyperion,biotech,83.52,19.699999999999996
2,16,Hyperion,core_daten,114.99,24.0
2,16,Hyperion,relikte,147.97,34.757152
2,17,Lusus,nahrung,31.64,7.538719999999999
2,17,Lusus,rohstoffe,28.76,20.0
2,17,Lusus,industrieteile,43.67,29.2
2,17,Lusus,energie,44.11,9.899999999999999
2,17,Lusus,luxus,73.16,78.81207231999996
2,17,Lusus,biotech,82.64,30.4
2,17,Lusus,core_daten,117.73,68.95471488000001
2,17,Lusus,relikte,142.2,32.0
2,17,Tau Ceti,nahrung,19.78,10.3
2,17,Tau Ceti,rohstoffe,28.56,24.0
2,17,Tau Ceti,industrieteile,50.74,10.3
2,17,Tau Ceti,energie,39.11,7.500000000000001
2,17,Tau Ceti,luxus,80.33,26.864
2,17,Tau Ceti,biotech,86.03,57.62493599999998
2,17,Tau Ceti,core_daten,106.92,30.0
2,17,Tau Ceti,relikte,136.47,30.0
2,17,Maui-Covenant,nahrung,20.11,9.5
2,17,Maui-Covenant,rohstoffe,28.29,14.0
2,17,Maui-Covenant,industrieteile,41.64,22.86
2,17,Maui-Covenant,energie,41.22,9.402877760000015
2,17,Maui-Covenant,luxus,89.09,9.0
2,17,Maui-Covenant,biotech,85.45,67.17836799999998
2,17,Maui-Covenant,core_daten,117.89,26.0
2,17,Maui-Covenant,relikte,149.31,26.0
2,17,Marsim,nahrung,23.13,6.479744000000007
2,17,Marsim,rohstoffe,38.61,10.5
2,17,Marsim,industrieteile,44.6,115.73812960000001
2,17,Marsim,energie,36.52,10.5
2,17,Marsim,luxus,81.65,31.0
2,17,Marsim,biotech,83.37,29.4
2,17,Marsim,core_daten,107.02,31.0
2,17,Marsim,relikte,146.91,31.0
2,17,Qom-Riyadh,nahrung,23.94,9.9
2,17,Qom-Riyadh,rohstoffe,30.4,16.0
2,17,Qom-Riyadh,industrieteile,41.94,13.06999999999999
2,17,Qom-Riyadh,energie,41.42,9.9
2,17,Qom-Riyadh,luxus,81.66,48.037687999999974
2,17,Qom-Riyadh,biotech,82.97,28.0
2,17,Qom-Riyadh,core_daten,109.5,108.15075199999995
2,17,Qom-Riyadh,relikte,151.2,28.0
2,17,Bressia,nahrung,31.86,9.3
2,17,Bressia,rohstoffe,30.79,57.70816102400004
2,17,Bressia,industrieteile,58.77,9.3
2,17,Bressia,energie,48.04,15.504820448000016
2,17,Bressia,luxus,84.83,25.0
2,17,Bressia,biotech,99.01,25.0
2,17,Bressia,core_daten,117.76,25.0
2,17,Bressia,relikte,145.16,25.0
2,17,Hebron,nahrung,23.7,5.87872
2,17,Hebron,rohstoffe,28.36,14.0
2,17,Hebron,industrieteile,44.0,26.0
2,17,Hebron,energie,41.18,4.1000000000000005
2,17,Hebron,luxus,75.73,47.894595643648024
2,17,Hebron,biotech,87.17,9.5
2,17,Hebron,core_daten,103.03,26.0
2,17,Hebron,relikte,135.61,26.0
2,17,Hyperion,nahrung,30.7,6.0
2,17,Hyperion,rohstoffe,26.2,37.41430399999999
2,17,Hyperion,industrieteile,39.53,9.1
2,17,Hyperion,energie,40.78,4.0600000000000005
2,17,Hyperion,luxus,85.49,9.1
2,17,Hyperion,biotech,77.05,16.499999999999996
2,17,Hyperion,core_daten,112.13,24.0
2,17,Hyperion,relikte,140.84,35.457152
2,18,Lusus,nahrung,33.51,9.378719999999998
2,18,Lusus,rohstoffe,27.64,20.0
2,18,Lusus,industrieteile,44.75,29.2
2,18,Lusus,energie,40.44,6.699999999999998
2,18,Lusus,luxus,79.54,82.10079231999995
2,18,Lusus,biotech,84.97,30.4
2,18,Lusus,core_daten,109.12,71.14719488000001
2,18,Lusus,relikte,140.18,32.0
2,18,Tau Ceti,nahrung,20.01,10.3
2,18,Tau Ceti,rohstoffe,26.92,18.0
2,18,Tau Ceti,industrieteile,46.22,10.3
2,18,Tau Ceti,energie,45.23,7.928960000000002
2,18,Tau Ceti,luxus,77.33,23.796
2,18,Tau Ceti,biotech,83.03,59.277935999999976
2,18,Tau Ceti,core_daten,108.56,30.0
2,18,Tau Ceti,relikte,146.9,30.0
2,18,Maui-Covenant,nahrung,22.26,9.5
2,18,Maui-Covenant,rohstoffe,27.67,14.0
2,18,Maui-Covenant,industrieteile,44.93,22.86
2,18,Maui-Covenant,energie,38.46,7.902877760000015
2,18,Maui-Covenant,luxus,87.6,9.5
2,18,Maui-Covenant,biotech,77.23,68.04236799999998
2,18,Maui-Covenant,core_daten,116.81,26.0
2,18,Maui-Covenant,relikte,150.14,26.0
2,18,Marsim,nahrung,24.32,2.8797440000000076
2,18,Marsim,rohstoffe,35.21,10.5
2,18,Marsim,industrieteile,43.11,118.31972960000002
2,18,Marsim,energie,39.82,10.5
2,18,Marsim,luxus,83.51,31.0
2,18,Marsim,biotech,85.71,29.4
2,18,Marsim,core_daten,114.7,31.0
2,18,Marsim,relikte,144.88,31.0
2,18,Qom-Riyadh,nahrung,22.66,7.5
2,18,Qom-Riyadh,rohstoffe,29.39,16.0
2,18,Qom-Riyadh,industrieteile,44.89,13.06999999999999
2,18,Qom-Riyadh,energie,39.31,7.5
2,18,Qom-Riyadh,luxus,78.69,49.23668799999997
2,18,Qom-Riyadh,biotech,86.37,28.0
2,18,Qom-Riyadh,core_daten,116.45,112.94675199999995
2,18,Qom-Riyadh,relikte,138.92,28.0
2,18,Bressia,nahrung,27.15,7.571999999999999
2,18,Bressia,rohstoffe,31.5,60.695425024000045
2,18,Bressia,industrieteile,58.6,9.3
2,18,Bressia,energie,44.54,16.811748448000017
2,18,Bressia,luxus,84.45,25.0
2,18,Bressia,biotech,102.2,25.0
2,18,Bressia,core_daten,133.35,25.0
2,18,Bressia,relikte,164.34,25.0
2,18,Hebron,nahrung,24.71,3.67872
2,18,Hebron,rohstoffe,31.45,14.0
2,18,Hebron,industrieteile,40.1,24.29
2,18,Hebron,energie,43.74,2.3000000000000007
2,18,Hebron,luxus,83.17,49.222876446848026
2,18,Hebron,biotech,86.39,9.5
2,18,Hebron,core_daten,106.94,26.0
2,18,Hebron,relikte,147.6,26.0
2,18,Hyperion,nahrung,20.34,4.56
2,18,Hyperion,rohstoffe,30.65,38.80760079999999
2,18,Hyperion,industrieteile,46.63,9.1
2,18,Hyperion,energie,40.52,2.3800000000000003
2,18,Hyperion,luxus,90.22,9.1
2,18,Hyperion,biotech,82.41,16.499999999999996
2,18,Hyperion,core_daten,112.54,24.0
2,18,Hyperion,relikte,157.55,36.1538004
2,19,Lusus,nahrung,25.81,2.9787199999999974
2,19,Lusus,rohstoffe,29.04,20.0
2,19,Lusus,industrieteile,41.14,24.689999999999998
2,19,Lusus,energie,46.59,3.4999999999999982
2,19,Lusus,luxus,77.84,85.38951231999995
2,19,Lusus,biotech,83.43,30.4
2,19,Lusus,core_daten,111.66,73.33967488000002
2,19,Lusus,relikte,152.06,32.0
2,19,Tau Ceti,nahrung,19.57,10.3
2,19,Tau Ceti,rohstoffe,29.68,18.0
2,19,Tau Ceti,industrieteile,46.05,10.3
2,19,Tau Ceti,energie,44.69,5.128960000000002
2,19,Tau Ceti,luxus,76.94,23.796
2,19,Tau Ceti,biotech,78.89,60.930935999999974
2,19,Tau Ceti,core_daten,107.64,30.0
2,19,Tau Ceti,relikte,146.9,30.0
2,19,Maui-Covenant,nahrung,21.47,9.5
2,19,Maui-Covenant,rohstoffe,29.83,14.0
2,19,Maui-Covenant,industrieteile,44.14,22.86
2,19,Maui-Covenant,energie,41.38,6.402877760000015
2,19,Maui-Covenant,luxus,81.25,9.5
2,19,Maui-Covenant,biotech,82.86,70.50636799999998
2,19,Maui-Covenant,core_daten,108.28,26.0
2,19,Maui-Covenant,relikte,143.77,26.0
2,19,Marsim,nahrung,36.43,8.24
2,19,Marsim,rohstoffe,37.61,10.5
2,19,Marsim,industrieteile,43.52,123.70132960000002
2,19,Marsim,energie,35.75,10.5
2,19,Marsim,luxus,75.54,30.0
2,19,Marsim,biotech,81.37,29.4
2,19,Marsim,core_daten,106.29,31.0
2,19,Marsim,relikte,142.92,31.0
2,19,Qom-Riyadh,nahrung,23.63,5.1
2,19,Qom-Riyadh,rohstoffe,28.96,14.5
2,19,Qom-Riyadh,industrieteile,45.44,13.06999999999999
2,19,Qom-Riyadh,energie,39.73,5.1
2,19,Qom-Riyadh,luxus,78.64,50.43568799999997
2,19,Qom-Riyadh,biotech,78.13,28.0
2,19,Qom-Riyadh,core_daten,110.86,117.74275199999994
2,19,Qom-Riyadh,relikte,150.33,28.0
2,19,Bressia,nahrung,28.01,5.843999999999998
2,19,Bressia,rohstoffe,29.98,63.68268902400005
2,19,Bressia,industrieteile,52.34,9.3
2,19,Bressia,energie,48.29,18.118676448000016
2,19,Bressia,luxus,83.63,25.0
2,19,Bressia,biotech,97.76,25.0
2,19,Bressia,core_daten,130.0,25.0
2,19,Bressia,relikte,151.02,25.0
2,19,Hebron,nahrung,24.42,1.47872
2,19,Hebron,rohstoffe,26.2,9.5
2,19,Hebron,industrieteile,43.29,24.29
2,19,Hebron,energie,50.28,0.5000000000000007
2,19,Hebron,luxus,75.24,48.98315725004803
2,19,Hebron,biotech,97.12,9.5
2,19,Hebron,core_daten,117.2,26.0
2,19,Hebron,relikte,157.0,26.0
2,19,Hyperion,nahrung,20.85,3.119999999999999
2,19,Hyperion,rohstoffe,29.56,40.20089759999999
2,19,Hyperion,industrieteile,44.18,9.1
2,19,Hyperion,energie,54.95,3.928960000000001
2,19,Hyperion,luxus,89.44,9.1
2,19,Hyperion,biotech,77.0,14.899999999999997
2,19,Hyperion,core_daten,119.87,24.0
2,19,Hyperion,relikte,131.16,36.8504488
2,20,Lusus,nahrung,43.14,8.24
2,20,Lusus,rohstoffe,28.15,20.0
2,20,Lusus,industrieteile,41.21,20.179999999999996
2,20,Lusus,energie,63.19,4.425604448000013
2,20,Lusus,luxus,76.72,88.67823231999995
2,20,Lusus,biotech,81.21,30.4
2,20,Lusus,core_daten,115.46,75.53215488000002
2,20,Lusus,relikte,149.43,32.0
2,20,Tau Ceti,nahrung,20.8,10.3
2,20,Tau Ceti,rohstoffe,29.37,18.0
2,20,Tau Ceti,industrieteile,48.91,10.3
2,20,Tau Ceti,energie,49.18,2.328960000000002
2,20,Tau Ceti,luxus,76.87,23.796
2,20,Tau Ceti,biotech,77.1,60.98393599999997
2,20,Tau Ceti,core_daten,111.29,30.0
2,20,Tau Ceti,relikte,151.9,30.0
2,20,Maui-Covenant,nahrung,22.28,9.5
2,20,Maui-Covenant,rohstoffe,28.56,14.0
2,20,Maui-Covenant,industrieteile,42.1,22.86
2,20,Maui-Covenant,energie,41.29,4.902877760000015
2,20,Maui-Covenant,luxus,89.23,9.5
2,20,Maui-Covenant,biotech,80.65,72.97036799999998
2,20,Maui-Covenant,core_daten,114.85,26.0
2,20,Maui-Covenant,relikte,148.96,26.0
2,20,Marsim,nahrung,24.12,4.640000000000001
2,20,Marsim,rohstoffe,35.34,10.5
2,20,Marsim,industrieteile,42.69,129.058268832
2,20,Marsim,energie,36.85,10.5
2,20,Marsim,luxus,75.55,30.0
2,20,Marsim,biotech,77.15,29.4
2,20,Marsim,core_daten,108.15,31.0
2,20,Marsim,relikte,145.0,31.0
2,20,Qom-Riyadh,nahrung,24.64,2.6999999999999997
2,20,Qom-Riyadh,rohstoffe,29.67,14.5
2,20,Qom-Riyadh,industrieteile,44.8,13.06999999999999
2,20,Qom-Riyadh,energie,44.78,2.6999999999999997
2,20,Qom-Riyadh,luxus,74.42,49.06668799999997
2,20,Qom-Riyadh,biotech,79.06,28.0
2,20,Qom-Riyadh,core_daten,117.49,122.53875199999993
2,20,Qom-Riyadh,relikte,148.71,28.0
2,20,Bressia,nahrung,26.82,3.5039999999999973
2,20,Bressia,rohstoffe,31.25,66.66995302400005
2,20,Bressia,industrieteile,57.29,9.3
2,20,Bressia,energie,48.03,9.3
2,20,Bressia,luxus,87.15,25.0
2,20,Bressia,biotech,93.81,25.0
2,20,Bressia,core_daten,117.75,25.0
2,20,Bressia,relikte,151.99,25.0
2,20,Hebron,nahrung,31.85,0.6119999999999983
2,20,Hebron,rohstoffe,28.36,9.5
2,20,Hebron,industrieteile,43.72,24.29
2,20,Hebron,energie,63.61,9.2141635392
2,20,Hebron,luxus,75.82,50.31143805324803
2,20,Hebron,biotech,91.15,9.5
2,20,Hebron,core_daten,110.15,26.0
2,20,Hebron,relikte,149.27,26.0
2,20,Hyperion,nahrung,24.96,1.679999999999999
2,20,Hyperion,rohstoffe,26.28,35.59419439999999
2,20,Hyperion,industrieteile,39.94,9.1
2,20,Hyperion,energie,47.02,2.2489600000000007
2,20,Hyperion,luxus,87.9,9.1
2,20,Hyperion,biotech,77.34,14.899999999999997
2,20,Hyperion,core_daten,102.76,24.0
2,20,Hyperion,relikte,144.57,37.5470972
2,21,Lusus,nahrung,26.32,1.8399999999999999
2,21,Lusus,rohstoffe,28.89,20.0
2,21,Lusus,industrieteile,36.67,20.179999999999996
2,21,Lusus,energie,51.35,1.2256044480000128
2,21,Lusus,luxus,64.35,91.94729401599994
2,21,Lusus,biotech,86.95,30.4
2,21,Lusus,core_daten,130.95,77.71152934400003
2,21,Lusus,relikte,136.52,32.0
2,21,Tau Ceti,nahrung,24.89,10.3
2,21,Tau Ceti,rohstoffe,33.83,18.0
2,21,Tau Ceti,industrieteile,49.2,10.3
2,21,Tau Ceti,energie,58.09,0.0
2,21,Tau Ceti,luxus,80.43,23.796
2,21,Tau Ceti,biotech,92.28,62.63693599999997
2,21,Tau Ceti,core_daten,109.42,30.0
2,21,Tau Ceti,relikte,132.54,30.0
2,21,Maui-Covenant,nahrung,23.46,9.5
2,21,Maui-Covenant,rohstoffe,33.71,14.0
2,21,Maui-Covenant,industrieteile,42.99,22.86
2,21,Maui-Covenant,energie,49.94,3.402877760000015
2,21,Maui-Covenant,luxus,93.7,9.5
2,21,Maui-Covenant,biotech,95.69,75.43436799999998
2,21,Maui-Covenant,core_daten,92.16,26.0
2,21,Maui-Covenant,relikte,167.76,26.0
2,21,Marsim,nahrung,31.07,1.040000000000001
2,21,Marsim,rohstoffe,33.13,10.5
2,21,Marsim,industrieteile,40.39,134.415208064
2,21,Marsim,energie,37.45,10.5
2,21,Marsim,luxus,92.76,30.0
2,21,Marsim,biotech,90.8,29.4
2,21,Marsim,core_daten,111.94,31.0
2,21,Marsim,relikte,115.86,31.0
2,21,Qom-Riyadh,nahrung,28.24,0.2999999999999998
2,21,Qom-Riyadh,rohstoffe,31.49,14.5
2,21,Qom-Riyadh,industrieteile,35.79,10.269999999999989
2,21,Qom-Riyadh,energie,60.13,4.821091539199998
2,21,Qom-Riyadh,luxus,62.47,49.26568799999997
2,21,Qom-Riyadh,biotech,71.99,28.0
2,21,Qom-Riyadh,core_daten,117.21,127.33475199999992
2,21,Qom-Riyadh,relikte,145.38,28.0
2,21,Bressia,nahrung,38.07,9.3
2,21,Bressia,rohstoffe,38.57,69.65721702400005
2,21,Bressia,industrieteile,40.59,7.590000000000001
2,21,Bressia,energie,40.51,9.3
2,21,Bressia,luxus,71.62,25.0
2,21,Bressia,biotech,89.68,25.0
2,21,Bressia,core_daten,162.25,25.0
2,21,Bressia,relikte,190.71,25.0
2,21,Hebron,nahrung,36.11,0.7159999999999958
2,21,Hebron,rohstoffe,23.55,9.5
2,21,Hebron,industrieteile,51.16,24.29
2,21,Hebron,energie,31.12,7.4141635392
2,21,Hebron,luxus,66.2,51.62644225804803
2,21,Hebron,biotech,96.61,9.5
2,21,Hebron,core_daten,108.48,26.0
2,21,Hebron,relikte,133.72,26.0
2,21,Hyperion,nahrung,23.26,0.23999999999999888
2,21,Hyperion,rohstoffe,22.77,30.987491199999994
2,21,Hyperion,industrieteile,33.84,9.1
2,21,Hyperion,energie,42.82,0.5689600000000006
2,21,Hyperion,luxus,65.9,7.532
2,21,Hyperion,biotech,57.9,13.299999999999997
2,21,Hyperion,core_daten,117.89,24.0
2,21,Hyperion,relikte,114.66,38.243745600000004
2,22,Lusus,nahrung,36.47,0.10930634956800134
2,22,Lusus,rohstoffe,31.53,20.0
2,22,Lusus,industrieteile,42.29,20.179999999999996
2,22,Lusus,energie,81.21,4.054424724377601
2,22,Lusus,luxus,88.52,94.98098326988794
2,22,Lusus,biotech,95.81,30.4
2,22,Lusus,core_daten,89.09,79.73398884659203
2,22,Lusus,relikte,130.51,32.0
2,22,Tau Ceti,nahrung,19.55,10.3
2,22,Tau Ceti,rohstoffe,29.12,18.0
2,22,Tau Ceti,industrieteile,44.15,10.3
2,22,Tau Ceti,energie,68.45,0.0
2,22,Tau Ceti,luxus,79.07,22.796
2,22,Tau Ceti,biotech,90.07,64.16426258739197
2,22,Tau Ceti,core_daten,93.16,30.0
2,22,Tau Ceti,relikte,137.43,30.0
2,22,Maui-Covenant,nahrung,18.68,9.5
2,22,Maui-Covenant,rohstoffe,27.81,12.6
2,22,Maui-Covenant,industrieteile,40.27,20.06
2,22,Maui-Covenant,energie,39.89,1.902877760000015
2,22,Maui-Covenant,luxus,99.37,9.5
2,22,Maui-Covenant,biotech,64.16,76.12095999999998
2,22,Maui-Covenant,core_daten,91.02,26.0
2,22,Maui-Covenant,relikte,159.41,26.0
2,22,Marsim,nahrung,31.91,0.0
2,22,Marsim,rohstoffe,43.69,10.5
2,22,Marsim,industrieteile,44.76,139.38644767129603
2,22,Marsim,energie,42.99,10.5
2,22,Marsim,luxus,93.65,30.0
2,22,Marsim,biotech,90.15,29.4
2,22,Marsim,core_daten,134.38,31.0
2,22,Marsim,relikte,125.39,31.0
2,22,Qom-Riyadh,nahrung,28.19,0.0
2,22,Qom-Riyadh,rohstoffe,23.0,9.9
2,22,Qom-Riyadh,industrieteile,34.42,10.269999999999989
2,22,Qom-Riyadh,energie,51.59,2.4210915391999985
2,22,Qom-Riyadh,luxus,85.11,50.37835999999997
2,22,Qom-Riyadh,biotech,74.89,28.0
2,22,Qom-Riyadh,core_daten,95.16,131.78543999999994
2,22,Qom-Riyadh,relikte,121.02,28.0
2,22,Bressia,nahrung,25.41,6.960000000000001
2,22,Bressia,rohstoffe,43.01,72.10677350400005
2,22,Bressia,industrieteile,38.48,5.880000000000001
2,22,Bressia,energie,46.86,9.3
2,22,Bressia,luxus,97.18,25.0
2,22,Bressia,biotech,83.01,25.0
2,22,Bressia,core_daten,101.09,25.0
2,22,Bressia,relikte,199.23,25.0
2,22,Hebron,nahrung,37.0,8.07872
2,22,Hebron,rohstoffe,25.89,9.5
2,22,Hebron,industrieteile,54.97,24.29
2,22,Hebron,energie,39.66,5.6141635392
2,22,Hebron,luxus,95.0,52.69893302118403
2,22,Hebron,biotech,102.04,9.5
2,22,Hebron,core_daten,110.15,26.0
2,22,Hebron,relikte,133.41,26.0
2,22,Hyperion,nahrung,23.75,0.0
2,22,Hyperion,rohstoffe,29.17,32.088666575999994
2,22,Hyperion,industrieteile,55.94,9.1
2,22,Hyperion,energie,61.14,0.0
2,22,Hyperion,luxus,81.8,5.964
2,22,Hyperion,biotech,84.51,13.299999999999997
2,22,Hyperion,core_daten,91.56,24.0
2,22,Hyperion,relikte,188.21,38.794333288000004
2,23,Lusus,nahrung,46.36,8.07872
2,23,Lusus,rohstoffe,29.82,20.0
2,23,Lusus,industrieteile,43.46,20.179999999999996
2,23,Lusus,energie,56.32,0.8544247243776004
2,23,Lusus,luxus,81.61,97.97870146944588
2,23,Lusus,biotech,78.76,30.4
2,23,Lusus,core_daten,115.38,81.73246764629732
2,23,Lusus,relikte,153.67,32.0
2,23,Tau Ceti,nahrung,19.9,10.374896109568002
2,23,Tau Ceti,rohstoffe,27.63,15.1
2,23,Tau Ceti,industrieteile,47.41,10.3
2,23,Tau Ceti,energie,72.42,4.037620500377601
2,23,Tau Ceti,luxus,79.24,22.796
2,23,Tau Ceti,biotech,80.0,65.68298661478397
2,23,Tau Ceti,core_daten,118.45,30.0
2,23,Tau Ceti,relikte,143.49,30.0
2,23,Maui-Covenant,nahrung,20.23,9.5
2,23,Maui-Covenant,rohstoffe,27.02,9.5
2,23,Maui-Covenant,industrieteile,45.49,20.06
2,23,Maui-Covenant,energie,56.08,0.4028777600000151
2,23,Maui-Covenant,luxus,89.21,9.5
2,23,Maui-Covenant,biotech,81.9,78.40755199999998
2,23,Maui-Covenant,core_daten,113.4,26.0
2,23,Maui-Covenant,relikte,153.83,26.0
2,23,Marsim,nahrung,36.43,0.0
2,23,Marsim,rohstoffe,36.49,10.5
2,23,Marsim,industrieteile,43.22,144.32968023859203
2,23,Marsim,energie,36.55,10.5
2,23,Marsim,luxus,78.83,30.0
2,23,Marsim,biotech,78.41,29.4
2,23,Marsim,core_daten,108.71,31.0
2,23,Marsim,relikte,142.68,31.0
2,23,Qom-Riyadh,nahrung,32.97,0.0
2,23,Qom-Riyadh,rohstoffe,30.04,9.9
2,23,Qom-Riyadh,industrieteile,41.04,10.269999999999989
2,23,Qom-Riyadh,energie,66.24,0.02109153919999862
2,23,Qom-Riyadh,luxus,81.78,51.48515219199997
2,23,Qom-Riyadh,biotech,77.49,26.4
2,23,Qom-Riyadh,core_daten,107.88,136.21260876799994
2,23,Qom-Riyadh,relikte,147.83,28.0
2,23,Bressia,nahrung,24.88,4.620000000000001
2,23,Bressia,rohstoffe,35.49,74.55632998400004
2,23,Bressia,industrieteile,52.72,9.3
2,23,Bressia,energie,46.63,9.3
2,23,Bressia,luxus,87.84,25.0
2,23,Bressia,biotech,93.95,25.0
2,23,Bressia,core_daten,134.21,25.0
2,23,Bressia,relikte,151.68,25.0
2,23,Hebron,nahrung,20.47,5.87872
2,23,Hebron,rohstoffe,28.93,9.5
2,23,Hebron,industrieteile,39.21,16.36
2,23,Hebron,energie,42.9,3.8141635392
2,23,Hebron,luxus,73.92,48.06167761792003
2,23,Hebron,biotech,90.45,9.5
2,23,Hebron,core_daten,122.86,26.0
2,23,Hebron,relikte,150.6,26.0
2,23,Hyperion,nahrung,33.01,0.0
2,23,Hyperion,rohstoffe,34.5,33.177918107648
2,23,Hyperion,industrieteile,49.81,9.1
2,23,Hyperion,energie,72.02,0.0
2,23,Hyperion,luxus,105.66,9.1
2,23,Hyperion,biotech,107.17,13.299999999999997
2,23,Hyperion,core_daten,115.29,24.0
2,23,Hyperion,relikte,159.34,39.338959053824006
2,24,Lusus,nahrung,31.36,1.6787200000000002
2,24,Lusus,rohstoffe,28.63,18.799999999999997
2,24,Lusus,industrieteile,40.78,20.179999999999996
2,24,Lusus,energie,73.09,0.0
2,24,Lusus,luxus,75.73,101.1841780048815
2,24,Lusus,biotech,81.67,30.4
2,24,Lusus,core_daten,106.45,83.86945200325441
2,24,Lusus,relikte,137.74,32.0
2,24,Tau Ceti,nahrung,22.09,10.3
2,24,Tau Ceti,rohstoffe,28.55,10.3
2,24,Tau Ceti,industrieteile,50.02,10.3
2,24,Tau Ceti,energie,52.75,1.2376205003776013
2,24,Tau Ceti,luxus,77.98,22.796
2,24,Tau Ceti,biotech,82.12,67.31027267878397
2,24,Tau Ceti,core_daten,118.42,30.0
2,24,Tau Ceti,relikte,138.48,30.0
2,24,Maui-Covenant,nahrung,21.46,9.5
2,24,Maui-Covenant,rohstoffe,30.61,9.5
2,24,Maui-Covenant,industrieteile,45.54,20.06
2,24,Maui-Covenant,energie,59.52,0.0
2,24,Maui-Covenant,luxus,79.3,9.5
2,24,Maui-Covenant,biotech,82.94,80.87155199999998
2,24,Maui-Covenant,core_daten,112.55,26.0
2,24,Maui-Covenant,relikte,154.3,26.0
2,24,Marsim,nahrung,35.02,8.24
2,24,Marsim,rohstoffe,35.41,10.5
2,24,Marsim,industrieteile,40.16,145.11313947059202
2,24,Marsim,energie,38.1,10.5
2,24,Marsim,luxus,80.18,30.0
2,24,Marsim,biotech,81.49,27.799999999999997
2,24,Marsim,core_daten,117.95,31.0
2,24,Marsim,relikte,154.01,31.0
2,24,Qom-Riyadh,nahrung,30.69,0.0
2,24,Qom-Riyadh,rohstoffe,28.98,9.9
2,24,Qom-Riyadh,industrieteile,43.13,10.269999999999989
2,24,Qom-Riyadh,energie,63.31,0.0
2,24,Qom-Riyadh,luxus,75.26,52.67128219199997
2,24,Qom-Riyadh,biotech,82.32,26.4
2,24,Qom-Riyadh,core_daten,110.66,140.95712876799993
2,24,Qom-Riyadh,relikte,141.22,28.0
2,24,Bressia,nahrung,25.21,2.2800000000000007
2,24,Bressia,rohstoffe,34.24,77.54359398400004
2,24,Bressia,industrieteile,58.75,9.3
2,24,Bressia,energie,42.11,9.3
2,24,Bressia,luxus,92.57,25.0
2,24,Bressia,biotech,96.44,25.0
2,24,Bressia,core_daten,139.24,25.0
2,24,Bressia,relikte,171.56,25.0
2,24,Hebron,nahrung,25.06,3.67872
2,24,Hebron,rohstoffe,26.26,9.5
2,24,Hebron,industrieteile,45.05,16.36
2,24,Hebron,energie,41.32,2.0141635392
2,24,Hebron,luxus,71.48,46.79458566272004
2,24,Hebron,biotech,91.96,9.5
2,24,Hebron,core_daten,107.98,26.0
2,24,Hebron,relikte,158.34,26.0
2,24,Hyperion,nahrung,33.58,0.5840403655680007
2,24,Hyperion,rohstoffe,32.21,34.491052834048
2,24,Hyperion,industrieteile,52.34,9.1
2,24,Hyperion,energie,73.22,4.4830035391999985
2,24,Hyperion,luxus,85.64,9.1
2,24,Hyperion,biotech,109.08,13.299999999999997
2,24,Hyperion,core_daten,133.18,24.0
2,24,Hyperion,relikte,164.61,39.995526417024
2,25,Lusus,nahrung,47.28,8.229683453312
2,25,Lusus,rohstoffe,26.81,12.799999999999997
2,25,Lusus,industrieteile,43.93,20.179999999999996
2,25,Lusus,energie,75.07,4.463023539199998
2,25,Lusus,luxus,79.62,104.371932504821
2,25,Lusus,biotech,82.45,30.4
2,25,Lusus,core_daten,117.2,85.99462166988074
2,25,Lusus,relikte,137.08,32.0
2,25,Tau Ceti,nahrung,20.57,10.3
2,25,Tau Ceti,rohstoffe,29.93,10.3
2,25,Tau Ceti,industrieteile,47.54,10.3
2,25,Tau Ceti,energie,74.21,0.0
2,25,Tau Ceti,luxus,83.35,22.796
2,25,Tau Ceti,biotech,81.66,68.93755874278398
2,25,Tau Ceti,core_daten,115.83,30.0
2,25,Tau Ceti,relikte,136.89,30.0
2,25,Maui-Covenant,nahrung,20.39,9.5
2,25,Maui-Covenant,rohstoffe,29.01,9.5
2,25,Maui-Covenant,industrieteile,40.16,15.549999999999997
2,25,Maui-Covenant,energie,60.13,0.0
2,25,Maui-Covenant,luxus,84.32,9.5
2,25,Maui-Covenant,biotech,77.19,81.72420379864319
2,25,Maui-Covenant,core_daten,115.22,26.0
2,25,Maui-Covenant,relikte,144.51,26.0
2,25,Marsim,nahrung,22.17,4.640000000000001
2,25,Marsim,rohstoffe,35.87,10.5
2,25,Marsim,industrieteile,40.66,150.37329870259202
2,25,Marsim,energie,37.91,10.5
2,25,Marsim,luxus,78.89,30.0
2,25,Marsim,biotech,80.77,27.799999999999997
2,25,Marsim,core_daten,118.15,31.0
2,25,Marsim,relikte,136.34,31.0
2,25,Qom-Riyadh,nahrung,33.52,0.0
2,25,Qom-Riyadh,rohstoffe,28.67,9.9
2,25,Qom-Riyadh,industrieteile,41.65,10.269999999999989
2,25,Qom-Riyadh,energie,64.87,0.0
2,25,Qom-Riyadh,luxus,75.71,51.27635811241584
2,25,Qom-Riyadh,biotech,86.94,26.4
2,25,Qom-Riyadh,core_daten,112.79,145.6494324496634
2,25,Qom-Riyadh,relikte,141.33,28.0
2,25,Bressia,nahrung,35.32,0.509144255999999
2,25,Bressia,rohstoffe,35.93,80.53085798400004
2,25,Bressia,industrieteile,52.86,9.3
2,25,Bressia,energie,48.78,9.3
2,25,Bressia,luxus,84.24,25.0
2,25,Bressia,biotech,90.52,25.0
2,25,Bressia,core_daten,117.66,25.0
2,25,Bressia,relikte,171.54,25.0
2,25,Hebron,nahrung,27.17,1.47872
2,25,Hebron,rohstoffe,30.89,9.5
2,25,Hebron,industrieteile,43.36,16.36
2,25,Hebron,energie,51.98,0.21416353920000009
2,25,Hebron,luxus,78.95,48.09549370752004
2,25,Hebron,biotech,86.27,9.5
2,25,Hebron,core_daten,111.86,26.0
2,25,Hebron,relikte,155.81,26.0
2,25,Hyperion,nahrung,31.84,0.0
2,25,Hyperion,rohstoffe,35.42,35.788966760448
2,25,Hyperion,industrieteile,49.13,9.1
2,25,Hyperion,energie,48.66,2.8030035391999983
2,25,Hyperion,luxus,88.26,9.1
2,25,Hyperion,biotech,100.86,13.299999999999997
2,25,Hyperion,core_daten,122.39,24.0
2,25,Hyperion,relikte,166.65,40.644483380224
2,26,Lusus,nahrung,30.53,1.8296834533119988
2,26,Lusus,rohstoffe,30.38,10.7
2,26,Lusus,industrieteile,45.03,20.179999999999996
2,26,Lusus,energie,52.56,1.263023539199998
2,26,Lusus,luxus,77.0,107.51842870076051
2,26,Lusus,biotech,79.17,28.799999999999997
2,26,Lusus,core_daten,104.94,88.09228580050709
2,26,Lusus,relikte,141.41,32.0
2,26,Tau Ceti,nahrung,20.8,16.77651968980136
2,26,Tau Ceti,rohstoffe,29.78,10.3
2,26,Tau Ceti,industrieteile,45.95,10.3
2,26,Tau Ceti,energie,66.47,0.0
2,26,Tau Ceti,luxus,78.97,22.796
2,26,Tau Ceti,biotech,78.46,70.55668866523432
2,26,Tau Ceti,core_daten,110.09,30.0
2,26,Tau Ceti,relikte,137.0,30.0
2,26,Maui-Covenant,nahrung,20.55,9.5
2,26,Maui-Covenant,rohstoffe,29.24,9.5
2,26,Maui-Covenant,industrieteile,41.43,15.549999999999997
2,26,Maui-Covenant,energie,62.56,0.0
2,26,Maui-Covenant,luxus,86.67,9.5
2,26,Maui-Covenant,biotech,81.44,84.16497559728639
2,26,Maui-Covenant,core_daten,115.89,26.0
2,26,Maui-Covenant,relikte,152.19,26.0
2,26,Marsim,nahrung,26.73,1.040000000000001
2,26,Marsim,rohstoffe,37.29,6.599999999999998
2,26,Marsim,industrieteile,40.25,151.123457934592
2,26,Marsim,energie,37.57,10.5
2,26,Marsim,luxus,76.4,30.0
2,26,Marsim,biotech,85.82,27.799999999999997
2,26,Marsim,core_daten,117.57,31.0
2,26,Marsim,relikte,150.79,31.0
2,26,Qom-Riyadh,nahrung,33.19,0.0
2,26,Qom-Riyadh,rohstoffe,29.7,9.9
2,26,Qom-Riyadh,industrieteile,43.67,10.269999999999989
2,26,Qom-Riyadh,energie,71.07,4.456673139199999
2,26,Qom-Riyadh,luxus,76.36,49.868366032831716
2,26,Qom-Riyadh,biotech,82.97,26.4
2,26,Qom-Riyadh,core_daten,115.78,150.2894641313269
2,26,Qom-Riyadh,relikte,143.28,28.0
2,26,Bressia,nahrung,35.95,0.0
2,26,Bressia,rohstoffe,36.52,83.50360678400004
2,26,Bressia,industrieteile,57.41,9.3
2,26,Bressia,energie,50.19,9.3
2,26,Bressia,luxus,92.18,25.0
2,26,Bressia,biotech,97.26,25.0
2,26,Bressia,core_daten,136.43,25.0
2,26,Bressia,relikte,161.81,25.0
2,26,Hebron,nahrung,30.76,0.0
2,26,Hebron,rohstoffe,26.47,9.5
2,26,Hebron,industrieteile,41.07,16.36
2,26,Hebron,energie,56.26,0.0
2,26,Hebron,luxus,85.29,49.396401752320045
2,26,Hebron,biotech,93.25,9.5
2,26,Hebron,core_daten,121.92,26.0
2,26,Hebron,relikte,157.78,26.0
2,26,Hyperion,nahrung,36.57,2.2188834533119994
2,26,Hyperion,rohstoffe,33.18,37.07986168075507
2,26,Hyperion,industrieteile,50.85,9.1
2,26,Hyperion,energie,61.3,1.1230035391999982
2,26,Hyperion,luxus,97.74,9.1
2,26,Hyperion,biotech,106.93,13.299999999999997
2,26,Hyperion,core_daten,131.47,24.0
2,26,Hyperion,relikte,159.5,41.289930840377544
2,27,Lusus,nahrung,46.76,2.2080834533119997
2,27,Lusus,rohstoffe,29.67,10.7
2,27,Lusus,industrieteile,44.44,20.179999999999996
2,27,Lusus,energie,74.79,0.0
2,27,Lusus,luxus,75.89,110.66492489670001
2,27,Lusus,biotech,81.38,28.799999999999997
2,27,Lusus,core_daten,111.66,90.18994993113341
2,27,Lusus,relikte,136.46,32.0
2,27,Tau Ceti,nahrung,21.7,23.215959379602722
2,27,Tau Ceti,rohstoffe,28.3,10.3
2,27,Tau Ceti,industrieteile,45.71,10.3
2,27,Tau Ceti,energie,68.05,0.0
2,27,Tau Ceti,luxus,74.73,22.796
2,27,Tau Ceti,biotech,78.49,72.16654858768466
2,27,Tau Ceti,core_daten,118.24,30.0
2,27,Tau Ceti,relikte,141.61,30.0
2,27,Maui-Covenant,nahrung,19.84,9.5
2,27,Maui-Covenant,rohstoffe,28.06,9.5
2,27,Maui-Covenant,industrieteile,41.87,11.039999999999996
2,27,Maui-Covenant,energie,62.37,0.0
2,27,Maui-Covenant,luxus,83.07,9.5
2,27,Maui-Covenant,biotech,76.25,84.99386739592958
2,27,Maui-Covenant,core_daten,107.75,26.0
2,27,Maui-Covenant,relikte,141.16,26.0
2,27,Marsim,nahrung,33.97,0.0
2,27,Marsim,rohstoffe,60.13,10.5
2,27,Marsim,industrieteile,42.99,156.38361716659202
2,27,Marsim,energie,36.06,10.5
2,27,Marsim,luxus,78.26,30.0
2,27,Marsim,biotech,82.37,27.799999999999997
2,27,Marsim,core_daten,112.05,31.0
2,27,Marsim,relikte,152.12,31.0
2,27,Qom-Riyadh,nahrung,31.95,0.0
2,27,Qom-Riyadh,rohstoffe,27.29,9.9
2,27,Qom-Riyadh,industrieteile,43.39,10.269999999999989
2,27,Qom-Riyadh,energie,48.77,2.0566731391999995
2,27,Qom-Riyadh,luxus,73.82,51.01530595324759
2,27,Qom-Riyadh,biotech,81.57,26.4
2,27,Qom-Riyadh,core_daten,114.25,154.8772238129904
2,27,Qom-Riyadh,relikte,147.44,28.0
2,27,Bressia,nahrung,35.88,0.0
2,27,Bressia,rohstoffe,36.96,82.55844034097156
2,27,Bressia,industrieteile,62.67,9.3
2,27,Bressia,energie,48.6,9.3
2,27,Bressia,luxus,80.51,25.0
2,27,Bressia,biotech,111.21,25.0
2,27,Bressia,core_daten,143.99,25.0
2,27,Bressia,relikte,150.43,25.0
2,27,Hebron,nahrung,33.26,0.0
2,27,Hebron,rohstoffe,29.82,9.5
2,27,Hebron,industrieteile,43.37,16.36
2,27,Hebron,energie,66.19,0.0
2,27,Hebron,luxus,73.0,48.115810246280624
2,27,Hebron,biotech,94.94,9.5
2,27,Hebron,core_daten,119.15,26.0
2,27,Hebron,relikte,145.08,26.0
2,27,Hyperion,nahrung,30.88,0.7788834533119993
2,27,Hyperion,rohstoffe,33.82,32.36324700106215
2,27,Hyperion,industrieteile,56.7,9.1
2,27,Hyperion,energie,81.99,4.448835220375038
2,27,Hyperion,luxus,88.81,9.1
2,27,Hyperion,biotech,109.84,13.299999999999997
2,27,Hyperion,core_daten,130.18,24.0
2,27,Hyperion,relikte,163.33,41.93162350053108
2,28,Lusus,nahrung,46.4,8.197283453312
2,28,Lusus,rohstoffe,27.3,10.7
2,28,Lusus,industrieteile,45.03,20.179999999999996
2,28,Lusus,energie,70.97,4.422461620375039
2,28,Lusus,luxus,75.44,111.20470796522604
2,28,Lusus,biotech,82.88,28.799999999999997
2,28,Lusus,core_daten,105.3,92.26180531015076
2,28,Lusus,relikte,151.22,32.0
2,28,Tau Ceti,nahrung,22.05,10.3
2,28,Tau Ceti,rohstoffe,29.77,10.3
2,28,Tau Ceti,industrieteile,50.73,10.3
2,28,Tau Ceti,energie,69.07,0.0
2,28,Tau Ceti,luxus,83.9,22.796
2,28,Tau Ceti,biotech,82.69,73.767138510135
2,28,Tau Ceti,core_daten,114.45,30.0
2,28,Tau Ceti,relikte,146.23,30.0
2,28,Maui-Covenant,nahrung,20.63,9.5
2,28,Maui-Covenant,rohstoffe,28.75,9.5
2,28,Maui-Covenant,industrieteile,45.12,11.039999999999996
2,28,Maui-Covenant,energie,55.51,0.0
2,28,Maui-Covenant,luxus,83.53,9.5
2,28,Maui-Covenant,biotech,81.55,87.41087919457279
2,28,Maui-Covenant,core_daten,112.4,26.0
2,28,Maui-Covenant,relikte,153.5,26.0
2,28,Marsim,nahrung,38.3,6.0
2,28,Marsim,rohstoffe,38.34,4.5
2,28,Marsim,industrieteile,40.33,157.103596398592
2,28,Marsim,energie,36.4,10.5
2,28,Marsim,luxus,81.06,30.0
2,28,Marsim,biotech,84.96,27.799999999999997
2,28,Marsim,core_daten,107.08,31.0
2,28,Marsim,relikte,153.38,31.0
2,28,Qom-Riyadh,nahrung,32.88,0.0
2,28,Qom-Riyadh,rohstoffe,29.77,9.9
2,28,Qom-Riyadh,industrieteile,40.75,10.269999999999989
2,28,Qom-Riyadh,energie,69.17,0.0
2,28,Qom-Riyadh,luxus,80.49,52.15571187366346
2,28,Qom-Riyadh,biotech,80.28,24.799999999999997
2,28,Qom-Riyadh,core_daten,105.59,159.43884749465388
2,28,Qom-Riyadh,relikte,150.51,28.0
2,28,Bressia,nahrung,35.25,1.3183190694040796
2,28,Bressia,rohstoffe,36.95,85.49438109794308
2,28,Bressia,industrieteile,58.57,9.3
2,28,Bressia,energie,47.14,9.3
2,28,Bressia,luxus,92.1,25.0
2,28,Bressia,biotech,102.16,25.0
2,28,Bressia,core_daten,143.38,25.0
2,28,Bressia,relikte,162.16,25.0
2,28,Hebron,nahrung,35.52,6.0
2,28,Hebron,rohstoffe,31.82,9.5
2,28,Hebron,industrieteile,48.4,16.36
2,28,Hebron,energie,65.99,0.0
2,28,Hebron,luxus,80.92,49.3883987402412
2,28,Hebron,biotech,91.73,9.5
2,28,Hebron,core_daten,113.72,26.0
2,28,Hebron,relikte,141.82,26.0
2,28,Hyperion,nahrung,35.07,0.0
2,28,Hyperion,rohstoffe,34.05,33.63986444434215
2,28,Hyperion,industrieteile,56.26,9.1
2,28,Hyperion,energie,60.4,2.768835220375038
2,28,Hyperion,luxus,94.5,9.1
2,28,Hyperion,biotech,114.08,13.299999999999997
2,28,Hyperion,core_daten,131.25,24.0
2,28,Hyperion,relikte,176.17,42.56993222217108
2,29,Lusus,nahrung,29.26,1.7972834533119997
2,29,Lusus,rohstoffe,29.95,10.7
2,29,Lusus,industrieteile,43.22,20.179999999999996
2,29,Lusus,energie,52.61,1.2224616203750385
2,29,Lusus,luxus,76.8,111.70418558396803
2,29,Lusus,biotech,77.26,28.799999999999997
2,29,Lusus,core_daten,117.15,94.30679038931208
2,29,Lusus,relikte,148.0,32.0
2,29,Tau Ceti,nahrung,20.83,10.3
2,29,Tau Ceti,rohstoffe,28.98,10.3
2,29,Tau Ceti,industrieteile,46.26,10.3
2,29,Tau Ceti,energie,74.63,4.39421602037504
2,29,Tau Ceti,luxus,79.41,22.796
2,29,Tau Ceti,biotech,76.0,73.75845843258534
2,29,Tau Ceti,core_daten,114.64,30.0
2,29,Tau Ceti,relikte,151.96,30.0
2,29,Maui-Covenant,nahrung,22.3,9.5
2,29,Maui-Covenant,rohstoffe,29.99,9.5
2,29,Maui-Covenant,industrieteile,42.1,11.039999999999996
2,29,Maui-Covenant,energie,60.76,0.0
2,29,Maui-Covenant,luxus,85.72,9.5
2,29,Maui-Covenant,biotech,79.27,89.81601099321598
2,29,Maui-Covenant,core_daten,106.61,26.0
2,29,Maui-Covenant,relikte,145.3,26.0
2,29,Marsim,nahrung,26.87,2.4000000000000004
2,29,Marsim,rohstoffe,78.97,10.5
2,29,Marsim,industrieteile,41.05,157.790275630592
2,29,Marsim,energie,37.13,10.5
2,29,Marsim,luxus,83.34,30.0
2,29,Marsim,biotech,84.67,27.799999999999997
2,29,Marsim,core_daten,108.8,31.0
2,29,Marsim,relikte,144.92,31.0
2,29,Qom-Riyadh,nahrung,32.99,0.0
2,29,Qom-Riyadh,rohstoffe,28.24,9.9
2,29,Qom-Riyadh,industrieteile,46.14,10.269999999999989
2,29,Qom-Riyadh,energie,64.25,0.0
2,29,Qom-Riyadh,luxus,79.98,53.28440719835121
2,29,Qom-Riyadh,biotech,79.44,24.799999999999997
2,29,Qom-Riyadh,core_daten,111.71,163.95362879340487
2,29,Qom-Riyadh,relikte,136.25,28.0
2,29,Bressia,nahrung,41.18,8.186483453312
2,29,Bressia,rohstoffe,35.7,83.91142905491459
2,29,Bressia,industrieteile,62.26,9.3
2,29,Bressia,energie,50.98,9.3
2,29,Bressia,luxus,96.78,25.0
2,29,Bressia,biotech,96.9,25.0
2,29,Bressia,core_daten,140.08,25.0
2,29,Bressia,relikte,153.97,25.0
2,29,Hebron,nahrung,23.4,3.8
2,29,Hebron,rohstoffe,33.64,9.5
2,29,Hebron,industrieteile,46.44,16.36
2,29,Hebron,energie,61.81,0.0
2,29,Hebron,luxus,88.68,50.646167234201776
2,29,Hebron,biotech,102.63,9.5
2,29,Hebron,core_daten,128.71,26.0
2,29,Hebron,relikte,153.46,26.0
2,29,Hyperion,nahrung,35.11,0.3652796898013584
2,29,Hyperion,rohstoffe,33.05,28.913864444342153
2,29,Hyperion,industrieteile,52.05,9.1
2,29,Hyperion,energie,60.09,1.0888352203750378
2,29,Hyperion,luxus,98.94,9.1
2,29,Hyperion,biotech,114.5,13.299999999999997
2,29,Hyperion,core_daten,132.44,24.0
2,29,Hyperion,relikte,171.27,43.20693222217108
2,30,Lusus,nahrung,44.83,8.175683453312
2,30,Lusus,rohstoffe,29.3,10.7
2,30,Lusus,industrieteile,45.14,20.179999999999996
2,30,Lusus,energie,69.36,0.0
2,30,Lusus,luxus,78.45,114.77166320271002
2,30,Lusus,biotech,77.22,27.199999999999996
2,30,Lusus,core_daten,106.86,96.3517754684734
2,30,Lusus,relikte,147.52,32.0
2,30,Tau Ceti,nahrung,21.5,10.3
2,30,Tau Ceti,rohstoffe,30.63,10.3
2,30,Tau Ceti,industrieteile,47.93,10.3
2,30,Tau Ceti,energie,48.18,1.5942160203750406
2,30,Tau Ceti,luxus,78.73,22.796
2,30,Tau Ceti,biotech,78.85,75.34050835503568
2,30,Tau Ceti,core_daten,107.28,30.0
2,30,Tau Ceti,relikte,137.39,30.0
2,30,Maui-Covenant,nahrung,21.7,9.5
2,30,Maui-Covenant,rohstoffe,29.45,9.5
2,30,Maui-Covenant,industrieteile,43.97,9.5
2,30,Maui-Covenant,energie,58.5,0.0
2,30,Maui-Covenant,luxus,89.0,9.5
2,30,Maui-Covenant,biotech,81.39,92.20926279185919
2,30,Maui-Covenant,core_daten,113.25,26.0
2,30,Maui-Covenant,relikte,153.7,26.0
2,30,Marsim,nahrung,38.45,0.32819968980135883
2,30,Marsim,rohstoffe,36.47,4.5
2,30,Marsim,industrieteile,44.7,159.98995486259196
2,30,Marsim,energie,35.94,10.5
2,30,Marsim,luxus,78.27,27.432000000000002
2,30,Marsim,biotech,81.48,27.799999999999997
2,30,Marsim,core_daten,116.8,31.0
2,30,Marsim,relikte,151.38,31.0
2,30,Qom-Riyadh,nahrung,33.81,0.0
2,30,Qom-Riyadh,rohstoffe,29.96,9.9
2,30,Qom-Riyadh,industrieteile,44.37,10.269999999999989
2,30,Qom-Riyadh,energie,64.46,0.0
2,30,Qom-Riyadh,luxus,79.7,54.400034523038954
2,30,Qom-Riyadh,biotech,84.78,24.799999999999997
2,30,Qom-Riyadh,core_daten,113.43,168.41613809215585
2,30,Qom-Riyadh,relikte,150.01,28.0
2,30,Bressia,nahrung,25.06,5.8464834533120005
2,30,Bressia,rohstoffe,37.19,86.8234290549146
2,30,Bressia,industrieteile,56.54,9.3
2,30,Bressia,energie,44.43,9.3
2,30,Bressia,luxus,88.31,25.0
2,30,Bressia,biotech,101.27,25.0
2,30,Bressia,core_daten,128.98,25.0
2,30,Bressia,relikte,167.96,25.0
2,30,Hebron,nahrung,25.17,1.5999999999999996
2,30,Hebron,rohstoffe,33.61,9.5
2,30,Hebron,industrieteile,47.71,16.36
2,30,Hebron,energie,67.54,0.0
2,30,Hebron,luxus,79.39,51.89668172816235
2,30,Hebron,biotech,96.24,9.5
2,30,Hebron,core_daten,124.73,26.0
2,30,Hebron,relikte,149.33,26.0
2,30,Hyperion,nahrung,34.77,0.0
2,30,Hyperion,rohstoffe,38.45,30.187864444342154
2,30,Hyperion,industrieteile,53.16,9.1
2,30,Hyperion,energie,70.26,4.375807539199998
2,30,Hyperion,luxus,90.63,9.1
2,30,Hyperion,biotech,114.62,13.299999999999997
2,30,Hyperion,core_daten,126.54,24.0
2,30,Hyperion,relikte,163.85,43.843932222171084
3,1,Lusus,nahrung,21.3,25.6
3,1,Lusus,rohstoffe,27.12,32.0
3,1,Lusus,industrieteile,44.67,32.0
3,1,Lusus,energie,36.0,28.8
3,1,Lusus,luxus,78.62,35.324
3,1,Lusus,biotech,85.72,32.0
3,1,Lusus,core_daten,106.45,34.216
3,1,Lusus,relikte,145.83,32.0
3,1,Tau Ceti,nahrung,21.11,36.612
3,1,Tau Ceti,rohstoffe,26.78,30.0
3,1,Tau Ceti,industrieteile,43.38,27.2
3,1,Tau Ceti,energie,39.37,27.2
3,1,Tau Ceti,luxus,78.25,30.0
3,1,Tau Ceti,biotech,83.92,31.653
3,1,Tau Ceti,core_daten,107.69,30.0
3,1,Tau Ceti,relikte,140.15,30.0
3,1,Maui-Covenant,nahrung,19.79,28.240000000000002
3,1,Maui-Covenant,rohstoffe,28.51,26.0
3,1,Maui-Covenant,industrieteile,45.08,26.0
3,1,Maui-Covenant,energie,38.49,24.5
3,1,Maui-Covenant,luxus,82.9,25.0
3,1,Maui-Covenant,biotech,80.47,28.464
3,1,Maui-Covenant,core_daten,116.37,26.0
3,1,Maui-Covenant,relikte,138.05,26.0
3,1,Marsim,nahrung,20.69,27.4
3,1,Marsim,rohstoffe,30.8,25.0
3,1,Marsim,industrieteile,43.85,36.405
3,1,Marsim,energie,37.07,34.243
3,1,Marsim,luxus,74.55,31.0
3,1,Marsim,biotech,79.16,31.0
3,1,Marsim,core_daten,108.41,31.0
3,1,Marsim,relikte,140.86,31.0
3,1,Qom-Riyadh,nahrung,21.98,25.6
3,1,Qom-Riyadh,rohstoffe,27.37,28.0
3,1,Qom-Riyadh,industrieteile,44.84,28.0
3,1,Qom-Riyadh,energie,40.17,25.6
3,1,Qom-Riyadh,luxus,74.27,29.198999999999998
3,1,Qom-Riyadh,biotech,80.44,28.0
3,1,Qom-Riyadh,core_daten,112.41,32.796
3,1,Qom-Riyadh,relikte,136.37,28.0
3,1,Bressia,nahrung,20.88,22.66
3,1,Bressia,rohstoffe,30.69,28.3248
3,1,Bressia,industrieteile,40.49,23.29
3,1,Bressia,energie,38.21,26.4546
3,1,Bressia,luxus,73.18,25.0
3,1,Bressia,biotech,83.08,25.0
3,1,Bressia,core_daten,121.44,25.0
3,1,Bressia,relikte,137.3,25.0
3,1,Hebron,nahrung,19.15,23.8
3,1,Hebron,rohstoffe,26.21,26.0
3,1,Hebron,industrieteile,43.08,26.0
3,1,Hebron,energie,34.63,24.2
3,1,Hebron,luxus,72.54,27.378
3,1,Hebron,biotech,83.99,24.4
3,1,Hebron,core_daten,121.94,26.0
3,1,Hebron,relikte,143.23,26.0
3,1,Hyperion,nahrung,20.65,22.56
3,1,Hyperion,rohstoffe,29.25,25.4336
3,1,Hyperion,industrieteile,39.46,24.0
3,1,Hyperion,energie,38.78,22.32
3,1,Hyperion,luxus,75.44,22.432
3,1,Hyperion,biotech,83.61,24.0
3,1,Hyperion,core_daten,122.87,24.0
3,1,Hyperion,relikte,133.17,24.7168
3,2,Lusus,nahrung,22.24,19.200000000000003
3,2,Lusus,rohstoffe,27.16,32.0
3,2,Lusus,industrieteile,41.4,32.0
3,2,Lusus,energie,41.02,25.6
3,2,Lusus,luxus,83.53,38.647999999999996
3,2,Lusus,biotech,77.61,32.0
3,2,Lusus,core_daten,115.37,36.432
3,2,Lusus,relikte,153.19,32.0
3,2,Tau Ceti,nahrung,20.08,43.224000000000004
3,2,Tau Ceti,rohstoffe,28.86,30.0
3,2,Tau Ceti,industrieteile,41.67,24.4
3,2,Tau Ceti,energie,37.84,24.4
3,2,Tau Ceti,luxus,80.49,30.0
3,2,Tau Ceti,biotech,82.46,33.306
3,2,Tau Ceti,core_daten,116.59,30.0
3,2,Tau Ceti,relikte,137.34,30.0
3,2,Maui-Covenant,nahrung,20.41,30.480000000000004
3,2,Maui-Covenant,rohstoffe,29.81,26.0
3,2,Maui-Covenant,industrieteile,43.22,26.0
3,2,Maui-Covenant,energie,37.87,23.0
3,2,Maui-Covenant,luxus,79.18,24.0
3,2,Maui-Covenant,biotech,86.67,30.927999999999997
3,2,Maui-Covenant,core_daten,113.89,26.0
3,2,Maui-Covenant,relikte,136.5,26.0
3,2,Marsim,nahrung,22.15,23.799999999999997
3,2,Marsim,rohstoffe,30.02,19.0
3,2,Marsim,industrieteile,42.21,41.81
3,2,Marsim,energie,36.05,37.486000000000004
3,2,Marsim,luxus,78.14,31.0
3,2,Marsim,biotech,79.76,31.0
3,2,Marsim,core_daten,106.67,31.0
3,2,Marsim,relikte,147.32,31.0
3,2,Qom-Riyadh,nahrung,20.11,23.200000000000003
3,2,Qom-Riyadh,rohstoffe,29.5,28.0
3,2,Qom-Riyadh,industrieteile,40.13,28.0
3,2,Qom-Riyadh,energie,39.8,23.200000000000003
3,2,Qom-Riyadh,luxus,81.82,30.397999999999996
3,2,Qom-Riyadh,biotech,81.68,28.0
3,2,Qom-Riyadh,core_daten,115.4,37.592
3,2,Qom-Riyadh,relikte,140.54,28.0
3,2,Bressia,nahrung,22.21,20.32
3,2,Bressia,rohstoffe,28.03,31.6496
3,2,Bressia,industrieteile,41.6,21.58
3,2,Bressia,energie,40.84,27.9092
3,2,Bressia,luxus,77.42,25.0
3,2,Bressia,biotech,79.85,25.0
3,2,Bressia,core_daten,120.67,25.0
3,2,Bressia,relikte,141.95,25.0
3,2,Hebron,nahrung,21.87,21.6
3,2,Hebron,rohstoffe,26.69,26.0
3,2,Hebron,industrieteile,45.58,26.0
3,2,Hebron,energie,36.47,22.4
3,2,Hebron,luxus,71.98,28.756
3,2,Hebron,biotech,91.97,22.799999999999997
3,2,Hebron,core_daten,105.73,26.0
3,2,Hebron,relikte,157.94,26.0
3,2,Hyperion,nahrung,23.05,21.119999999999997
3,2,Hyperion,rohstoffe,29.06,26.867199999999997
3,2,Hyperion,industrieteile,38.79,24.0
3,2,Hyperion,energie,35.05,20.64
3,2,Hyperion,luxus,76.18,20.863999999999997
3,2,Hyperion,biotech,80.15,24.0
3,2,Hyperion,core_daten,115.35,24.0
3,2,Hyperion,relikte,158.57,25.4336
3,3,Lusus,nahrung,22.7,12.800000000000002
3,3,Lusus,rohstoffe,27.12,32.0
3,3,Lusus,industrieteile,40.41,32.0
3,3,Lusus,energie,39.04,22.400000000000002
3,3,Lusus,luxus,80.43,41.971999999999994
3,3,Lusus,biotech,77.02,32.0
3,3,Lusus,core_daten,111.66,38.648
3,3,Lusus,relikte,148.61,32.0
3,3,Tau Ceti,nahrung,21.48,49.836000000000006
3,3,Tau Ceti,rohstoffe,28.03,30.0
3,3,Tau Ceti,industrieteile,46.71,21.599999999999998
3,3,Tau Ceti,energie,37.02,21.599999999999998
3,3,Tau Ceti,luxus,80.91,30.0
3,3,Tau Ceti,biotech,84.31,34.958999999999996
3,3,Tau Ceti,core_daten,118.11,30.0
3,3,Tau Ceti,relikte,144.91,30.0
3,3,Maui-Covenant,nahrung,19.74,32.720000000000006
3,3,Maui-Covenant,rohstoffe,26.84,26.0
3,3,Maui-Covenant,industrieteile,42.92,26.0
3,3,Maui-Covenant,energie,36.57,21.5
3,3,Maui-Covenant,luxus,81.61,23.0
3,3,Maui-Covenant,biotech,77.18,33.391999999999996
3,3,Maui-Covenant,core_daten,116.86,26.0
3,3,Maui-Covenant,relikte,140.3,26.0
3,3,Marsim,nahrung,20.1,20.199999999999996
3,3,Marsim,rohstoffe,30.43,13.0
3,3,Marsim,industrieteile,42.3,47.215
3,3,Marsim,energie,37.69,40.729000000000006
3,3,Marsim,luxus,77.58,31.0
3,3,Marsim,biotech,78.18,31.0
3,3,Marsim,core_daten,112.33,31.0
3,3,Marsim,relikte,153.2,31.0
3,3,Qom-Riyadh,nahrung,21.33,20.800000000000004
3,3,Qom-Riyadh,rohstoffe,30.08,28.0
3,3,Qom-Riyadh,industrieteile,40.15,28.0
3,3,Qom-Riyadh,energie,40.99,20.800000000000004
3,3,Qom-Riyadh,luxus,82.61,31.596999999999994
3,3,Qom-Riyadh,biotech,82.17,28.0
3,3,Qom-Riyadh,core_daten,112.61,42.388
3,3,Qom-Riyadh,relikte,145.91,28.0
3,3,Bressia,nahrung,22.98,17.98
3,3,Bressia,rohstoffe,26.05,34.9744
3,3,Bressia,industrieteile,45.2,19.869999999999997
3,3,Bressia,energie,37.79,29.363799999999998
3,3,Bressia,luxus,75.9,25.0
3,3,Bressia,biotech,85.38,25.0
3,3,Bressia,core_daten,117.66,25.0
3,3,Bressia,relikte,134.51,25.0
3,3,Hebron,nahrung,22.05,19.400000000000002
3,3,Hebron,rohstoffe,28.23,26.0
3,3,Hebron,industrieteile,42.68,26.0
3,3,Hebron,energie,39.33,20.599999999999998
3,3,Hebron,luxus,71.97,30.134
3,3,Hebron,biotech,86.23,21.199999999999996
3,3,Hebron,core_daten,110.07,26.0
3,3,Hebron,relikte,156.04,26.0
3,3,Hyperion,nahrung,20.02,19.679999999999996
3,3,Hyperion,rohstoffe,30.23,28.300799999999995
3,3,Hyperion,industrieteile,44.68,24.0
3,3,Hyperion,energie,39.29,18.96
3,3,Hyperion,luxus,86.76,19.295999999999996
3,3,Hyperion,biotech,74.6,24.0
3,3,Hyperion,core_daten,115.04,24.0
3,3,Hyperion,relikte,148.61,26.150399999999998
3,4,Lusus,nahrung,23.79,6.400000000000002
3,4,Lusus,rohstoffe,26.87,32.0
3,4,Lusus,industrieteile,40.97,32.0
3,4,Lusus,energie,39.55,19.200000000000003
3,4,Lusus,luxus,75.21,45.29599999999999
3,4,Lusus,biotech,77.02,32.0
3,4,Lusus,core_daten,110.22,40.864000000000004
3,4,Lusus,relikte,144.28,32.0
3,4,Tau Ceti,nahrung,20.86,56.44800000000001
3,4,Tau Ceti,rohstoffe,26.73,30.0
3,4,Tau Ceti,industrieteile,46.41,18.799999999999997
3,4,Tau Ceti,energie,38.04,18.799999999999997
3,4,Tau Ceti,luxus,81.59,30.0
3,4,Tau Ceti,biotech,76.31,36.611999999999995
3,4,Tau Ceti,core_daten,119.18,30.0
3,4,Tau Ceti,relikte,146.69,30.0
3,4,Maui-Covenant,nahrung,22.07,34.96000000000001
3,4,Maui-Covenant,rohstoffe,30.26,26.0
3,4,Maui-Covenant,industrieteile,44.58,26.0
3,4,Maui-Covenant,energie,36.31,20.0
3,4,Maui-Covenant,luxus,78.83,22.0
3,4,Maui-Covenant,biotech,78.65,35.855999999999995
3,4,Maui-Covenant,core_daten,116.86,26.0
3,4,Maui-Covenant,relikte,139.73,26.0
3,4,Marsim,nahrung,20.82,16.599999999999994
3,4,Marsim,rohstoffe,32.68,7.0
3,4,Marsim,industrieteile,40.45,52.620000000000005
3,4,Marsim,energie,39.49,43.97200000000001
3,4,Marsim,luxus,83.5,31.0
3,4,Marsim,biotech,80.26,31.0
3,4,Marsim,core_daten,116.07,31.0
3,4,Marsim,relikte,144.31,31.0
3,4,Qom-Riyadh,nahrung,21.36,18.400000000000006
3,4,Qom-Riyadh,rohstoffe,27.99,28.0
3,4,Qom-Riyadh,industrieteile,43.46,28.0
3,4,Qom-Riyadh,energie,37.42,18.400000000000006
3,4,Qom-Riyadh,luxus,76.2,32.79599999999999
3,4,Qom-Riyadh,biotech,81.89,28.0
3,4,Qom-Riyadh,core_daten,107.84,47.184
3,4,Qom-Riyadh,relikte,144.09,28.0
3,4,Bressia,nahrung,23.21,15.64
3,4,Bressia,rohstoffe,25.8,38.2992
3,4,Bressia,industrieteile,40.79,18.159999999999997
3,4,Bressia,energie,39.63,30.818399999999997
3,4,Bressia,luxus,72.22,25.0
3,4,Bressia,biotech,77.93,25.0
3,4,Bressia,core_daten,120.5,25.0
3,4,Bressia,relikte,148.54,25.0
3,4,Hebron,nahrung,20.16,17.200000000000003
3,4,Hebron,rohstoffe,26.07,26.0
3,4,Hebron,industrieteile,40.91,26.0
3,4,Hebron,energie,36.95,18.799999999999997
3,4,Hebron,luxus,83.23,31.512
3,4,Hebron,biotech,92.62,19.599999999999994
3,4,Hebron,core_daten,119.02,26.0
3,4,Hebron,relikte,156.69,26.0
3,4,Hyperion,nahrung,22.88,18.239999999999995
3,4,Hyperion,rohstoffe,30.51,29.734399999999994
3,4,Hyperion,industrieteile,46.25,24.0
3,4,Hyperion,energie,41.93,17.28
3,4,Hyperion,luxus,74.86,17.727999999999994
3,4,Hyperion,biotech,79.03,24.0
3,4,Hyperion,core_daten,107.45,24.0
3,4,Hyperion,relikte,148.26,26.867199999999997
3,5,Lusus,nahrung,44.76,10.7
3,5,Lusus,rohstoffe,29.66,32.0
3,5,Lusus,industrieteile,42.12,32.0
3,5,Lusus,energie,37.88,16.000000000000004
3,5,Lusus,luxus,76.13,48.61999999999999
3,5,Lusus,biotech,81.16,32.0
3,5,Lusus,core_daten,113.85,43.080000000000005
3,5,Lusus,relikte,146.1,32.0
3,5,Tau Ceti,nahrung,20.6,62.360000000000014
3,5,Tau Ceti,rohstoffe,27.31,26.5
3,5,Tau Ceti,industrieteile,44.68,15.999999999999996
3,5,Tau Ceti,energie,38.27,15.999999999999996
3,5,Tau Ceti,luxus,75.42,30.0
3,5,Tau Ceti,biotech,81.85,38.26499999999999
3,5,Tau Ceti,core_daten,108.14,30.0
3,5,Tau Ceti,relikte,148.94,30.0
3,5,Maui-Covenant,nahrung,21.22,37.20000000000001
3,5,Maui-Covenant,rohstoffe,27.16,20.0
3,5,Maui-Covenant,industrieteile,43.44,26.0
3,5,Maui-Covenant,energie,37.52,18.5
3,5,Maui-Covenant,luxus,79.96,21.0
3,5,Maui-Covenant,biotech,82.5,38.31999999999999
3,5,Maui-Covenant,core_daten,116.6,26.0
3,5,Maui-Covenant,relikte,152.61,26.0
3,5,Marsim,nahrung,22.47,12.999999999999995
3,5,Marsim,rohstoffe,50.96,10.5
3,5,Marsim,industrieteile,42.72,58.025000000000006
3,5,Marsim,energie,36.59,47.21500000000001
3,5,Marsim,luxus,73.86,31.0
3,5,Marsim,biotech,82.14,31.0
3,5,Marsim,core_daten,112.17,31.0
3,5,Marsim,relikte,151.72,31.0
3,5,Qom-Riyadh,nahrung,20.9,16.000000000000007
3,5,Qom-Riyadh,rohstoffe,29.68,28.0
3,5,Qom-Riyadh,industrieteile,42.8,28.0
3,5,Qom-Riyadh,energie,36.94,16.000000000000007
3,5,Qom-Riyadh,luxus,80.81,33.99499999999999
3,5,Qom-Riyadh,biotech,79.45,28.0
3,5,Qom-Riyadh,core_daten,112.59,51.98
3,5,Qom-Riyadh,relikte,137.26,28.0
3,5,Bressia,nahrung,19.48,9.3
3,5,Bressia,rohstoffe,30.68,41.623999999999995
3,5,Bressia,industrieteile,40.44,16.449999999999996
3,5,Bressia,energie,34.93,32.272999999999996
3,5,Bressia,luxus,73.82,25.0
3,5,Bressia,biotech,75.49,25.0
3,5,Bressia,core_daten,119.9,25.0
3,5,Bressia,relikte,159.44,25.0
3,5,Hebron,nahrung,22.0,15.000000000000004
3,5,Hebron,rohstoffe,27.91,26.0
3,5,Hebron,industrieteile,45.95,26.0
3,5,Hebron,energie,38.6,16.999999999999996
3,5,Hebron,luxus,73.14,32.89
3,5,Hebron,biotech,88.35,17.999999999999993
3,5,Hebron,core_daten,109.76,26.0
3,5,Hebron,relikte,139.04,26.0
3,5,Hyperion,nahrung,20.44,10.799999999999994
3,5,Hyperion,rohstoffe,27.82,31.167999999999992
3,5,Hyperion,industrieteile,40.19,24.0
3,5,Hyperion,energie,39.44,15.600000000000001
3,5,Hyperion,luxus,87.26,16.159999999999993
3,5,Hyperion,biotech,83.01,24.0
3,5,Hyperion,core_daten,102.3,24.0
3,5,Hyperion,relikte,150.41,27.583999999999996
3,6,Lusus,nahrung,26.74,10.7
3,6,Lusus,rohstoffe,29.36,32.0
3,6,Lusus,industrieteile,41.43,32.0
3,6,Lusus,energie,38.03,12.800000000000004
3,6,Lusus,luxus,77.84,51.94399999999999
3,6,Lusus,biotech,83.44,32.0
3,6,Lusus,core_daten,108.37,45.29600000000001
3,6,Lusus,relikte,141.7,32.0
3,6,Tau Ceti,nahrung,21.42,68.572
3,6,Tau Ceti,rohstoffe,27.93,26.5
3,6,Tau Ceti,industrieteile,46.43,13.199999999999996
3,6,Tau Ceti,energie,39.76,13.199999999999996
3,6,Tau Ceti,luxus,83.06,30.0
3,6,Tau Ceti,biotech,76.42,39.91799999999999
3,6,Tau Ceti,core_daten,108.11,30.0
3,6,Tau Ceti,relikte,150.18,30.0
3,6,Maui-Covenant,nahrung,21.24,32.34
3,6,Maui-Covenant,rohstoffe,27.09,14.0
3,6,Maui-Covenant,industrieteile,40.76,26.0
3,6,Maui-Covenant,energie,36.99,17.0
3,6,Maui-Covenant,luxus,81.09,20.0
3,6,Maui-Covenant,biotech,85.53,40.78399999999999
3,6,Maui-Covenant,core_daten,108.73,26.0
3,6,Maui-Covenant,relikte,139.93,26.0
3,6,Marsim,nahrung,22.73,10.5
3,6,Marsim,rohstoffe,36.84,10.5
3,6,Marsim,industrieteile,44.36,63.43000000000001
3,6,Marsim,energie,39.75,50.45800000000001
3,6,Marsim,luxus,83.1,31.0
3,6,Marsim,biotech,83.84,31.0
3,6,Marsim,core_daten,112.54,31.0
3,6,Marsim,relikte,136.77,31.0
3,6,Qom-Riyadh,nahrung,22.34,13.600000000000007
3,6,Qom-Riyadh,rohstoffe,28.1,28.0
3,6,Qom-Riyadh,industrieteile,42.52,28.0
3,6,Qom-Riyadh,energie,39.89,13.600000000000007
3,6,Qom-Riyadh,luxus,83.26,35.19399999999999
3,6,Qom-Riyadh,biotech,82.29,28.0
3,6,Qom-Riyadh,core_daten,118.04,56.775999999999996
3,6,Qom-Riyadh,relikte,153.85,28.0
3,6,Bressia,nahrung,20.36,6.960000000000001
3,6,Bressia,rohstoffe,27.59,44.94879999999999
3,6,Bressia,industrieteile,47.89,14.739999999999995
3,6,Bressia,energie,39.37,33.727599999999995
3,6,Bressia,luxus,86.03,25.0
3,6,Bressia,biotech,76.91,25.0
3,6,Bressia,core_daten,113.55,25.0
3,6,Bressia,relikte,157.7,25.0
3,6,Hebron,nahrung,21.65,12.800000000000004
3,6,Hebron,rohstoffe,29.42,26.0
3,6,Hebron,industrieteile,46.66,26.0
3,6,Hebron,energie,36.28,15.199999999999996
3,6,Hebron,luxus,71.92,34.268
3,6,Hebron,biotech,91.49,16.39999999999999
3,6,Hebron,core_daten,114.58,26.0
3,6,Hebron,relikte,137.1,26.0
3,6,Hyperion,nahrung,22.87,9.359999999999994
3,6,Hyperion,rohstoffe,27.25,32.60159999999999
3,6,Hyperion,industrieteile,39.76,24.0
3,6,Hyperion,energie,37.26,13.920000000000002
3,6,Hyperion,luxus,74.58,14.591999999999993
3,6,Hyperion,biotech,80.41,24.0
3,6,Hyperion,core_daten,119.0,24.0
3,6,Hyperion,relikte,143.91,28.300799999999995
3,7,Lusus,nahrung,23.93,10.7
3,7,Lusus,rohstoffe,27.25,32.0
3,7,Lusus,industrieteile,40.72,32.0
3,7,Lusus,energie,41.04,10.7
3,7,Lusus,luxus,75.29,55.26799999999999
3,7,Lusus,biotech,83.31,32.0
3,7,Lusus,core_daten,112.51,47.51200000000001
3,7,Lusus,relikte,146.33,32.0
3,7,Tau Ceti,nahrung,21.67,74.78399999999999
3,7,Tau Ceti,rohstoffe,29.54,26.5
3,7,Tau Ceti,industrieteile,49.24,10.399999999999995
3,7,Tau Ceti,energie,38.32,10.399999999999995
3,7,Tau Ceti,luxus,77.52,30.0
3,7,Tau Ceti,biotech,86.12,41.57099999999999
3,7,Tau Ceti,core_daten,111.14,30.0
3,7,Tau Ceti,relikte,141.03,30.0
3,7,Maui-Covenant,nahrung,20.76,24.980000000000004
3,7,Maui-Covenant,rohstoffe,27.52,14.0
3,7,Maui-Covenant,industrieteile,44.66,26.0
3,7,Maui-Covenant,energie,39.19,15.5
3,7,Maui-Covenant,luxus,76.59,19.0
3,7,Maui-Covenant,biotech,86.12,43.24799999999999
3,7,Maui-Covenant,core_daten,113.11,26.0
3,7,Maui-Covenant,relikte,140.88,26.0
3,7,Marsim,nahrung,23.0,10.5
3,7,Marsim,rohstoffe,39.35,10.5
3,7,Marsim,industrieteile,41.62,68.83500000000001
3,7,Marsim,energie,35.03,52.60100000000002
3,7,Marsim,luxus,75.66,31.0
3,7,Marsim,biotech,76.98,31.0
3,7,Marsim,core_daten,113.01,31.0
3,7,Marsim,relikte,141.42,31.0
3,7,Qom-Riyadh,nahrung,22.62,11.200000000000006
3,7,Qom-Riyadh,rohstoffe,27.4,28.0
3,7,Qom-Riyadh,industrieteile,40.07,28.0
3,7,Qom-Riyadh,energie,39.45,11.200000000000006
3,7,Qom-Riyadh,luxus,74.78,36.39299999999999
3,7,Qom-Riyadh,biotech,79.72,28.0
3,7,Qom-Riyadh,core_daten,108.06,61.571999999999996
3,7,Qom-Riyadh,relikte,139.24,28.0
3,7,Bressia,nahrung,23.31,4.620000000000001
3,7,Bressia,rohstoffe,30.74,48.27359999999999
3,7,Bressia,industrieteile,43.72,13.029999999999994
3,7,Bressia,energie,38.43,35.182199999999995
3,7,Bressia,luxus,76.24,25.0
3,7,Bressia,biotech,88.36,25.0
3,7,Bressia,core_daten,114.02,25.0
3,7,Bressia,relikte,132.44,25.0
3,7,Hebron,nahrung,22.64,10.600000000000005
3,7,Hebron,rohstoffe,26.9,26.0
3,7,Hebron,industrieteile,39.04,26.0
3,7,Hebron,energie,35.3,13.399999999999995
3,7,Hebron,luxus,83.72,35.646
3,7,Hebron,biotech,89.66,14.799999999999992
3,7,Hebron,core_daten,109.74,26.0
3,7,Hebron,relikte,147.07,26.0
3,7,Hyperion,nahrung,22.48,7.919999999999994
3,7,Hyperion,rohstoffe,26.11,28.03519999999999
3,7,Hyperion,industrieteile,44.49,24.0
3,7,Hyperion,energie,40.52,12.240000000000002
3,7,Hyperion,luxus,89.32,13.023999999999994
3,7,Hyperion,biotech,74.96,24.0
3,7,Hyperion,core_daten,114.51,24.0
3,7,Hyperion,relikte,145.34,29.017599999999995
3,8,Lusus,nahrung,24.97,10.7
3,8,Lusus,rohstoffe,29.03,32.0
3,8,Lusus,industrieteile,44.84,32.0
3,8,Lusus,energie,40.7,10.7
3,8,Lusus,luxus,78.42,58.591999999999985
3,8,Lusus,biotech,85.67,32.0
3,8,Lusus,core_daten,105.45,49.72800000000001
3,8,Lusus,relikte,153.62,32.0
3,8,Tau Ceti,nahrung,20.25,70.696
3,8,Tau Ceti,rohstoffe,28.33,26.5
3,8,Tau Ceti,industrieteile,46.85,10.3
3,8,Tau Ceti,energie,42.61,10.3
3,8,Tau Ceti,luxus,79.06,30.0
3,8,Tau Ceti,biotech,83.87,43.22399999999999
3,8,Tau Ceti,core_daten,106.92,30.0
3,8,Tau Ceti,relikte,152.07,30.0
3,8,Maui-Covenant,nahrung,21.68,26.820000000000007
3,8,Maui-Covenant,rohstoffe,29.36,14.0
3,8,Maui-Covenant,industrieteile,41.24,23.299999999999994
3,8,Maui-Covenant,energie,37.46,10.8
3,8,Maui-Covenant,luxus,80.45,18.0
3,8,Maui-Covenant,biotech,76.73,45.71199999999999
3,8,Maui-Covenant,core_daten,119.37,26.0
3,8,Maui-Covenant,relikte,143.75,26.0
3,8,Marsim,nahrung,23.99,10.5
3,8,Marsim,rohstoffe,35.69,10.5
3,8,Marsim,industrieteile,43.25,74.24000000000001
3,8,Marsim,energie,38.78,55.84400000000002
3,8,Marsim,luxus,80.16,31.0
3,8,Marsim,biotech,80.79,31.0
3,8,Marsim,core_daten,105.66,31.0
3,8,Marsim,relikte,143.72,31.0
3,8,Qom-Riyadh,nahrung,21.57,9.9
3,8,Qom-Riyadh,rohstoffe,30.09,28.0
3,8,Qom-Riyadh,industrieteile,45.31,28.0
3,8,Qom-Riyadh,energie,42.57,9.9
3,8,Qom-Riyadh,luxus,83.37,37.591999999999985
3,8,Qom-Riyadh,biotech,78.24,28.0
3,8,Qom-Riyadh,core_daten,105.21,66.368
3,8,Qom-Riyadh,relikte,141.36,28.0
3,8,Bressia,nahrung,21.86,2.2800000000000007
3,8,Bressia,rohstoffe,26.28,45.598399999999984
3,8,Bressia,industrieteile,45.87,11.319999999999993
3,8,Bressia,energie,35.28,32.8368
3,8,Bressia,luxus,80.6,25.0
3,8,Bressia,biotech,79.97,25.0
3,8,Bressia,core_daten,107.98,25.0
3,8,Bressia,relikte,158.72,25.0
3,8,Hebron,nahrung,20.54,8.400000000000006
3,8,Hebron,rohstoffe,30.58,26.0
3,8,Hebron,industrieteile,42.98,26.0
3,8,Hebron,energie,40.36,11.599999999999994
3,8,Hebron,luxus,73.19,37.024
3,8,Hebron,biotech,90.92,13.199999999999992
3,8,Hebron,core_daten,121.26,26.0
3,8,Hebron,relikte,137.03,26.0
3,8,Hyperion,nahrung,21.69,6.479999999999993
3,8,Hyperion,rohstoffe,29.29,29.468799999999987
3,8,Hyperion,industrieteile,42.59,24.0
3,8,Hyperion,energie,41.12,10.560000000000002
3,8,Hyperion,luxus,85.2,11.455999999999994
3,8,Hyperion,biotech,78.97,24.0
3,8,Hyperion,core_daten,116.86,24.0
3,8,Hyperion,relikte,152.64,29.734399999999994
3,9,Lusus,nahrung,25.71,10.7
3,9,Lusus,rohstoffe,28.93,32.0
3,9,Lusus,industrieteile,42.54,32.0
3,9,Lusus,energie,39.32,10.7
3,9,Lusus,luxus,77.32,61.91599999999998
3,9,Lusus,biotech,84.46,32.0
3,9,Lusus,core_daten,115.32,51.94400000000001
3,9,Lusus,relikte,136.93,32.0
3,9,Tau Ceti,nahrung,20.69,59.30799999999999
3,9,Tau Ceti,rohstoffe,28.8,26.5
3,9,Tau Ceti,industrieteile,48.43,10.3
3,9,Tau Ceti,energie,39.25,10.3
3,9,Tau Ceti,luxus,80.21,30.0
3,9,Tau Ceti,biotech,83.32,44.87699999999999
3,9,Tau Ceti,core_daten,113.15,30.0
3,9,Tau Ceti,relikte,153.17,30.0
3,9,Maui-Covenant,nahrung,21.03,25.360000000000007
3,9,Maui-Covenant,rohstoffe,26.9,14.0
3,9,Maui-Covenant,industrieteile,41.63,20.499999999999993
3,9,Maui-Covenant,energie,40.33,9.3
3,9,Maui-Covenant,luxus,76.76,17.0
3,9,Maui-Covenant,biotech,86.05,48.17599999999999
3,9,Maui-Covenant,core_daten,115.69,26.0
3,9,Maui-Covenant,relikte,150.4,26.0
3,9,Marsim,nahrung,21.71,10.5
3,9,Marsim,rohstoffe,34.86,10.5
3,9,Marsim,industrieteile,44.46,79.64500000000001
3,9,Marsim,energie,37.39,50.687000000000026
3,9,Marsim,luxus,78.12,31.0
3,9,Marsim,biotech,81.78,31.0
3,9,Marsim,core_daten,116.46,31.0
3,9,Marsim,relikte,142.55,31.0
3,9,Qom-Riyadh,nahrung,22.83,9.9
3,9,Qom-Riyadh,rohstoffe,27.24,28.0
3,9,Qom-Riyadh,industrieteile,45.35,28.0
3,9,Qom-Riyadh,energie,41.71,9.9
3,9,Qom-Riyadh,luxus,76.7,38.79099999999998
3,9,Qom-Riyadh,biotech,81.46,28.0
3,9,Qom-Riyadh,core_daten,117.38,71.16399999999999
3,9,Qom-Riyadh,relikte,141.98,28.0
3,9,Bressia,nahrung,33.19,9.3
3,9,Bressia,rohstoffe,30.59,48.92319999999998
3,9,Bressia,industrieteile,49.71,9.609999999999992
3,9,Bressia,energie,35.69,34.291399999999996
3,9,Bressia,luxus,83.39,25.0
3,9,Bressia,biotech,83.55,25.0
3,9,Bressia,core_daten,119.56,25.0
3,9,Bressia,relikte,133.57,25.0
3,9,Hebron,nahrung,21.84,6.2000000000000055
3,9,Hebron,rohstoffe,28.22,26.0
3,9,Hebron,industrieteile,45.34,26.0
3,9,Hebron,energie,39.09,9.799999999999994
3,9,Hebron,luxus,71.62,38.402
3,9,Hebron,biotech,82.74,11.599999999999993
3,9,Hebron,core_daten,120.0,26.0
3,9,Hebron,relikte,156.16,26.0
3,9,Hyperion,nahrung,22.38,5.039999999999993
3,9,Hyperion,rohstoffe,26.15,24.902399999999986
3,9,Hyperion,industrieteile,45.04,24.0
3,9,Hyperion,energie,42.34,8.880000000000003
3,9,Hyperion,luxus,80.23,9.887999999999995
3,9,Hyperion,biotech,81.61,24.0
3,9,Hyperion,core_daten,108.4,24.0
3,9,Hyperion,relikte,132.54,30.451199999999993
3,10,Lusus,nahrung,24.31,10.7
3,10,Lusus,rohstoffe,26.93,32.0
3,10,Lusus,industrieteile,44.9,32.0
3,10,Lusus,energie,39.36,10.7
3,10,Lusus,luxus,80.82,65.23999999999998
3,10,Lusus,biotech,84.85,32.0
3,10,Lusus,core_daten,108.5,54.16000000000001
3,10,Lusus,relikte,142.46,32.0
3,10,Tau Ceti,nahrung,20.02,53.91999999999999
3,10,Tau Ceti,rohstoffe,29.24,26.5
3,10,Tau Ceti,industrieteile,51.15,10.3
3,10,Tau Ceti,energie,42.38,10.3
3,10,Tau Ceti,luxus,78.67,30.0
3,10,Tau Ceti,biotech,81.63,46.52999999999999
3,10,Tau Ceti,core_daten,111.31,30.0
3,10,Tau Ceti,relikte,148.99,30.0
3,10,Maui-Covenant,nahrung,20.21,27.20000000000001
3,10,Maui-Covenant,rohstoffe,27.76,14.0
3,10,Maui-Covenant,industrieteile,43.96,20.499999999999993
3,10,Maui-Covenant,energie,38.43,7.800000000000001
3,10,Maui-Covenant,luxus,86.4,16.0
3,10,Maui-Covenant,biotech,83.54,50.639999999999986
3,10,Maui-Covenant,core_daten,108.25,26.0
3,10,Maui-Covenant,relikte,136.55,26.0
3,10,Marsim,nahrung,22.96,10.5
3,10,Marsim,rohstoffe,35.46,10.5
3,10,Marsim,industrieteile,42.42,85.05000000000001
3,10,Marsim,energie,37.83,45.53000000000003
3,10,Marsim,luxus,81.81,31.0
3,10,Marsim,biotech,80.42,31.0
3,10,Marsim,core_daten,113.26,31.0
3,10,Marsim,relikte,150.75,31.0
3,10,Qom-Riyadh,nahrung,21.03,9.9
3,10,Qom-Riyadh,rohstoffe,27.87,28.0
3,10,Qom-Riyadh,industrieteile,44.41,28.0
3,10,Qom-Riyadh,energie,39.95,9.9
3,10,Qom-Riyadh,luxus,82.82,39.98999999999998
3,10,Qom-Riyadh,biotech,77.35,28.0
3,10,Qom-Riyadh,core_daten,105.93,75.95999999999998
3,10,Qom-Riyadh,relikte,142.68,28.0
3,10,Bressia,nahrung,21.97,6.960000000000001
3,10,Bressia,rohstoffe,27.64,52.23348479999998
3,10,Bressia,industrieteile,43.84,7.899999999999992
3,10,Bressia,energie,37.06,35.73964959999999
3,10,Bressia,luxus,84.89,25.0
3,10,Bressia,biotech,88.72,25.0
3,10,Bressia,core_daten,115.61,25.0
3,10,Bressia,relikte,138.8,25.0
3,10,Hebron,nahrung,23.23,4.000000000000005
3,10,Hebron,rohstoffe,26.61,26.0
3,10,Hebron,industrieteile,39.17,23.2
3,10,Hebron,energie,42.17,7.999999999999994
3,10,Hebron,luxus,74.99,39.78
3,10,Hebron,biotech,82.89,9.999999999999993
3,10,Hebron,core_daten,119.75,26.0
3,10,Hebron,relikte,134.92,26.0
3,10,Hyperion,nahrung,21.36,3.5999999999999925
3,10,Hyperion,rohstoffe,26.58,20.335999999999984
3,10,Hyperion,industrieteile,46.02,24.0
3,10,Hyperion,energie,41.44,7.200000000000003
3,10,Hyperion,luxus,79.45,8.319999999999995
3,10,Hyperion,biotech,75.16,24.0
3,10,Hyperion,core_daten,121.76,24.0
3,10,Hyperion,relikte,134.56,31.167999999999992
3,11,Lusus,nahrung,26.03,10.7
3,11,Lusus,rohstoffe,28.76,32.0
3,11,Lusus,industrieteile,42.55,32.0
3,11,Lusus,energie,41.06,10.7
3,11,Lusus,luxus,76.0,68.56399999999998
3,11,Lusus,biotech,83.09,32.0
3,11,Lusus,core_daten,107.04,56.37600000000001
3,11,Lusus,relikte,144.4,32.0
3,11,Tau Ceti,nahrung,20.13,48.53199999999999
3,11,Tau Ceti,rohstoffe,28.0,26.5
3,11,Tau Ceti,industrieteile,50.64,10.3
3,11,Tau Ceti,energie,41.45,10.3
3,11,Tau Ceti,luxus,80.2,30.0
3,11,Tau Ceti,biotech,82.75,48.182999999999986
3,11,Tau Ceti,core_daten,105.44,30.0
3,11,Tau Ceti,relikte,150.27,30.0
3,11,Maui-Covenant,nahrung,21.82,29.040000000000013
3,11,Maui-Covenant,rohstoffe,29.6,14.0
3,11,Maui-Covenant,industrieteile,43.01,20.499999999999993
3,11,Maui-Covenant,energie,41.96,9.5
3,11,Maui-Covenant,luxus,86.18,15.0
3,11,Maui-Covenant,biotech,78.83,53.103999999999985
3,11,Maui-Covenant,core_daten,107.97,26.0
3,11,Maui-Covenant,relikte,142.44,26.0
3,11,Marsim,nahrung,21.27,10.5
3,11,Marsim,rohstoffe,35.94,10.5
3,11,Marsim,industrieteile,40.14,84.545
3,11,Marsim,energie,35.02,33.59300000000004
3,11,Marsim,luxus,77.7,31.0
3,11,Marsim,biotech,76.43,29.89999999999999
3,11,Marsim,core_daten,112.31,31.0
3,11,Marsim,relikte,151.42,31.0
3,11,Qom-Riyadh,nahrung,22.66,9.9
3,11,Qom-Riyadh,rohstoffe,26.84,28.0
3,11,Qom-Riyadh,industrieteile,43.97,28.0
3,11,Qom-Riyadh,energie,39.07,9.9
3,11,Qom-Riyadh,luxus,81.55,41.18899999999998
3,11,Qom-Riyadh,biotech,83.21,28.0
3,11,Qom-Riyadh,core_daten,112.48,80.75599999999997
3,11,Qom-Riyadh,relikte,144.03,28.0
3,11,Bressia,nahrung,24.81,4.620000000000001
3,11,Bressia,rohstoffe,26.77,55.543769599999976
3,11,Bressia,industrieteile,50.91,9.3
3,11,Bressia,energie,35.3,37.18789919999999
3,11,Bressia,luxus,72.77,22.651999999999994
3,11,Bressia,biotech,77.37,25.0
3,11,Bressia,core_daten,102.85,25.0
3,11,Bressia,relikte,154.85,25.0
3,11,Hebron,nahrung,23.08,1.8000000000000052
3,11,Hebron,rohstoffe,28.89,26.0
3,11,Hebron,industrieteile,40.96,23.2
3,11,Hebron,energie,39.49,6.199999999999994
3,11,Hebron,luxus,82.78,41.158
3,11,Hebron,biotech,90.91,9.5
3,11,Hebron,core_daten,107.78,26.0
3,11,Hebron,relikte,152.31,26.0
3,11,Hyperion,nahrung,21.72,2.159999999999992
3,11,Hyperion,rohstoffe,26.02,15.769599999999983
3,11,Hyperion,industrieteile,44.4,24.0
3,11,Hyperion,energie,43.54,9.1
3,11,Hyperion,luxus,90.41,9.1
3,11,Hyperion,biotech,85.0,24.0
3,11,Hyperion,core_daten,122.28,24.0
3,11,Hyperion,relikte,156.69,31.88479999999999
3,12,Lusus,nahrung,24.37,10.7
3,12,Lusus,rohstoffe,28.73,32.0
3,12,Lusus,industrieteile,42.27,32.0
3,12,Lusus,energie,42.61,10.7
3,12,Lusus,luxus,76.66,71.88799999999998
3,12,Lusus,biotech,77.1,32.0
3,12,Lusus,core_daten,107.63,58.59200000000001
3,12,Lusus,relikte,138.2,32.0
3,12,Tau Ceti,nahrung,21.39,43.14399999999999
3,12,Tau Ceti,rohstoffe,29.17,26.5
3,12,Tau Ceti,industrieteile,48.43,10.3
3,12,Tau Ceti,energie,40.14,10.3
3,12,Tau Ceti,luxus,81.04,30.0
3,12,Tau Ceti,biotech,80.65,49.835999999999984
3,12,Tau Ceti,core_daten,112.55,30.0
3,12,Tau Ceti,relikte,139.38,30.0
3,12,Maui-Covenant,nahrung,22.14,30.880000000000017
3,12,Maui-Covenant,rohstoffe,28.48,14.0
3,12,Maui-Covenant,industrieteile,42.73,20.499999999999993
3,12,Maui-Covenant,energie,38.14,9.5
3,12,Maui-Covenant,luxus,81.25,14.0
3,12,Maui-Covenant,biotech,80.82,55.567999999999984
3,12,Maui-Covenant,core_daten,111.74,26.0
3,12,Maui-Covenant,relikte,150.01,26.0
3,12,Marsim,nahrung,22.19,6.9
3,12,Marsim,rohstoffe,37.79,10.5
3,12,Marsim,industrieteile,43.33,89.95
3,12,Marsim,energie,35.68,32.536000000000044
3,12,Marsim,luxus,81.96,31.0
3,12,Marsim,biotech,77.14,29.89999999999999
3,12,Marsim,core_daten,109.1,31.0
3,12,Marsim,relikte,151.06,31.0
3,12,Qom-Riyadh,nahrung,20.98,7.5
3,12,Qom-Riyadh,rohstoffe,27.65,28.0
3,12,Qom-Riyadh,industrieteile,42.25,25.2
3,12,Qom-Riyadh,energie,43.01,9.9
3,12,Qom-Riyadh,luxus,83.17,42.38799999999998
3,12,Qom-Riyadh,biotech,78.75,28.0
3,12,Qom-Riyadh,core_daten,113.84,85.55199999999996
3,12,Qom-Riyadh,relikte,151.35,28.0
3,12,Bressia,nahrung,24.21,2.2800000000000007
3,12,Bressia,rohstoffe,27.33,52.854054399999974
3,12,Bressia,industrieteile,43.37,7.590000000000001
3,12,Bressia,energie,34.32,33.036148799999985
3,12,Bressia,luxus,72.13,22.651999999999994
3,12,Bressia,biotech,74.74,23.4
3,12,Bressia,core_daten,117.73,25.0
3,12,Bressia,relikte,148.15,25.0
3,12,Hebron,nahrung,28.88,6.0
3,12,Hebron,rohstoffe,30.87,26.0
3,12,Hebron,industrieteile,46.81,23.2
3,12,Hebron,energie,41.04,4.399999999999994
3,12,Hebron,luxus,76.38,42.536
3,12,Hebron,biotech,97.13,9.5
3,12,Hebron,core_daten,116.4,26.0
3,12,Hebron,relikte,152.31,26.0
3,12,Hyperion,nahrung,23.94,0.719999999999992
3,12,Hyperion,rohstoffe,29.87,17.20319999999998
3,12,Hyperion,industrieteile,42.32,24.0
3,12,Hyperion,energie,36.56,7.42
3,12,Hyperion,luxus,77.87,7.532
3,12,Hyperion,biotech,78.19,24.0
3,12,Hyperion,core_daten,107.18,24.0
3,12,Hyperion,relikte,138.34,32.60159999999999
3,13,Lusus,nahrung,25.08,10.7
3,13,Lusus,rohstoffe,27.37,32.0
3,13,Lusus,industrieteile,40.51,29.2
3,13,Lusus,energie,39.15,10.7
3,13,Lusus,luxus,77.21,75.21199999999997
3,13,Lusus,biotech,80.73,32.0
3,13,Lusus,core_daten,105.97,60.808000000000014
3,13,Lusus,relikte,145.13,32.0
3,13,Tau Ceti,nahrung,20.36,26.955999999999992
3,13,Tau Ceti,rohstoffe,26.73,26.5
3,13,Tau Ceti,industrieteile,48.07,10.3
3,13,Tau Ceti,energie,39.29,10.3
3,13,Tau Ceti,luxus,75.51,30.0
3,13,Tau Ceti,biotech,83.79,51.48899999999998
3,13,Tau Ceti,core_daten,111.6,30.0
3,13,Tau Ceti,relikte,142.36,30.0
3,13,Maui-Covenant,nahrung,20.95,28.220000000000017
3,13,Maui-Covenant,rohstoffe,29.55,14.0
3,13,Maui-Covenant,industrieteile,43.58,20.499999999999993
3,13,Maui-Covenant,energie,41.9,9.5
3,13,Maui-Covenant,luxus,84.35,13.0
3,13,Maui-Covenant,biotech,79.45,56.43199999999998
3,13,Maui-Covenant,core_daten,119.37,26.0
3,13,Maui-Covenant,relikte,136.45,26.0
3,13,Marsim,nahrung,23.34,10.5
3,13,Marsim,rohstoffe,35.4,10.5
3,13,Marsim,industrieteile,41.76,95.355
3,13,Marsim,energie,36.73,25.879000000000048
3,13,Marsim,luxus,77.59,31.0
3,13,Marsim,biotech,83.02,29.89999999999999
3,13,Marsim,core_daten,110.4,31.0
3,13,Marsim,relikte,144.6,31.0
3,13,Qom-Riyadh,nahrung,23.1,9.9
3,13,Qom-Riyadh,rohstoffe,30.02,28.0
3,13,Qom-Riyadh,industrieteile,45.28,25.2
3,13,Qom-Riyadh,energie,40.0,9.9
3,13,Qom-Riyadh,luxus,77.28,43.586999999999975
3,13,Qom-Riyadh,biotech,86.84,28.0
3,13,Qom-Riyadh,core_daten,116.66,90.34799999999996
3,13,Qom-Riyadh,relikte,152.24,28.0
3,13,Bressia,nahrung,29.6,9.3
3,13,Bressia,rohstoffe,27.2,56.16433919999997
3,13,Bressia,industrieteile,46.83,5.880000000000001
3,13,Bressia,energie,36.07,34.48439839999998
3,13,Bressia,luxus,78.49,22.651999999999994
3,13,Bressia,biotech,88.91,23.4
3,13,Bressia,core_daten,110.44,25.0
3,13,Bressia,relikte,145.77,25.0
3,13,Hebron,nahrung,22.18,3.8
3,13,Hebron,rohstoffe,28.97,26.0
3,13,Hebron,industrieteile,43.19,23.2
3,13,Hebron,energie,41.29,2.5999999999999943
3,13,Hebron,luxus,71.8,40.771838
3,13,Hebron,biotech,94.98,9.5
3,13,Hebron,core_daten,119.98,26.0
3,13,Hebron,relikte,140.95,26.0
3,13,Hyperion,nahrung,27.27,0.0
3,13,Hyperion,rohstoffe,26.4,12.63679999999998
3,13,Hyperion,industrieteile,43.81,24.0
3,13,Hyperion,energie,41.28,5.74
3,13,Hyperion,luxus,94.24,9.1
3,13,Hyperion,biotech,84.69,24.0
3,13,Hyperion,core_daten,114.53,24.0
3,13,Hyperion,relikte,147.34,33.31839999999999
3,14,Lusus,nahrung,26.78,10.7
3,14,Lusus,rohstoffe,27.23,32.0
3,14,Lusus,industrieteile,40.64,21.27
3,14,Lusus,energie,39.53,10.7
3,14,Lusus,luxus,73.27,76.96799999999998
3,14,Lusus,biotech,85.23,32.0
3,14,Lusus,core_daten,118.62,63.024000000000015
3,14,Lusus,relikte,144.84,32.0
3,14,Tau Ceti,nahrung,21.5,21.56799999999999
3,14,Tau Ceti,rohstoffe,29.07,26.5
3,14,Tau Ceti,industrieteile,49.19,10.3
3,14,Tau Ceti,energie,40.53,10.3
3,14,Tau Ceti,luxus,83.34,30.0
3,14,Tau Ceti,biotech,79.15,53.14199999999998
3,14,Tau Ceti,core_daten,106.87,30.0
3,14,Tau Ceti,relikte,136.71,30.0
3,14,Maui-Covenant,nahrung,21.58,26.960000000000015
3,14,Maui-Covenant,rohstoffe,29.72,14.0
3,14,Maui-Covenant,industrieteile,44.82,20.499999999999993
3,14,Maui-Covenant,energie,41.14,9.5
3,14,Maui-Covenant,luxus,79.52,12.0
3,14,Maui-Covenant,biotech,79.67,58.89599999999998
3,14,Maui-Covenant,core_daten,109.65,26.0
3,14,Maui-Covenant,relikte,152.25,26.0
3,14,Marsim,nahrung,21.23,6.9
3,14,Marsim,rohstoffe,36.28,10.5
3,14,Marsim,industrieteile,43.23,100.76
3,14,Marsim,energie,38.14,16.522000000000038
3,14,Marsim,luxus,73.7,31.0
3,14,Marsim,biotech,77.58,29.89999999999999
3,14,Marsim,core_daten,107.82,31.0
3,14,Marsim,relikte,139.71,31.0
3,14,Qom-Riyadh,nahrung,22.09,7.5
3,14,Qom-Riyadh,rohstoffe,26.76,22.0
3,14,Qom-Riyadh,industrieteile,44.57,25.2
3,14,Qom-Riyadh,energie,40.51,9.9
3,14,Qom-Riyadh,luxus,79.95,44.78599999999997
3,14,Qom-Riyadh,biotech,80.26,28.0
3,14,Qom-Riyadh,core_daten,116.76,95.14399999999995
3,14,Qom-Riyadh,relikte,137.86,28.0
3,14,Bressia,nahrung,23.68,6.960000000000001
3,14,Bressia,rohstoffe,26.96,59.46010879999997
3,14,Bressia,industrieteile,49.39,9.3
3,14,Bressia,energie,37.88,29.926297599999984
3,14,Bressia,luxus,81.65,22.651999999999994
3,14,Bressia,biotech,82.6,23.4
3,14,Bressia,core_daten,117.64,25.0
3,14,Bressia,relikte,133.05,25.0
3,14,Hebron,nahrung,25.02,1.5999999999999996
3,14,Hebron,rohstoffe,28.49,26.0
3,14,Hebron,industrieteile,43.8,23.2
3,14,Hebron,energie,46.93,9.5
3,14,Hebron,luxus,81.59,42.143676
3,14,Hebron,biotech,83.32,7.9
3,14,Hebron,core_daten,103.0,26.0
3,14,Hebron,relikte,132.95,26.0
3,14,Hyperion,nahrung,31.59,9.1
3,14,Hyperion,rohstoffe,26.83,14.063495199999979
3,14,Hyperion,industrieteile,44.31,24.0
3,14,Hyperion,energie,38.25,4.0600000000000005
3,14,Hyperion,luxus,87.0,9.1
3,14,Hyperion,biotech,77.45,24.0
3,14,Hyperion,core_daten,115.09,24.0
3,14,Hyperion,relikte,151.29,34.03174759999999
3,15,Lusus,nahrung,25.55,10.7
3,15,Lusus,rohstoffe,29.23,32.0
3,15,Lusus,industrieteile,40.13,16.759999999999998
3,15,Lusus,energie,39.14,7.499999999999999
3,15,Lusus,luxus,75.5,80.29199999999997
3,15,Lusus,biotech,81.06,32.0
3,15,Lusus,core_daten,115.74,65.24000000000001
3,15,Lusus,relikte,136.05,32.0
3,15,Tau Ceti,nahrung,20.04,10.3
3,15,Tau Ceti,rohstoffe,28.57,26.5
3,15,Tau Ceti,industrieteile,47.15,10.3
3,15,Tau Ceti,energie,38.9,7.500000000000001
3,15,Tau Ceti,luxus,76.55,30.0
3,15,Tau Ceti,biotech,76.21,54.79499999999998
3,15,Tau Ceti,core_daten,105.63,30.0
3,15,Tau Ceti,relikte,151.32,30.0
3,15,Maui-Covenant,nahrung,20.33,19.180000000000007
3,15,Maui-Covenant,rohstoffe,29.49,14.0
3,15,Maui-Covenant,industrieteile,41.49,20.499999999999993
3,15,Maui-Covenant,energie,40.83,9.5
3,15,Maui-Covenant,luxus,86.86,11.0
3,15,Maui-Covenant,biotech,76.06,61.35999999999998
3,15,Maui-Covenant,core_daten,114.3,26.0
3,15,Maui-Covenant,relikte,153.07,26.0
3,15,Marsim,nahrung,25.15,10.5
3,15,Marsim,rohstoffe,35.4,10.5
3,15,Marsim,industrieteile,43.64,106.165
3,15,Marsim,energie,38.84,15.865000000000036
3,15,Marsim,luxus,75.28,29.432000000000002
3,15,Marsim,biotech,83.28,29.89999999999999
3,15,Marsim,core_daten,114.37,31.0
3,15,Marsim,relikte,139.34,31.0
3,15,Qom-Riyadh,nahrung,23.51,9.9
3,15,Qom-Riyadh,rohstoffe,29.83,22.0
3,15,Qom-Riyadh,industrieteile,40.44,25.2
3,15,Qom-Riyadh,energie,40.54,9.9
3,15,Qom-Riyadh,luxus,79.29,45.98499999999997
3,15,Qom-Riyadh,biotech,76.56,28.0
3,15,Qom-Riyadh,core_daten,112.01,99.93999999999994
3,15,Qom-Riyadh,relikte,153.36,28.0
3,15,Bressia,nahrung,21.98,4.620000000000001
3,15,Bressia,rohstoffe,28.31,62.75587839999997
3,15,Bressia,industrieteile,50.38,9.3
3,15,Bressia,energie,40.15,31.368196799999986
3,15,Bressia,luxus,85.91,22.651999999999994
3,15,Bressia,biotech,75.49,20.2
3,15,Bressia,core_daten,123.71,25.0
3,15,Bressia,relikte,140.89,25.0
3,15,Hebron,nahrung,30.65,9.5
3,15,Hebron,rohstoffe,26.76,20.0
3,15,Hebron,industrieteile,45.33,23.2
3,15,Hebron,energie,40.69,7.7
3,15,Hebron,luxus,77.81,43.515513999999996
3,15,Hebron,biotech,92.72,9.5
3,15,Hebron,core_daten,113.1,26.0
3,15,Hebron,relikte,147.77,26.0
3,15,Hyperion,nahrung,20.21,7.659999999999999
3,15,Hyperion,rohstoffe,29.86,15.48268079999998
3,15,Hyperion,industrieteile,40.84,24.0
3,15,Hyperion,energie,40.05,2.3800000000000003
3,15,Hyperion,luxus,92.76,9.1
3,15,Hyperion,biotech,75.57,24.0
3,15,Hyperion,core_daten,119.48,24.0
3,15,Hyperion,relikte,152.02,34.74134039999999
3,16,Lusus,nahrung,22.68,4.299999999999999
3,16,Lusus,rohstoffe,25.08,26.0
3,16,Lusus,industrieteile,49.88,16.759999999999998
3,16,Lusus,energie,48.69,10.7
3,16,Lusus,luxus,86.83,83.61599999999997
3,16,Lusus,biotech,80.13,32.0
3,16,Lusus,core_daten,90.29,67.456
3,16,Lusus,relikte,161.3,32.0
3,16,Tau Ceti,nahrung,24.89,16.912
3,16,Tau Ceti,rohstoffe,26.32,26.5
3,16,Tau Ceti,industrieteile,50.75,10.3
3,16,Tau Ceti,energie,36.71,4.700000000000001
3,16,Tau Ceti,luxus,93.86,30.0
3,16,Tau Ceti,biotech,88.2,56.44799999999998
3,16,Tau Ceti,core_daten,92.17,30.0
3,16,Tau Ceti,relikte,157.12,30.0
3,16,Maui-Covenant,nahrung,22.39,15.420000000000007
3,16,Maui-Covenant,rohstoffe,27.93,14.0
3,16,Maui-Covenant,industrieteile,44.4,20.499999999999993
3,16,Maui-Covenant,energie,46.74,9.5
3,16,Maui-Covenant,luxus,89.56,10.0
3,16,Maui-Covenant,biotech,80.14,63.82399999999998
3,16,Maui-Covenant,core_daten,134.79,26.0
3,16,Maui-Covenant,relikte,153.83,26.0
3,16,Marsim,nahrung,25.28,10.5
3,16,Marsim,rohstoffe,38.07,10.5
3,16,Marsim,industrieteile,46.91,111.57000000000001
3,16,Marsim,energie,41.91,18.708000000000034
3,16,Marsim,luxus,78.73,29.432000000000002
3,16,Marsim,biotech,80.44,29.89999999999999
3,16,Marsim,core_daten,98.46,31.0
3,16,Marsim,relikte,154.12,31.0
3,16,Qom-Riyadh,nahrung,24.14,9.9
3,16,Qom-Riyadh,rohstoffe,27.47,22.0
3,16,Qom-Riyadh,industrieteile,35.06,25.2
3,16,Qom-Riyadh,energie,44.16,9.9
3,16,Qom-Riyadh,luxus,83.2,47.18399999999997
3,16,Qom-Riyadh,biotech,86.72,28.0
3,16,Qom-Riyadh,core_daten,95.59,104.73599999999993
3,16,Qom-Riyadh,relikte,168.53,28.0
3,16,Bressia,nahrung,27.58,2.2800000000000007
3,16,Bressia,rohstoffe,33.64,66.05164799999997
3,16,Bressia,industrieteile,36.26,7.590000000000001
3,16,Bressia,energie,32.11,13.310095999999989
3,16,Bressia,luxus,80.67,22.651999999999994
3,16,Bressia,biotech,56.8,18.6
3,16,Bressia,core_daten,146.21,25.0
3,16,Bressia,relikte,116.02,25.0
3,16,Hebron,nahrung,17.22,7.3
3,16,Hebron,rohstoffe,33.82,20.0
3,16,Hebron,industrieteile,35.76,23.2
3,16,Hebron,energie,42.64,9.5
3,16,Hebron,luxus,85.82,44.881034
3,16,Hebron,biotech,73.81,9.5
3,16,Hebron,core_daten,81.13,26.0
3,16,Hebron,relikte,163.91,26.0
3,16,Hyperion,nahrung,26.96,6.219999999999999
3,16,Hyperion,rohstoffe,34.12,16.901866399999978
3,16,Hyperion,industrieteile,32.2,21.2
3,16,Hyperion,energie,45.68,6.7
3,16,Hyperion,luxus,82.75,7.532
3,16,Hyperion,biotech,58.02,24.0
3,16,Hyperion,core_daten,140.0,24.0
3,16,Hyperion,relikte,174.16,35.450933199999994
3,17,Lusus,nahrung,53.54,10.7
3,17,Lusus,rohstoffe,32.48,26.0
3,17,Lusus,industrieteile,39.39,13.959999999999997
3,17,Lusus,energie,44.13,10.7
3,17,Lusus,luxus,90.23,86.93999999999997
3,17,Lusus,biotech,64.87,30.4
3,17,Lusus,core_daten,92.06,69.672
3,17,Lusus,relikte,174.16,32.0
3,17,Tau Ceti,nahrung,17.3,10.3
3,17,Tau Ceti,rohstoffe,33.32,26.5
3,17,Tau Ceti,industrieteile,45.82,10.3
3,17,Tau Ceti,energie,43.45,7.900000000000001
3,17,Tau Ceti,luxus,74.68,30.0
3,17,Tau Ceti,biotech,93.99,58.10099999999998
3,17,Tau Ceti,core_daten,119.55,30.0
3,17,Tau Ceti,relikte,122.36,30.0
3,17,Maui-Covenant,nahrung,23.68,9.5
3,17,Maui-Covenant,rohstoffe,26.86,14.0
3,17,Maui-Covenant,industrieteile,48.69,20.499999999999993
3,17,Maui-Covenant,energie,39.65,8.0
3,17,Maui-Covenant,luxus,96.41,9.0
3,17,Maui-Covenant,biotech,82.68,66.28799999999998
3,17,Maui-Covenant,core_daten,105.93,26.0
3,17,Maui-Covenant,relikte,175.18,26.0
3,17,Marsim,nahrung,27.21,10.360000000000008
3,17,Marsim,rohstoffe,37.93,10.5
3,17,Marsim,industrieteile,42.77,116.97500000000001
3,17,Marsim,energie,39.19,15.80299520000002
3,17,Marsim,luxus,84.5,29.432000000000002
3,17,Marsim,biotech,73.87,29.89999999999999
3,17,Marsim,core_daten,132.76,31.0
3,17,Marsim,relikte,140.14,31.0
3,17,Qom-Riyadh,nahrung,26.62,7.5
3,17,Qom-Riyadh,rohstoffe,29.4,22.0
3,17,Qom-Riyadh,industrieteile,50.19,25.2
3,17,Qom-Riyadh,energie,47.82,9.9
3,17,Qom-Riyadh,luxus,71.04,45.24699999999997
3,17,Qom-Riyadh,biotech,65.88,28.0
3,17,Qom-Riyadh,core_daten,115.46,109.53199999999993
3,17,Qom-Riyadh,relikte,149.71,28.0
3,17,Bressia,nahrung,28.72,6.0
3,17,Bressia,rohstoffe,25.74,63.34741759999997
3,17,Bressia,industrieteile,40.81,5.880000000000001
3,17,Bressia,energie,28.16,9.3
3,17,Bressia,luxus,77.01,22.651999999999994
3,17,Bressia,biotech,83.43,18.6
3,17,Bressia,core_daten,108.47,25.0
3,17,Bressia,relikte,176.96,25.0
3,17,Hebron,nahrung,21.58,5.1
3,17,Hebron,rohstoffe,33.08,20.0
3,17,Hebron,industrieteile,49.62,23.2
3,17,Hebron,energie,40.16,7.7
3,17,Hebron,luxus,76.69,46.246554
3,17,Hebron,biotech,75.57,9.5
3,17,Hebron,core_daten,125.92,26.0
3,17,Hebron,relikte,178.78,26.0
3,17,Hyperion,nahrung,28.64,6.003999999999995
3,17,Hyperion,rohstoffe,33.97,18.321051999999977
3,17,Hyperion,industrieteile,55.4,21.2
3,17,Hyperion,energie,43.22,5.02
3,17,Hyperion,luxus,84.36,9.1
3,17,Hyperion,biotech,106.52,24.0
3,17,Hyperion,core_daten,125.03,24.0
3,17,Hyperion,relikte,105.81,36.160526
3,18,Lusus,nahrung,25.73,10.7
3,18,Lusus,rohstoffe,29.78,26.0
3,18,Lusus,industrieteile,42.64,13.959999999999997
3,18,Lusus,energie,42.21,7.499999999999999
3,18,Lusus,luxus,79.06,90.24671999999997
3,18,Lusus,biotech,82.81,30.4
3,18,Lusus,core_daten,117.37,71.87648
3,18,Lusus,relikte,142.87,32.0
3,18,Tau Ceti,nahrung,21.36,12.751999999999999
3,18,Tau Ceti,rohstoffe,30.08,26.5
3,18,Tau Ceti,industrieteile,45.69,10.3
3,18,Tau Ceti,energie,44.57,9.321544000000019
3,18,Tau Ceti,luxus,80.66,30.0
3,18,Tau Ceti,biotech,80.46,58.153999999999975
3,18,Tau Ceti,core_daten,105.98,30.0
3,18,Tau Ceti,relikte,144.91,30.0
3,18,Maui-Covenant,nahrung,20.08,9.5
3,18,Maui-Covenant,rohstoffe,27.57,9.5
3,18,Maui-Covenant,industrieteile,42.91,20.499999999999993
3,18,Maui-Covenant,energie,40.75,6.5
3,18,Maui-Covenant,luxus,89.15,9.5
3,18,Maui-Covenant,biotech,82.36,68.75199999999998
3,18,Maui-Covenant,core_daten,116.68,26.0
3,18,Maui-Covenant,relikte,146.32,26.0
3,18,Marsim,nahrung,21.33,6.760000000000009
3,18,Marsim,rohstoffe,36.39,10.5
3,18,Marsim,industrieteile,40.3,114.45000000000002
3,18,Marsim,energie,38.14,10.5
3,18,Marsim,luxus,76.78,29.432000000000002
3,18,Marsim,biotech,82.79,29.89999999999999
3,18,Marsim,core_daten,110.24,31.0
3,18,Marsim,relikte,136.48,31.0
3,18,Qom-Riyadh,nahrung,21.8,5.1
3,18,Qom-Riyadh,rohstoffe,30.11,22.0
3,18,Qom-Riyadh,industrieteile,42.5,25.2
3,18,Qom-Riyadh,energie,41.53,7.5
3,18,Qom-Riyadh,luxus,78.8,46.44599999999997
3,18,Qom-Riyadh,biotech,81.3,28.0
3,18,Qom-Riyadh,core_daten,114.33,114.32799999999992
3,18,Qom-Riyadh,relikte,152.76,28.0
3,18,Bressia,nahrung,23.71,3.6599999999999997
3,18,Bressia,rohstoffe,29.9,66.62867199999997
3,18,Bressia,industrieteile,47.83,9.3
3,18,Bressia,energie,36.31,9.3
3,18,Bressia,luxus,71.61,19.583999999999996
3,18,Bressia,biotech,82.81,18.6
3,18,Bressia,core_daten,103.4,25.0
3,18,Bressia,relikte,139.13,25.0
3,18,Hebron,nahrung,23.3,2.8999999999999995
3,18,Hebron,rohstoffe,27.86,18.5
3,18,Hebron,industrieteile,40.41,23.2
3,18,Hebron,energie,40.11,5.9
3,18,Hebron,luxus,84.68,47.61207400000001
3,18,Hebron,biotech,91.67,9.5
3,18,Hebron,core_daten,116.33,26.0
3,18,Hebron,relikte,159.4,26.0
3,18,Hyperion,nahrung,22.79,4.563999999999995
3,18,Hyperion,rohstoffe,31.04,19.740237599999976
3,18,Hyperion,industrieteile,44.47,21.2
3,18,Hyperion,energie,45.11,9.1
3,18,Hyperion,luxus,87.04,9.1
3,18,Hyperion,biotech,89.74,24.0
3,18,Hyperion,core_daten,114.01,24.0
3,18,Hyperion,relikte,139.93,36.8701188
3,19,Lusus,nahrung,24.09,8.264000000000005
3,19,Lusus,rohstoffe,28.21,26.0
3,19,Lusus,industrieteile,45.6,13.959999999999997
3,19,Lusus,energie,42.11,4.299999999999999
3,19,Lusus,luxus,77.17,93.55343999999997
3,19,Lusus,biotech,79.56,30.4
3,19,Lusus,core_daten,113.58,74.08096
3,19,Lusus,relikte,151.39,32.0
3,19,Tau Ceti,nahrung,20.4,10.3
3,19,Tau Ceti,rohstoffe,28.73,26.5
3,19,Tau Ceti,industrieteile,45.33,10.3
3,19,Tau Ceti,energie,40.21,6.521544000000019
3,19,Tau Ceti,luxus,77.92,30.0
3,19,Tau Ceti,biotech,82.53,59.806999999999974
3,19,Tau Ceti,core_daten,118.09,30.0
3,19,Tau Ceti,relikte,152.2,30.0
3,19,Maui-Covenant,nahrung,21.0,9.5
3,19,Maui-Covenant,rohstoffe,28.01,9.5
3,19,Maui-Covenant,industrieteile,44.65,20.499999999999993
3,19,Maui-Covenant,energie,42.64,8.243
3,19,Maui-Covenant,luxus,87.28,9.5
3,19,Maui-Covenant,biotech,82.73,71.21599999999998
3,19,Maui-Covenant,core_daten,114.71,26.0
3,19,Maui-Covenant,relikte,143.48,26.0
3,19,Marsim,nahrung,24.66,10.5
3,19,Marsim,rohstoffe,36.57,10.5
3,19,Marsim,industrieteile,43.48,119.85500000000002
3,19,Marsim,energie,39.62,10.5
3,19,Marsim,luxus,76.76,29.432000000000002
3,19,Marsim,biotech,84.09,29.89999999999999
3,19,Marsim,core_daten,106.85,31.0
3,19,Marsim,relikte,137.28,31.0
3,19,Qom-Riyadh,nahrung,22.86,2.6999999999999997
3,19,Qom-Riyadh,rohstoffe,27.76,16.0
3,19,Qom-Riyadh,industrieteile,42.41,22.4
3,19,Qom-Riyadh,energie,41.46,5.1
3,19,Qom-Riyadh,luxus,82.45,47.64499999999997
3,19,Qom-Riyadh,biotech,77.04,26.4
3,19,Qom-Riyadh,core_daten,116.93,119.12399999999991
3,19,Qom-Riyadh,relikte,140.39,28.0
3,19,Bressia,nahrung,24.59,1.3199999999999994
3,19,Bressia,rohstoffe,28.15,69.90992639999996
3,19,Bressia,industrieteile,45.98,7.590000000000001
3,19,Bressia,energie,38.45,10.7355488
3,19,Bressia,luxus,72.12,19.583999999999996
3,19,Bressia,biotech,83.77,18.6
3,19,Bressia,core_daten,102.95,25.0
3,19,Bressia,relikte,136.17,25.0
3,19,Hebron,nahrung,25.92,0.6999999999999993
3,19,Hebron,rohstoffe,28.65,18.5
3,19,Hebron,industrieteile,44.7,23.2
3,19,Hebron,energie,38.22,4.1000000000000005
3,19,Hebron,luxus,71.3,46.40959400000001
3,19,Hebron,biotech,89.07,9.5
3,19,Hebron,core_daten,106.96,26.0
3,19,Hebron,relikte,151.5,26.0
3,19,Hyperion,nahrung,24.07,3.1239999999999943
3,19,Hyperion,rohstoffe,30.76,21.159423199999974
3,19,Hyperion,industrieteile,46.87,21.2
3,19,Hyperion,energie,43.52,7.42
3,19,Hyperion,luxus,81.01,9.1
3,19,Hyperion,biotech,82.94,24.0
3,19,Hyperion,core_daten,104.91,24.0
3,19,Hyperion,relikte,145.64,37.5797116
3,20,Lusus,nahrung,29.92,1.8640000000000043
3,20,Lusus,rohstoffe,30.24,26.0
3,20,Lusus,industrieteile,42.47,13.959999999999997
3,20,Lusus,energie,54.11,7.214097599999998
3,20,Lusus,luxus,82.08,96.86015999999996
3,20,Lusus,biotech,84.73,30.4
3,20,Lusus,core_daten,107.37,76.28544000000001
3,20,Lusus,relikte,142.88,32.0
3,20,Tau Ceti,nahrung,21.63,10.3
3,20,Tau Ceti,rohstoffe,26.88,26.5
3,20,Tau Ceti,industrieteile,50.18,10.3
3,20,Tau Ceti,energie,46.45,3.7215440000000193
3,20,Tau Ceti,luxus,80.23,30.0
3,20,Tau Ceti,biotech,77.11,59.85999999999997
3,20,Tau Ceti,core_daten,113.38,30.0
3,20,Tau Ceti,relikte,138.59,30.0
3,20,Maui-Covenant,nahrung,22.02,9.5
3,20,Maui-Covenant,rohstoffe,27.97,9.5
3,20,Maui-Covenant,industrieteile,40.42,20.499999999999993
3,20,Maui-Covenant,energie,39.76,6.743
3,20,Maui-Covenant,luxus,81.3,9.5
3,20,Maui-Covenant,biotech,84.74,73.67999999999998
3,20,Maui-Covenant,core_daten,108.18,26.0
3,20,Maui-Covenant,relikte,138.38,26.0
3,20,Marsim,nahrung,22.31,6.9
3,20,Marsim,rohstoffe,36.92,10.5
3,20,Marsim,industrieteile,42.59,125.26000000000002
3,20,Marsim,energie,40.02,10.5
3,20,Marsim,luxus,77.73,28.432000000000002
3,20,Marsim,biotech,85.55,29.89999999999999
3,20,Marsim,core_daten,107.28,31.0
3,20,Marsim,relikte,144.57,31.0
3,20,Qom-Riyadh,nahrung,31.0,8.54
3,20,Qom-Riyadh,rohstoffe,29.87,16.0
3,20,Qom-Riyadh,industrieteile,43.61,22.4
3,20,Qom-Riyadh,energie,42.83,2.6999999999999997
3,20,Qom-Riyadh,luxus,83.37,48.843999999999966
3,20,Qom-Riyadh,biotech,80.31,26.4
3,20,Qom-Riyadh,core_daten,114.04,123.9199999999999
3,20,Qom-Riyadh,relikte,137.78,28.0
3,20,Bressia,nahrung,29.5,0.0
3,20,Bressia,rohstoffe,27.85,73.19118079999996
3,20,Bressia,industrieteile,50.17,9.3
3,20,Bressia,energie,39.71,9.3
3,20,Bressia,luxus,77.5,18.016
3,20,Bressia,biotech,78.41,18.6
3,20,Bressia,core_daten,114.51,25.0
3,20,Bressia,relikte,144.04,25.0
3,20,Hebron,nahrung,29.98,0.6119999999999983
3,20,Hebron,rohstoffe,26.54,12.5
3,20,Hebron,industrieteile,39.16,16.979999999999997
3,20,Hebron,energie,41.07,2.3000000000000007
3,20,Hebron,luxus,82.55,47.775114000000016
3,20,Hebron,biotech,98.51,9.5
3,20,Hebron,core_daten,119.37,26.0
3,20,Hebron,relikte,150.22,26.0
3,20,Hyperion,nahrung,23.53,1.6839999999999942
3,20,Hyperion,rohstoffe,27.3,22.578608799999973
3,20,Hyperion,industrieteile,42.69,21.2
3,20,Hyperion,energie,39.9,5.74
3,20,Hyperion,luxus,90.69,9.1
3,20,Hyperion,biotech,89.15,24.0
3,20,Hyperion,core_daten,110.83,24.0
3,20,Hyperion,relikte,138.16,38.289304400000006
3,21,Lusus,nahrung,48.12,8.24
3,21,Lusus,rohstoffe,30.2,26.0
3,21,Lusus,industrieteile,45.81,13.959999999999997
3,21,Lusus,energie,46.18,4.014097599999998
3,21,Lusus,luxus,81.35,100.16687999999996
3,21,Lusus,biotech,81.32,30.4
3,21,Lusus,core_daten,114.64,78.48992000000001
3,21,Lusus,relikte,139.53,32.0
3,21,Tau Ceti,nahrung,22.22,10.3
3,21,Tau Ceti,rohstoffe,27.52,20.5
3,21,Tau Ceti,industrieteile,49.87,10.3
3,21,Tau Ceti,energie,56.45,0.9215440000000195
3,21,Tau Ceti,luxus,82.55,30.0
3,21,Tau Ceti,biotech,79.71,61.51299999999997
3,21,Tau Ceti,core_daten,112.44,30.0
3,21,Tau Ceti,relikte,136.04,30.0
3,21,Maui-Covenant,nahrung,21.99,9.5
3,21,Maui-Covenant,rohstoffe,29.19,9.5
3,21,Maui-Covenant,industrieteile,40.92,20.499999999999993
3,21,Maui-Covenant,energie,39.86,5.243
3,21,Maui-Covenant,luxus,82.91,9.5
3,21,Maui-Covenant,biotech,80.7,76.14399999999998
3,21,Maui-Covenant,core_daten,110.0,26.0
3,21,Maui-Covenant,relikte,141.1,26.0
3,21,Marsim,nahrung,24.39,3.3000000000000007
3,21,Marsim,rohstoffe,38.42,10.5
3,21,Marsim,industrieteile,42.2,130.66500000000002
3,21,Marsim,energie,37.52,10.5
3,21,Marsim,luxus,77.61,28.432000000000002
3,21,Marsim,biotech,86.21,29.89999999999999
3,21,Marsim,core_daten,116.35,31.0
3,21,Marsim,relikte,148.46,31.0
3,21,Qom-Riyadh,nahrung,21.05,6.139999999999999
3,21,Qom-Riyadh,rohstoffe,29.6,16.0
3,21,Qom-Riyadh,industrieteile,42.47,22.4
3,21,Qom-Riyadh,energie,61.51,4.971391999999999
3,21,Qom-Riyadh,luxus,78.04,50.042999999999964
3,21,Qom-Riyadh,biotech,77.39,24.799999999999997
3,21,Qom-Riyadh,core_daten,112.34,128.7159999999999
3,21,Qom-Riyadh,relikte,149.45,28.0
3,21,Bressia,nahrung,29.94,0.0
3,21,Bressia,rohstoffe,28.93,76.45607679999995
3,21,Bressia,industrieteile,44.42,7.590000000000001
3,21,Bressia,energie,34.38,9.3
3,21,Bressia,luxus,72.46,15.448
3,21,Bressia,biotech,80.54,18.6
3,21,Bressia,core_daten,107.41,25.0
3,21,Bressia,relikte,136.58,25.0
3,21,Hebron,nahrung,30.46,0.6119999999999983
3,21,Hebron,rohstoffe,30.32,12.5
3,21,Hebron,industrieteile,43.12,16.979999999999997
3,21,Hebron,energie,54.23,0.5000000000000007
3,21,Hebron,luxus,84.43,49.133614000000016
3,21,Hebron,biotech,86.04,9.5
3,21,Hebron,core_daten,121.34,26.0
3,21,Hebron,relikte,150.43,26.0
3,21,Hyperion,nahrung,28.48,0.243999999999994
3,21,Hyperion,rohstoffe,30.8,23.99779439999997
3,21,Hyperion,industrieteile,40.06,18.4
3,21,Hyperion,energie,41.03,4.0600000000000005
3,21,Hyperion,luxus,85.9,9.1
3,21,Hyperion,biotech,82.37,24.0
3,21,Hyperion,core_daten,123.48,24.0
3,21,Hyperion,relikte,137.02,38.99889720000001
3,22,Lusus,nahrung,30.05,1.8399999999999999
3,22,Lusus,rohstoffe,28.16,26.0
3,22,Lusus,industrieteile,41.92,13.959999999999997
3,22,Lusus,energie,57.39,0.8140975999999975
3,22,Lusus,luxus,78.36,103.45193519999997
3,22,Lusus,biotech,83.48,30.4
3,22,Lusus,core_daten,112.38,80.67995680000001
3,22,Lusus,relikte,145.23,32.0
3,22,Tau Ceti,nahrung,21.27,10.3
3,22,Tau Ceti,rohstoffe,28.85,20.5
3,22,Tau Ceti,industrieteile,48.62,10.3
3,22,Tau Ceti,energie,68.18,4.6631263999999994
3,22,Tau Ceti,luxus,79.78,30.0
3,22,Tau Ceti,biotech,80.74,63.16599999999997
3,22,Tau Ceti,core_daten,112.94,30.0
3,22,Tau Ceti,relikte,145.39,30.0
3,22,Maui-Covenant,nahrung,21.35,9.5
3,22,Maui-Covenant,rohstoffe,28.27,9.5
3,22,Maui-Covenant,industrieteile,43.91,20.499999999999993
3,22,Maui-Covenant,energie,40.84,3.7430000000000003
3,22,Maui-Covenant,luxus,85.85,9.5
3,22,Maui-Covenant,biotech,82.74,78.60799999999998
3,22,Maui-Covenant,core_daten,109.47,26.0
3,22,Maui-Covenant,relikte,145.94,26.0
3,22,Marsim,nahrung,36.96,8.24
3,22,Marsim,rohstoffe,36.77,10.5
3,22,Marsim,industrieteile,41.42,136.07000000000002
3,22,Marsim,energie,38.85,10.5
3,22,Marsim,luxus,77.38,28.432000000000002
3,22,Marsim,biotech,84.21,29.89999999999999
3,22,Marsim,core_daten,111.45,31.0
3,22,Marsim,relikte,149.04,31.0
3,22,Qom-Riyadh,nahrung,23.21,3.739999999999999
3,22,Qom-Riyadh,rohstoffe,27.86,10.0
3,22,Qom-Riyadh,industrieteile,42.1,22.4
3,22,Qom-Riyadh,energie,45.82,2.571391999999999
3,22,Qom-Riyadh,luxus,75.89,51.24199999999996
3,22,Qom-Riyadh,biotech,80.43,23.199999999999996
3,22,Qom-Riyadh,core_daten,110.72,133.5119999999999
3,22,Qom-Riyadh,relikte,141.55,28.0
3,22,Bressia,nahrung,33.33,0.6119999999999983
3,22,Bressia,rohstoffe,28.36,79.70207999999995
3,22,Bressia,industrieteile,46.9,9.3
3,22,Bressia,energie,37.45,9.3
3,22,Bressia,luxus,76.62,15.448
3,22,Bressia,biotech,83.09,18.6
3,22,Bressia,core_daten,114.69,25.0
3,22,Bressia,relikte,149.05,25.0
3,22,Hebron,nahrung,32.59,0.0
3,22,Hebron,rohstoffe,29.75,12.5
3,22,Hebron,industrieteile,42.48,16.979999999999997
3,22,Hebron,energie,60.03,0.0
3,22,Hebron,luxus,75.28,47.91702536000002
3,22,Hebron,biotech,92.28,9.5
3,22,Hebron,core_daten,114.37,26.0
3,22,Hebron,relikte,140.03,26.0
3,22,Hyperion,nahrung,29.55,0.0
3,22,Hyperion,rohstoffe,29.55,25.41697999999997
3,22,Hyperion,industrieteile,41.01,12.179999999999998
3,22,Hyperion,energie,44.65,2.3800000000000003
3,22,Hyperion,luxus,87.56,9.1
3,22,Hyperion,biotech,83.78,24.0
3,22,Hyperion,core_daten,110.48,24.0
3,22,Hyperion,relikte,142.57,39.70849000000001
3,23,Lusus,nahrung,45.26,8.24
3,23,Lusus,rohstoffe,28.86,26.0
3,23,Lusus,industrieteile,43.83,13.959999999999997
3,23,Lusus,energie,74.25,4.6408208
3,23,Lusus,luxus,77.72,106.73699039999997
3,23,Lusus,biotech,79.72,28.799999999999997
3,23,Lusus,core_daten,111.8,82.86999360000002
3,23,Lusus,relikte,140.98,32.0
3,23,Tau Ceti,nahrung,20.64,10.3
3,23,Tau Ceti,rohstoffe,29.18,20.5
3,23,Tau Ceti,industrieteile,48.33,10.3
3,23,Tau Ceti,energie,48.99,1.8631263999999996
3,23,Tau Ceti,luxus,78.04,30.0
3,23,Tau Ceti,biotech,82.03,64.81055938959997
3,23,Tau Ceti,core_daten,114.75,30.0
3,23,Tau Ceti,relikte,140.99,30.0
3,23,Maui-Covenant,nahrung,20.85,9.5
3,23,Maui-Covenant,rohstoffe,28.92,9.5
3,23,Maui-Covenant,industrieteile,42.45,20.499999999999993
3,23,Maui-Covenant,energie,44.87,2.2430000000000003
3,23,Maui-Covenant,luxus,85.39,9.5
3,23,Maui-Covenant,biotech,82.06,81.07199999999997
3,23,Maui-Covenant,core_daten,113.9,26.0
3,23,Maui-Covenant,relikte,141.15,26.0
3,23,Marsim,nahrung,22.85,4.640000000000001
3,23,Marsim,rohstoffe,36.47,10.5
3,23,Marsim,industrieteile,41.62,138.6516
3,23,Marsim,energie,38.22,10.5
3,23,Marsim,luxus,77.06,25.864000000000004
3,23,Marsim,biotech,83.99,29.89999999999999
3,23,Marsim,core_daten,114.04,31.0
3,23,Marsim,relikte,147.2,31.0
3,23,Qom-Riyadh,nahrung,26.23,1.339999999999999
3,23,Qom-Riyadh,rohstoffe,28.29,10.0
3,23,Qom-Riyadh,industrieteile,43.25,22.4
3,23,Qom-Riyadh,energie,62.73,0.1713919999999991
3,23,Qom-Riyadh,luxus,79.74,52.44099999999996
3,23,Qom-Riyadh,biotech,83.78,23.199999999999996
3,23,Qom-Riyadh,core_daten,110.28,138.30799999999988
3,23,Qom-Riyadh,relikte,145.77,28.0
3,23,Bressia,nahrung,33.37,0.5782375584000015
3,23,Bressia,rohstoffe,28.13,76.92919039999995
3,23,Bressia,industrieteile,45.09,7.590000000000001
3,23,Bressia,energie,38.46,9.3
3,23,Bressia,luxus,79.34,15.448
3,23,Bressia,biotech,84.41,18.6
3,23,Bressia,core_daten,113.25,25.0
3,23,Bressia,relikte,142.08,25.0
3,23,Hebron,nahrung,31.52,0.0
3,23,Hebron,rohstoffe,30.01,12.5
3,23,Hebron,industrieteile,43.86,16.979999999999997
3,23,Hebron,energie,64.54,0.0
3,23,Hebron,luxus,80.86,49.25448408000002
3,23,Hebron,biotech,94.6,9.5
3,23,Hebron,core_daten,109.12,26.0
3,23,Hebron,relikte,146.5,26.0
3,23,Hyperion,nahrung,29.07,0.0
3,23,Hyperion,rohstoffe,29.9,26.795260959999972
3,23,Hyperion,industrieteile,42.65,12.179999999999998
3,23,Hyperion,energie,50.7,0.7000000000000002
3,23,Hyperion,luxus,88.17,9.1
3,23,Hyperion,biotech,79.96,24.0
3,23,Hyperion,core_daten,118.46,24.0
3,23,Hyperion,relikte,140.16,40.39763048000001
3,24,Lusus,nahrung,28.12,1.8399999999999999
3,24,Lusus,rohstoffe,27.01,20.0
3,24,Lusus,industrieteile,43.88,13.959999999999997
3,24,Lusus,energie,54.92,1.4408208
3,24,Lusus,luxus,76.68,109.98254297567996
3,24,Lusus,biotech,82.11,27.199999999999996
3,24,Lusus,core_daten,108.46,85.03369531712002
3,24,Lusus,relikte,147.68,32.0
3,24,Tau Ceti,nahrung,21.97,10.3
3,24,Tau Ceti,rohstoffe,29.34,20.5
3,24,Tau Ceti,industrieteile,48.11,10.3
3,24,Tau Ceti,energie,74.03,4.633069280000001
3,24,Tau Ceti,luxus,78.17,30.0
3,24,Tau Ceti,biotech,85.69,66.45511877919998
3,24,Tau Ceti,core_daten,117.2,30.0
3,24,Tau Ceti,relikte,149.16,30.0
3,24,Maui-Covenant,nahrung,21.43,9.5
3,24,Maui-Covenant,rohstoffe,28.52,9.5
3,24,Maui-Covenant,industrieteile,42.26,20.499999999999993
3,24,Maui-Covenant,energie,48.68,0.7430000000000003
3,24,Maui-Covenant,luxus,86.06,9.5
3,24,Maui-Covenant,biotech,84.78,83.53599999999997
3,24,Maui-Covenant,core_daten,108.67,26.0
3,24,Maui-Covenant,relikte,145.27,26.0
3,24,Marsim,nahrung,27.56,1.040000000000001
3,24,Marsim,rohstoffe,36.25,10.5
3,24,Marsim,industrieteile,40.75,141.23319999999998
3,24,Marsim,energie,39.54,10.5
3,24,Marsim,luxus,78.42,25.864000000000004
3,24,Marsim,biotech,84.76,29.89999999999999
3,24,Marsim,core_daten,107.83,31.0
3,24,Marsim,relikte,149.53,31.0
3,24,Qom-Riyadh,nahrung,32.44,8.24
3,24,Qom-Riyadh,rohstoffe,30.49,10.0
3,24,Qom-Riyadh,industrieteile,42.39,22.4
3,24,Qom-Riyadh,energie,65.2,0.0
3,24,Qom-Riyadh,luxus,74.0,51.07199999999996
3,24,Qom-Riyadh,biotech,85.0,23.199999999999996
3,24,Qom-Riyadh,core_daten,115.54,143.10399999999987
3,24,Qom-Riyadh,relikte,136.24,28.0
3,24,Bressia,nahrung,32.04,0.5782375584000015
3,24,Bressia,rohstoffe,29.37,80.13858303999996
3,24,Bressia,industrieteile,46.19,5.880000000000001
3,24,Bressia,energie,35.13,9.3
3,24,Bressia,luxus,77.64,15.448
3,24,Bressia,biotech,83.68,18.6
3,24,Bressia,core_daten,112.47,25.0
3,24,Bressia,relikte,149.19,25.0
3,24,Hebron,nahrung,28.48,0.0
3,24,Hebron,rohstoffe,28.56,12.5
3,24,Hebron,industrieteile,42.14,16.979999999999997
3,24,Hebron,energie,66.38,0.0
3,24,Hebron,luxus,83.07,50.57712280000002
3,24,Hebron,biotech,97.38,9.5
3,24,Hebron,core_daten,111.84,26.0
3,24,Hebron,relikte,151.96,26.0
3,24,Hyperion,nahrung,31.17,0.0
3,24,Hyperion,rohstoffe,32.17,28.16603231999997
3,24,Hyperion,industrieteile,44.65,12.179999999999998
3,24,Hyperion,energie,66.66,0.0
3,24,Hyperion,luxus,87.65,9.1
3,24,Hyperion,biotech,85.76,24.0
3,24,Hyperion,core_daten,112.75,24.0
3,24,Hyperion,relikte,136.2,41.083016160000014
3,25,Lusus,nahrung,48.31,2.24
3,25,Lusus,rohstoffe,29.81,14.0
3,25,Lusus,industrieteile,45.9,13.959999999999997
3,25,Lusus,energie,72.94,4.625289399549057
3,25,Lusus,luxus,83.01,113.22809555135996
3,25,Lusus,biotech,82.34,27.199999999999996
3,25,Lusus,core_daten,105.08,87.19739703424003
3,25,Lusus,relikte,152.32,32.0
3,25,Tau Ceti,nahrung,21.79,16.84786481344
3,25,Tau Ceti,rohstoffe,27.21,20.5
3,25,Tau Ceti,industrieteile,46.54,10.3
3,25,Tau Ceti,energie,51.58,1.833069280000001
3,25,Tau Ceti,luxus,83.23,30.0
3,25,Tau Ceti,biotech,78.23,68.09208498255998
3,25,Tau Ceti,core_daten,115.65,30.0
3,25,Tau Ceti,relikte,138.8,30.0
3,25,Maui-Covenant,nahrung,21.76,9.5
3,25,Maui-Covenant,rohstoffe,30.08,9.5
3,25,Maui-Covenant,industrieteile,42.67,20.499999999999993
3,25,Maui-Covenant,energie,59.88,0.0
3,25,Maui-Covenant,luxus,80.32,9.5
3,25,Maui-Covenant,biotech,81.44,85.99999999999997
3,25,Maui-Covenant,core_daten,107.46,26.0
3,25,Maui-Covenant,relikte,144.23,26.0
3,25,Marsim,nahrung,33.96,0.0
3,25,Marsim,rohstoffe,35.01,10.5
3,25,Marsim,industrieteile,44.54,146.61479999999997
3,25,Marsim,energie,38.23,10.5
3,25,Marsim,luxus,78.77,23.296000000000006
3,25,Marsim,biotech,85.94,29.89999999999999
3,25,Marsim,core_daten,117.74,31.0
3,25,Marsim,relikte,145.39,31.0
3,25,Qom-Riyadh,nahrung,23.38,5.84
3,25,Qom-Riyadh,rohstoffe,29.96,10.0
3,25,Qom-Riyadh,industrieteile,42.49,14.469999999999999
3,25,Qom-Riyadh,energie,65.81,0.0
3,25,Qom-Riyadh,luxus,79.43,52.25892951871996
3,25,Qom-Riyadh,biotech,81.42,23.199999999999996
3,25,Qom-Riyadh,core_daten,117.16,147.85171807487987
3,25,Qom-Riyadh,relikte,141.94,28.0
3,25,Bressia,nahrung,31.8,0.0
3,25,Bressia,rohstoffe,29.47,83.33019309611208
3,25,Bressia,industrieteile,51.45,9.3
3,25,Bressia,energie,40.96,9.3
3,25,Bressia,luxus,86.04,15.448
3,25,Bressia,biotech,76.22,17.0
3,25,Bressia,core_daten,108.59,25.0
3,25,Bressia,relikte,157.28,25.0
3,25,Hebron,nahrung,30.16,0.0
3,25,Hebron,rohstoffe,26.39,12.5
3,25,Hebron,industrieteile,44.17,16.979999999999997
3,25,Hebron,energie,65.54,0.0
3,25,Hebron,luxus,79.29,51.88494152000002
3,25,Hebron,biotech,85.76,9.5
3,25,Hebron,core_daten,102.73,26.0
3,25,Hebron,relikte,141.93,26.0
3,25,Hyperion,nahrung,29.85,0.0
3,25,Hyperion,rohstoffe,32.58,29.52217087999997
3,25,Hyperion,industrieteile,45.6,12.179999999999998
3,25,Hyperion,energie,68.66,0.0
3,25,Hyperion,luxus,90.65,9.1
3,25,Hyperion,biotech,88.52,24.0
3,25,Hyperion,core_daten,118.37,24.0
3,25,Hyperion,relikte,144.39,41.761085440000016
3,26,Lusus,nahrung,46.7,2.2300915999999997
3,26,Lusus,rohstoffe,29.53,14.0
3,26,Lusus,industrieteile,44.47,13.959999999999997
3,26,Lusus,energie,54.52,1.4252893995490572
3,26,Lusus,luxus,76.2,113.86727360447996
3,26,Lusus,biotech,82.08,27.199999999999996
3,26,Lusus,core_daten,106.46,89.33551573632002
3,26,Lusus,relikte,138.24,32.0
3,26,Tau Ceti,nahrung,20.47,23.39572962688
3,26,Tau Ceti,rohstoffe,28.19,20.5
3,26,Tau Ceti,industrieteile,49.43,10.3
3,26,Tau Ceti,energie,67.94,0.0
3,26,Tau Ceti,luxus,77.23,30.0
3,26,Tau Ceti,biotech,81.75,69.72905118591999
3,26,Tau Ceti,core_daten,119.29,30.0
3,26,Tau Ceti,relikte,142.12,30.0
3,26,Maui-Covenant,nahrung,21.45,9.5
3,26,Maui-Covenant,rohstoffe,27.73,9.5
3,26,Maui-Covenant,industrieteile,41.89,20.499999999999993
3,26,Maui-Covenant,energie,57.92,0.0
3,26,Maui-Covenant,luxus,82.71,9.5
3,26,Maui-Covenant,biotech,75.94,86.85310075999998
3,26,Maui-Covenant,core_daten,108.31,26.0
3,26,Maui-Covenant,relikte,145.24,26.0
3,26,Marsim,nahrung,37.32,0.0
3,26,Marsim,rohstoffe,38.97,10.5
3,26,Marsim,industrieteile,43.79,151.96621999999996
3,26,Marsim,energie,39.87,10.5
3,26,Marsim,luxus,78.19,23.296000000000006
3,26,Marsim,biotech,83.92,29.89999999999999
3,26,Marsim,core_daten,118.2,31.0
3,26,Marsim,relikte,149.25,31.0
3,26,Qom-Riyadh,nahrung,23.68,3.44
3,26,Qom-Riyadh,rohstoffe,27.72,10.0
3,26,Qom-Riyadh,industrieteile,41.81,11.669999999999998
3,26,Qom-Riyadh,energie,68.37,0.0
3,26,Qom-Riyadh,luxus,82.6,53.43932503743996
3,26,Qom-Riyadh,biotech,83.2,23.199999999999996
3,26,Qom-Riyadh,core_daten,116.44,152.57330014975986
3,26,Qom-Riyadh,relikte,153.69,28.0
3,26,Bressia,nahrung,29.35,0.0
3,26,Bressia,rohstoffe,27.29,83.50402056833634
3,26,Bressia,industrieteile,46.81,7.590000000000001
3,26,Bressia,energie,38.17,9.3
3,26,Bressia,luxus,80.77,15.448
3,26,Bressia,biotech,86.42,17.0
3,26,Bressia,core_daten,120.28,25.0
3,26,Bressia,relikte,154.78,25.0
3,26,Hebron,nahrung,32.87,0.0
3,26,Hebron,rohstoffe,27.12,9.5
3,26,Hebron,industrieteile,43.35,16.979999999999997
3,26,Hebron,energie,64.03,0.0
3,26,Hebron,luxus,83.22,53.17794024000002
3,26,Hebron,biotech,95.32,9.5
3,26,Hebron,core_daten,116.44,26.0
3,26,Hebron,relikte,153.79,26.0
3,26,Hyperion,nahrung,33.03,0.0
3,26,Hyperion,rohstoffe,31.21,30.86308863999997
3,26,Hyperion,industrieteile,51.11,12.179999999999998
3,26,Hyperion,energie,70.84,4.599401519098111
3,26,Hyperion,luxus,99.2,9.1
3,26,Hyperion,biotech,99.74,24.0
3,26,Hyperion,core_daten,126.57,24.0
3,26,Hyperion,relikte,151.64,42.431544320000015
3,27,Lusus,nahrung,46.2,8.2192916
3,27,Lusus,rohstoffe,27.49,14.0
3,27,Lusus,industrieteile,44.68,13.959999999999997
3,27,Lusus,energie,71.33,0.0
3,27,Lusus,luxus,76.4,117.05346365759996
3,27,Lusus,biotech,78.72,27.199999999999996
3,27,Lusus,core_daten,112.09,91.45964243840002
3,27,Lusus,relikte,146.48,32.0
3,27,Tau Ceti,nahrung,20.02,10.3
3,27,Tau Ceti,rohstoffe,26.97,14.5
3,27,Tau Ceti,industrieteile,47.29,10.3
3,27,Tau Ceti,energie,72.26,4.571155919098111
3,27,Tau Ceti,luxus,83.02,30.0
3,27,Tau Ceti,biotech,82.97,71.35839715163199
3,27,Tau Ceti,core_daten,117.21,30.0
3,27,Tau Ceti,relikte,139.81,30.0
3,27,Maui-Covenant,nahrung,20.14,9.5
3,27,Maui-Covenant,rohstoffe,30.74,9.5
3,27,Maui-Covenant,industrieteile,42.01,20.499999999999993
3,27,Maui-Covenant,energie,60.85,0.0
3,27,Maui-Covenant,luxus,81.76,9.5
3,27,Maui-Covenant,biotech,77.59,89.29432151999998
3,27,Maui-Covenant,core_daten,110.75,26.0
3,27,Maui-Covenant,relikte,137.08,26.0
3,27,Marsim,nahrung,37.31,6.0
3,27,Marsim,rohstoffe,36.76,10.5
3,27,Marsim,industrieteile,39.85,151.06433999999996
3,27,Marsim,energie,38.21,10.5
3,27,Marsim,luxus,82.61,23.296000000000006
3,27,Marsim,biotech,77.57,28.29999999999999
3,27,Marsim,core_daten,113.28,31.0
3,27,Marsim,relikte,151.89,31.0
3,27,Qom-Riyadh,nahrung,27.02,1.04
3,27,Qom-Riyadh,rohstoffe,30.38,10.0
3,27,Qom-Riyadh,industrieteile,42.73,11.669999999999998
3,27,Qom-Riyadh,energie,64.81,0.0
3,27,Qom-Riyadh,luxus,78.94,54.61318655615996
3,27,Qom-Riyadh,biotech,80.49,23.199999999999996
3,27,Qom-Riyadh,core_daten,117.62,157.26874622463987
3,27,Qom-Riyadh,relikte,152.7,28.0
3,27,Bressia,nahrung,31.37,1.6131134897280006
3,27,Bressia,rohstoffe,30.74,86.6589552405606
3,27,Bressia,industrieteile,52.94,9.3
3,27,Bressia,energie,40.19,9.3
3,27,Bressia,luxus,79.69,15.448
3,27,Bressia,biotech,87.04,17.0
3,27,Bressia,core_daten,114.42,25.0
3,27,Bressia,relikte,146.29,25.0
3,27,Hebron,nahrung,29.87,0.0
3,27,Hebron,rohstoffe,30.83,9.5
3,27,Hebron,industrieteile,42.58,16.979999999999997
3,27,Hebron,energie,60.04,0.0
3,27,Hebron,luxus,73.83,51.88811896000002
3,27,Hebron,biotech,96.37,9.5
3,27,Hebron,core_daten,106.35,26.0
3,27,Hebron,relikte,160.31,26.0
3,27,Hyperion,nahrung,35.0,6.0
3,27,Hyperion,rohstoffe,31.83,32.18878559999997
3,27,Hyperion,industrieteile,47.39,12.179999999999998
3,27,Hyperion,energie,49.89,2.9194015190981104
3,27,Hyperion,luxus,93.31,9.1
3,27,Hyperion,biotech,102.77,24.0
3,27,Hyperion,core_daten,126.69,24.0
3,27,Hyperion,relikte,160.2,43.094392800000016
3,28,Lusus,nahrung,29.53,1.8192915999999997
3,28,Lusus,rohstoffe,29.66,12.2
3,28,Lusus,industrieteile,43.32,13.959999999999997
3,28,Lusus,energie,72.74,4.542910319098112
3,28,Lusus,luxus,78.65,120.20195339651914
3,28,Lusus,biotech,84.07,27.199999999999996
3,28,Lusus,core_daten,116.51,93.55863559767948
3,28,Lusus,relikte,143.69,32.0
3,28,Tau Ceti,nahrung,19.79,10.3
3,28,Tau Ceti,rohstoffe,27.72,10.3
3,28,Tau Ceti,industrieteile,48.24,10.3
3,28,Tau Ceti,energie,46.73,1.7711559190981108
3,28,Tau Ceti,luxus,81.76,30.0
3,28,Tau Ceti,biotech,79.24,72.978473117344
3,28,Tau Ceti,core_daten,114.23,30.0
3,28,Tau Ceti,relikte,137.74,30.0
3,28,Maui-Covenant,nahrung,19.76,9.5
3,28,Maui-Covenant,rohstoffe,27.28,9.5
3,28,Maui-Covenant,industrieteile,42.59,20.499999999999993
3,28,Maui-Covenant,energie,57.98,0.0
3,28,Maui-Covenant,luxus,86.01,9.5
3,28,Maui-Covenant,biotech,76.67,90.12366227999999
3,28,Maui-Covenant,core_daten,109.9,26.0
3,28,Maui-Covenant,relikte,136.32,26.0
3,28,Marsim,nahrung,26.23,2.4000000000000004
3,28,Marsim,rohstoffe,39.17,10.5
3,28,Marsim,industrieteile,39.92,151.83915999999994
3,28,Marsim,energie,39.07,10.5
3,28,Marsim,luxus,82.7,23.296000000000006
3,28,Marsim,biotech,83.84,28.29999999999999
3,28,Marsim,core_daten,105.72,31.0
3,28,Marsim,relikte,145.38,31.0
3,28,Qom-Riyadh,nahrung,33.32,8.2084916
3,28,Qom-Riyadh,rohstoffe,29.74,10.0
3,28,Qom-Riyadh,industrieteile,44.46,11.669999999999998
3,28,Qom-Riyadh,energie,64.7,0.0
3,28,Qom-Riyadh,luxus,80.62,55.78051407487996
3,28,Qom-Riyadh,biotech,85.87,23.199999999999996
3,28,Qom-Riyadh,core_daten,114.08,161.93805629951987
3,28,Qom-Riyadh,relikte,145.53,28.0
3,28,Bressia,nahrung,30.76,0.0
3,28,Bressia,rohstoffe,31.09,89.79499711278486
3,28,Bressia,industrieteile,48.16,9.3
3,28,Bressia,energie,40.75,9.3
3,28,Bressia,luxus,74.35,12.88
3,28,Bressia,biotech,93.04,17.0
3,28,Bressia,core_daten,108.05,25.0
3,28,Bressia,relikte,144.87,25.0
3,28,Hebron,nahrung,31.4,0.4803038628480003
3,28,Hebron,rohstoffe,30.79,9.5
3,28,Hebron,industrieteile,46.56,16.979999999999997
3,28,Hebron,energie,70.44,0.0
3,28,Hebron,luxus,83.93,53.15147768000002
3,28,Hebron,biotech,97.03,9.5
3,28,Hebron,core_daten,109.78,26.0
3,28,Hebron,relikte,147.46,26.0
3,28,Hyperion,nahrung,26.58,4.56
3,28,Hyperion,rohstoffe,32.31,33.50697295999997
3,28,Hyperion,industrieteile,48.37,12.179999999999998
3,28,Hyperion,energie,52.34,1.2394015190981102
3,28,Hyperion,luxus,87.14,9.1
3,28,Hyperion,biotech,100.49,24.0
3,28,Hyperion,core_daten,125.6,24.0
3,28,Hyperion,relikte,162.51,43.753486480000014
3,29,Lusus,nahrung,45.47,8.197691599999999
3,29,Lusus,rohstoffe,29.29,12.2
3,29,Lusus,industrieteile,45.8,13.959999999999997
3,29,Lusus,energie,55.13,1.3429103190981122
3,29,Lusus,luxus,80.55,123.33118313543834
3,29,Lusus,biotech,84.85,27.199999999999996
3,29,Lusus,core_daten,105.92,95.64478875695895
3,29,Lusus,relikte,147.99,32.0
3,29,Tau Ceti,nahrung,21.2,10.3
3,29,Tau Ceti,rohstoffe,30.5,10.3
3,29,Tau Ceti,industrieteile,50.46,10.3
3,29,Tau Ceti,energie,70.64,0.0
3,29,Tau Ceti,luxus,76.45,27.432000000000002
3,29,Tau Ceti,biotech,76.67,72.998549083056
3,29,Tau Ceti,core_daten,111.98,30.0
3,29,Tau Ceti,relikte,136.15,30.0
3,29,Maui-Covenant,nahrung,22.12,9.5
3,29,Maui-Covenant,rohstoffe,28.72,9.5
3,29,Maui-Covenant,industrieteile,45.62,20.499999999999993
3,29,Maui-Covenant,energie,59.69,0.0
3,29,Maui-Covenant,luxus,84.87,9.5
3,29,Maui-Covenant,biotech,77.21,92.54112303999999
3,29,Maui-Covenant,core_daten,116.33,26.0
3,29,Maui-Covenant,relikte,148.78,26.0
3,29,Marsim,nahrung,36.17,0.0
3,29,Marsim,rohstoffe,36.76,10.5
3,29,Marsim,industrieteile,42.52,154.32397999999992
3,29,Marsim,energie,39.68,10.5
3,29,Marsim,luxus,79.32,23.296000000000006
3,29,Marsim,biotech,85.36,28.29999999999999
3,29,Marsim,core_daten,106.82,31.0
3,29,Marsim,relikte,147.67,31.0
3,29,Qom-Riyadh,nahrung,21.18,5.8084916
3,29,Qom-Riyadh,rohstoffe,28.05,10.0
3,29,Qom-Riyadh,industrieteile,43.58,11.669999999999998
3,29,Qom-Riyadh,energie,68.21,0.0
3,29,Qom-Riyadh,luxus,77.79,56.93545999359996
3,29,Qom-Riyadh,biotech,85.51,23.199999999999996
3,29,Qom-Riyadh,core_daten,108.09,166.55783997439988
3,29,Qom-Riyadh,relikte,151.04,28.0
3,29,Bressia,nahrung,34.61,0.0
3,29,Bressia,rohstoffe,29.09,86.9152433629094
3,29,Bressia,industrieteile,46.72,7.590000000000001
3,29,Bressia,energie,40.3,9.3
3,29,Bressia,luxus,87.13,12.88
3,29,Bressia,biotech,91.72,17.0
3,29,Bressia,core_daten,112.98,25.0
3,29,Bressia,relikte,140.29,25.0
3,29,Hebron,nahrung,37.8,0.4803038628480003
3,29,Hebron,rohstoffe,29.13,9.5
3,29,Hebron,industrieteile,50.14,16.979999999999997
3,29,Hebron,energie,76.07,4.535999734429483
3,29,Hebron,luxus,89.62,54.40001640000002
3,29,Hebron,biotech,102.29,9.5
3,29,Hebron,core_daten,114.65,26.0
3,29,Hebron,relikte,160.33,26.0
3,29,Hyperion,nahrung,25.92,3.119999999999999
3,29,Hyperion,rohstoffe,31.41,34.82516031999997
3,29,Hyperion,industrieteile,54.76,12.179999999999998
3,29,Hyperion,energie,71.63,0.0
3,29,Hyperion,luxus,90.83,9.1
3,29,Hyperion,biotech,96.55,24.0
3,29,Hyperion,core_daten,129.13,24.0
3,29,Hyperion,relikte,144.25,44.41258016000001
3,30,Lusus,nahrung,30.22,1.7976915999999985
3,30,Lusus,rohstoffe,28.75,10.7
3,30,Lusus,industrieteile,42.68,13.959999999999997
3,30,Lusus,energie,73.53,0.0
3,30,Lusus,luxus,73.59,123.87066759923752
3,30,Lusus,biotech,86.53,27.199999999999996
3,30,Lusus,core_daten,117.33,97.7164450661584
3,30,Lusus,relikte,137.37,32.0
3,30,Tau Ceti,nahrung,20.06,10.3
3,30,Tau Ceti,rohstoffe,29.98,10.3
3,30,Tau Ceti,industrieteile,45.3,10.3
3,30,Tau Ceti,energie,73.73,4.512074134429483
3,30,Tau Ceti,luxus,83.84,27.432000000000002
3,30,Tau Ceti,biotech,80.25,74.6109490890952
3,30,Tau Ceti,core_daten,116.35,30.0
3,30,Tau Ceti,relikte,146.44,30.0
3,30,Maui-Covenant,nahrung,21.99,9.5
3,30,Maui-Covenant,rohstoffe,29.08,9.5
3,30,Maui-Covenant,industrieteile,41.13,16.04999999999999
3,30,Maui-Covenant,energie,62.09,0.0
3,30,Maui-Covenant,luxus,85.14,9.5
3,30,Maui-Covenant,biotech,80.31,94.9467038
3,30,Maui-Covenant,core_daten,115.03,26.0
3,30,Maui-Covenant,relikte,152.15,26.0
3,30,Marsim,nahrung,34.35,0.0
3,30,Marsim,rohstoffe,39.55,10.5
3,30,Marsim,industrieteile,43.49,159.58269999999993
3,30,Marsim,energie,38.99,10.5
3,30,Marsim,luxus,77.05,23.296000000000006
3,30,Marsim,biotech,85.3,28.29999999999999
3,30,Marsim,core_daten,105.69,31.0
3,30,Marsim,relikte,151.0,31.0
3,30,Qom-Riyadh,nahrung,23.12,3.4084916
3,30,Qom-Riyadh,rohstoffe,27.53,10.0
3,30,Qom-Riyadh,industrieteile,40.66,9.9
3,30,Qom-Riyadh,energie,69.47,0.0
3,30,Qom-Riyadh,luxus,82.3,58.083871912319964
3,30,Qom-Riyadh,biotech,79.82,21.599999999999994
3,30,Qom-Riyadh,core_daten,118.38,171.1514876492799
3,30,Qom-Riyadh,relikte,136.21,28.0
3,30,Bressia,nahrung,36.33,8.1868916
3,30,Bressia,rohstoffe,29.54,85.51659681303393
3,30,Bressia,industrieteile,55.7,9.3
3,30,Bressia,energie,38.55,9.3
3,30,Bressia,luxus,82.73,12.88
3,30,Bressia,biotech,88.86,17.0
3,30,Bressia,core_daten,115.95,25.0
3,30,Bressia,relikte,144.9,25.0
3,30,Hebron,nahrung,35.8,0.44960002415675504
3,30,Hebron,rohstoffe,31.68,9.5
3,30,Hebron,industrieteile,49.96,16.979999999999997
3,30,Hebron,energie,49.73,2.735999734429483
3,30,Hebron,luxus,83.76,55.63410975701304
3,30,Hebron,biotech,100.88,9.5
3,30,Hebron,core_daten,115.37,26.0
3,30,Hebron,relikte,169.93,26.0
3,30,Hyperion,nahrung,28.82,1.679999999999999
3,30,Hyperion,rohstoffe,32.13,36.13667757727602
3,30,Hyperion,industrieteile,50.5,12.179999999999998
3,30,Hyperion,energie,72.76,0.0
3,30,Hyperion,luxus,98.48,9.1
3,30,Hyperion,biotech,96.6,24.0
3,30,Hyperion,core_daten,130.03,24.0
3,30,Hyperion,relikte,147.3,45.06833878863803
4,1,Lusus,nahrung,21.45,25.6
4,1,Lusus,rohstoffe,28.72,32.0
4,1,Lusus,industrieteile,41.06,32.0
4,1,Lusus,energie,39.97,28.8
4,1,Lusus,luxus,81.85,35.324
4,1,Lusus,biotech,83.16,32.0
4,1,Lusus,core_daten,107.59,34.216
4,1,Lusus,relikte,145.21,32.0
4,1,Tau Ceti,nahrung,20.34,36.612
4,1,Tau Ceti,rohstoffe,27.54,30.0
4,1,Tau Ceti,industrieteile,46.62,27.2
4,1,Tau Ceti,energie,40.81,27.2
4,1,Tau Ceti,luxus,74.15,30.0
4,1,Tau Ceti,biotech,85.33,31.653
4,1,Tau Ceti,core_daten,114.12,30.0
4,1,Tau Ceti,relikte,142.82,30.0
4,1,Maui-Covenant,nahrung,20.25,28.240000000000002
4,1,Maui-Covenant,rohstoffe,29.12,26.0
4,1,Maui-Covenant,industrieteile,42.52,26.0
4,1,Maui-Covenant,energie,38.96,24.5
4,1,Maui-Covenant,luxus,81.75,25.0
4,1,Maui-Covenant,biotech,77.85,28.464
4,1,Maui-Covenant,core_daten,116.69,26.0
4,1,Maui-Covenant,relikte,154.45,26.0
4,1,Marsim,nahrung,22.53,27.4
4,1,Marsim,rohstoffe,30.56,25.0
4,1,Marsim,industrieteile,40.13,36.405
4,1,Marsim,energie,35.07,34.243
4,1,Marsim,luxus,75.02,31.0
4,1,Marsim,biotech,86.2,31.0
4,1,Marsim,core_daten,109.75,31.0
4,1,Marsim,relikte,142.43,31.0
4,1,Qom-Riyadh,nahrung,22.22,25.6
4,1,Qom-Riyadh,rohstoffe,27.79,28.0
4,1,Qom-Riyadh,industrieteile,42.99,28.0
4,1,Qom-Riyadh,energie,38.0,25.6
4,1,Qom-Riyadh,luxus,74.38,29.198999999999998
4,1,Qom-Riyadh,biotech,82.59,28.0
4,1,Qom-Riyadh,core_daten,117.48,32.796
4,1,Qom-Riyadh,relikte,138.84,28.0
4,1,Bressia,nahrung,20.06,22.66
4,1,Bressia,rohstoffe,27.99,28.3248
4,1,Bressia,industrieteile,39.86,23.29
4,1,Bressia,energie,37.49,26.4546
4,1,Bressia,luxus,83.74,25.0
4,1,Bressia,biotech,84.32,25.0
4,1,Bressia,core_daten,113.6,25.0
4,1,Bressia,relikte,155.53,25.0
4,1,Hebron,nahrung,19.72,23.8
4,1,Hebron,rohstoffe,28.85,26.0
4,1,Hebron,industrieteile,41.72,26.0
4,1,Hebron,energie,38.91,24.2
4,1,Hebron,luxus,72.97,27.378
4,1,Hebron,biotech,88.49,24.4
4,1,Hebron,core_daten,104.08,26.0
4,1,Hebron,relikte,136.15,26.0
4,1,Hyperion,nahrung,22.3,22.56
4,1,Hyperion,rohstoffe,30.94,25.4336
4,1,Hyperion,industrieteile,42.25,24.0
4,1,Hyperion,energie,37.57,22.32
4,1,Hyperion,luxus,76.56,22.432
4,1,Hyperion,biotech,78.35,24.0
4,1,Hyperion,core_daten,115.48,24.0
4,1,Hyperion,relikte,136.65,24.7168
4,2,Lusus,nahrung,21.0,19.200000000000003
4,2,Lusus,rohstoffe,28.98,32.0
4,2,Lusus,industrieteile,44.42,32.0
4,2,Lusus,energie,39.94,25.6
4,2,Lusus,luxus,78.32,38.647999999999996
4,2,Lusus,biotech,79.97,32.0
4,2,Lusus,core_daten,111.48,36.432
4,2,Lusus,relikte,135.65,32.0
4,2,Tau Ceti,nahrung,21.35,43.224000000000004
4,2,Tau Ceti,rohstoffe,27.84,30.0
4,2,Tau Ceti,industrieteile,43.24,24.4
4,2,Tau Ceti,energie,36.43,24.4
4,2,Tau Ceti,luxus,78.21,30.0
4,2,Tau Ceti,biotech,82.38,33.306
4,2,Tau Ceti,core_daten,111.05,30.0
4,2,Tau Ceti,relikte,151.87,30.0
4,2,Maui-Covenant,nahrung,21.28,30.480000000000004
4,2,Maui-Covenant,rohstoffe,27.54,26.0
4,2,Maui-Covenant,industrieteile,42.9,26.0
4,2,Maui-Covenant,energie,40.11,23.0
4,2,Maui-Covenant,luxus,80.43,23.55
4,2,Maui-Covenant,biotech,82.66,30.927999999999997
4,2,Maui-Covenant,core_daten,106.51,26.0
4,2,Maui-Covenant,relikte,145.27,26.0
4,2,Marsim,nahrung,21.23,23.799999999999997
4,2,Marsim,rohstoffe,30.31,19.0
4,2,Marsim,industrieteile,42.14,41.81
4,2,Marsim,energie,37.83,37.486000000000004
4,2,Marsim,luxus,79.09,31.0
4,2,Marsim,biotech,81.49,31.0
4,2,Marsim,core_daten,107.78,31.0
4,2,Marsim,relikte,143.83,31.0
4,2,Qom-Riyadh,nahrung,22.45,23.200000000000003
4,2,Qom-Riyadh,rohstoffe,28.16,28.0
4,2,Qom-Riyadh,industrieteile,40.18,28.0
4,2,Qom-Riyadh,energie,35.98,23.200000000000003
4,2,Qom-Riyadh,luxus,79.08,30.397999999999996
4,2,Qom-Riyadh,biotech,77.0,28.0
4,2,Qom-Riyadh,core_daten,106.53,37.592
4,2,Qom-Riyadh,relikte,137.95,28.0
4,2,Bressia,nahrung,21.05,20.32
4,2,Bressia,rohstoffe,31.13,31.6496
4,2,Bressia,industrieteile,43.74,21.58
4,2,Bressia,energie,37.2,27.9092
4,2,Bressia,luxus,77.96,25.0
4,2,Bressia,biotech,81.86,25.0
4,2,Bressia,core_daten,111.73,25.0
4,2,Bressia,relikte,151.92,25.0
4,2,Hebron,nahrung,22.8,21.6
4,2,Hebron,rohstoffe,29.57,26.0
4,2,Hebron,industrieteile,42.13,26.0
4,2,Hebron,energie,39.34,22.4
4,2,Hebron,luxus,84.97,28.756
4,2,Hebron,biotech,78.68,22.799999999999997
4,2,Hebron,core_daten,107.13,26.0
4,2,Hebron,relikte,148.79,26.0
4,2,Hyperion,nahrung,21.84,21.119999999999997
4,2,Hyperion,rohstoffe,29.26,26.867199999999997
4,2,Hyperion,industrieteile,43.52,24.0
4,2,Hyperion,energie,40.7,20.64
4,2,Hyperion,luxus,80.46,20.1584
4,2,Hyperion,biotech,86.73,24.0
4,2,Hyperion,core_daten,122.96,24.0
4,2,Hyperion,relikte,143.73,25.4336
4,3,Lusus,nahrung,23.15,12.800000000000002
4,3,Lusus,rohstoffe,29.85,32.0
4,3,Lusus,industrieteile,40.19,32.0
4,3,Lusus,energie,40.81,22.400000000000002
4,3,Lusus,luxus,81.14,41.971999999999994
4,3,Lusus,biotech,86.39,32.0
4,3,Lusus,core_daten,119.28,38.648
4,3,Lusus,relikte,140.85,32.0
4,3,Tau Ceti,nahrung,21.23,49.836000000000006
4,3,Tau Ceti,rohstoffe,27.15,30.0
4,3,Tau Ceti,industrieteile,45.05,21.599999999999998
4,3,Tau Ceti,energie,40.74,21.599999999999998
4,3,Tau Ceti,luxus,75.63,30.0
4,3,Tau Ceti,biotech,79.91,34.958999999999996
4,3,Tau Ceti,core_daten,106.57,30.0
4,3,Tau Ceti,relikte,139.35,30.0
4,3,Maui-Covenant,nahrung,20.03,32.720000000000006
4,3,Maui-Covenant,rohstoffe,27.01,26.0
4,3,Maui-Covenant,industrieteile,45.49,26.0
4,3,Maui-Covenant,energie,40.06,21.5
4,3,Maui-Covenant,luxus,80.01,22.1
4,3,Maui-Covenant,biotech,84.06,33.391999999999996
4,3,Maui-Covenant,core_daten,115.64,26.0
4,3,Maui-Covenant,relikte,145.88,26.0
4,3,Marsim,nahrung,21.23,20.199999999999996
4,3,Marsim,rohstoffe,32.42,13.0
4,3,Marsim,industrieteile,42.84,47.215
4,3,Marsim,energie,36.28,40.729000000000006
4,3,Marsim,luxus,77.34,31.0
4,3,Marsim,biotech,82.92,31.0
4,3,Marsim,core_daten,114.42,31.0
4,3,Marsim,relikte,139.53,31.0
4,3,Qom-Riyadh,nahrung,21.53,20.800000000000004
4,3,Qom-Riyadh,rohstoffe,29.83,28.0
4,3,Qom-Riyadh,industrieteile,44.75,28.0
4,3,Qom-Riyadh,energie,39.31,20.800000000000004
4,3,Qom-Riyadh,luxus,74.36,31.596999999999994
4,3,Qom-Riyadh,biotech,80.9,28.0
4,3,Qom-Riyadh,core_daten,106.37,42.388
4,3,Qom-Riyadh,relikte,136.96,28.0
4,3,Bressia,nahrung,20.3,17.98
4,3,Bressia,rohstoffe,28.18,34.9744
4,3,Bressia,industrieteile,46.19,19.869999999999997
4,3,Bressia,energie,38.41,29.363799999999998
4,3,Bressia,luxus,75.63,25.0
4,3,Bressia,biotech,84.91,25.0
4,3,Bressia,core_daten,113.02,25.0
4,3,Bressia,relikte,145.81,25.0
4,3,Hebron,nahrung,20.27,19.400000000000002
4,3,Hebron,rohstoffe,28.17,26.0
4,3,Hebron,industrieteile,41.46,26.0
4,3,Hebron,energie,39.99,20.599999999999998
4,3,Hebron,luxus,78.47,30.134
4,3,Hebron,biotech,83.69,21.199999999999996
4,3,Hebron,core_daten,112.32,26.0
4,3,Hebron,relikte,144.9,26.0
4,3,Hyperion,nahrung,21.88,19.679999999999996
4,3,Hyperion,rohstoffe,29.67,28.300799999999995
4,3,Hyperion,industrieteile,45.27,24.0
4,3,Hyperion,energie,37.67,18.96
4,3,Hyperion,luxus,85.73,17.884800000000002
4,3,Hyperion,biotech,89.2,24.0
4,3,Hyperion,core_daten,123.61,24.0
4,3,Hyperion,relikte,151.61,26.150399999999998
4,4,Lusus,nahrung,25.12,10.7
4,4,Lusus,rohstoffe,26.68,32.0
4,4,Lusus,industrieteile,41.73,32.0
4,4,Lusus,energie,38.12,19.200000000000003
4,4,Lusus,luxus,80.83,45.29599999999999
4,4,Lusus,biotech,82.71,32.0
4,4,Lusus,core_daten,109.18,40.864000000000004
4,4,Lusus,relikte,139.01,32.0
4,4,Tau Ceti,nahrung,19.89,52.14800000000001
4,4,Tau Ceti,rohstoffe,26.98,30.0
4,4,Tau Ceti,industrieteile,46.49,18.799999999999997
4,4,Tau Ceti,energie,41.04,18.799999999999997
4,4,Tau Ceti,luxus,75.91,30.0
4,4,Tau Ceti,biotech,83.98,36.611999999999995
4,4,Tau Ceti,core_daten,119.14,30.0
4,4,Tau Ceti,relikte,139.29,30.0
4,4,Maui-Covenant,nahrung,20.99,34.96000000000001
4,4,Maui-Covenant,rohstoffe,28.26,26.0
4,4,Maui-Covenant,industrieteile,45.36,26.0
4,4,Maui-Covenant,energie,40.04,20.0
4,4,Maui-Covenant,luxus,75.56,20.650000000000002
4,4,Maui-Covenant,biotech,78.34,35.855999999999995
4,4,Maui-Covenant,core_daten,117.84,26.0
4,4,Maui-Covenant,relikte,146.85,26.0
4,4,Marsim,nahrung,21.65,16.599999999999994
4,4,Marsim,rohstoffe,35.76,10.5
4,4,Marsim,industrieteile,43.95,52.620000000000005
4,4,Marsim,energie,39.57,43.97200000000001
4,4,Marsim,luxus,76.96,31.0
4,4,Marsim,biotech,76.87,31.0
4,4,Marsim,core_daten,115.36,31.0
4,4,Marsim,relikte,136.57,31.0
4,4,Qom-Riyadh,nahrung,21.48,18.400000000000006
4,4,Qom-Riyadh,rohstoffe,29.78,28.0
4,4,Qom-Riyadh,industrieteile,42.16,28.0
4,4,Qom-Riyadh,energie,39.23,18.400000000000006
4,4,Qom-Riyadh,luxus,75.35,32.79599999999999
4,4,Qom-Riyadh,biotech,78.12,28.0
4,4,Qom-Riyadh,core_daten,113.7,47.184
4,4,Qom-Riyadh,relikte,152.0,28.0
4,4,Bressia,nahrung,23.44,15.64
4,4,Bressia,rohstoffe,25.85,34.7992
4,4,Bressia,industrieteile,47.72,18.159999999999997
4,4,Bressia,energie,37.55,30.818399999999997
4,4,Bressia,luxus,76.64,25.0
4,4,Bressia,biotech,80.23,25.0
4,4,Bressia,core_daten,114.56,25.0
4,4,Bressia,relikte,141.34,25.0
4,4,Hebron,nahrung,19.85,17.200000000000003
4,4,Hebron,rohstoffe,30.48,26.0
4,4,Hebron,industrieteile,44.45,26.0
4,4,Hebron,energie,39.24,18.799999999999997
4,4,Hebron,luxus,82.05,31.512
4,4,Hebron,biotech,92.79,19.599999999999994
4,4,Hebron,core_daten,105.78,26.0
4,4,Hebron,relikte,154.52,26.0
4,4,Hyperion,nahrung,22.44,18.239999999999995
4,4,Hyperion,rohstoffe,27.6,29.734399999999994
4,4,Hyperion,industrieteile,43.28,24.0
4,4,Hyperion,energie,38.17,17.28
4,4,Hyperion,luxus,76.83,15.611200000000002
4,4,Hyperion,biotech,80.84,24.0
4,4,Hyperion,core_daten,105.4,24.0
4,4,Hyperion,relikte,157.42,26.867199999999997
4,5,Lusus,nahrung,26.16,10.7
4,5,Lusus,rohstoffe,34.05,32.0
4,5,Lusus,industrieteile,47.88,32.0
4,5,Lusus,energie,37.06,16.000000000000004
4,5,Lusus,luxus,74.33,48.61999999999999
4,5,Lusus,biotech,66.29,32.0
4,5,Lusus,core_daten,91.33,43.080000000000005
4,5,Lusus,relikte,133.44,32.0
4,5,Tau Ceti,nahrung,24.65,58.76000000000001
4,5,Tau Ceti,rohstoffe,23.12,24.0
4,5,Tau Ceti,industrieteile,39.16,15.999999999999996
4,5,Tau Ceti,energie,41.36,15.999999999999996
4,5,Tau Ceti,luxus,74.17,30.0
4,5,Tau Ceti,biotech,70.75,38.26499999999999
4,5,Tau Ceti,core_daten,133.59,30.0
4,5,Tau Ceti,relikte,117.43,30.0
4,5,Maui-Covenant,nahrung,21.65,37.20000000000001
4,5,Maui-Covenant,rohstoffe,27.64,26.0
4,5,Maui-Covenant,industrieteile,40.01,26.0
4,5,Maui-Covenant,energie,33.45,18.5
4,5,Maui-Covenant,luxus,69.37,19.650000000000002
4,5,Maui-Covenant,biotech,78.2,38.31999999999999
4,5,Maui-Covenant,core_daten,124.66,26.0
4,5,Maui-Covenant,relikte,143.54,26.0
4,5,Marsim,nahrung,24.33,12.999999999999995
4,5,Marsim,rohstoffe,43.06,10.5
4,5,Marsim,industrieteile,36.71,58.025000000000006
4,5,Marsim,energie,43.28,47.21500000000001
4,5,Marsim,luxus,81.37,31.0
4,5,Marsim,biotech,78.9,31.0
4,5,Marsim,core_daten,113.22,31.0
4,5,Marsim,relikte,168.43,31.0
4,5,Qom-Riyadh,nahrung,20.42,16.000000000000007
4,5,Qom-Riyadh,rohstoffe,23.66,28.0
4,5,Qom-Riyadh,industrieteile,50.89,28.0
4,5,Qom-Riyadh,energie,32.76,16.000000000000007
4,5,Qom-Riyadh,luxus,65.76,33.99499999999999
4,5,Qom-Riyadh,biotech,89.24,28.0
4,5,Qom-Riyadh,core_daten,103.29,51.98
4,5,Qom-Riyadh,relikte,132.53,28.0
4,5,Bressia,nahrung,23.5,13.3
4,5,Bressia,rohstoffe,35.34,38.123999999999995
4,5,Bressia,industrieteile,40.06,16.449999999999996
4,5,Bressia,energie,46.98,32.272999999999996
4,5,Bressia,luxus,84.82,25.0
4,5,Bressia,biotech,87.35,25.0
4,5,Bressia,core_daten,115.17,25.0
4,5,Bressia,relikte,101.28,25.0
4,5,Hebron,nahrung,16.82,9.5
4,5,Hebron,rohstoffe,31.63,26.0
4,5,Hebron,industrieteile,47.92,26.0
4,5,Hebron,energie,28.86,16.999999999999996
4,5,Hebron,luxus,85.38,32.89
4,5,Hebron,biotech,83.87,17.999999999999993
4,5,Hebron,core_daten,118.24,26.0
4,5,Hebron,relikte,136.31,26.0
4,5,Hyperion,nahrung,17.44,15.899999999999997
4,5,Hyperion,rohstoffe,25.88,31.167999999999992
4,5,Hyperion,industrieteile,55.32,24.0
4,5,Hyperion,energie,31.1,15.600000000000001
4,5,Hyperion,luxus,100.56,14.043200000000002
4,5,Hyperion,biotech,83.49,24.0
4,5,Hyperion,core_daten,82.98,24.0
4,5,Hyperion,relikte,173.48,27.583999999999996
4,6,Lusus,nahrung,23.71,10.7
4,6,Lusus,rohstoffe,33.39,32.0
4,6,Lusus,industrieteile,46.7,32.0
4,6,Lusus,energie,37.5,12.800000000000004
4,6,Lusus,luxus,82.42,51.94399999999999
4,6,Lusus,biotech,98.07,32.0
4,6,Lusus,core_daten,96.86,45.29600000000001
4,6,Lusus,relikte,127.09,32.0
4,6,Tau Ceti,nahrung,18.94,64.97200000000001
4,6,Tau Ceti,rohstoffe,32.31,24.0
4,6,Tau Ceti,industrieteile,41.01,13.199999999999996
4,6,Tau Ceti,energie,35.36,13.199999999999996
4,6,Tau Ceti,luxus,82.49,30.0
4,6,Tau Ceti,biotech,84.22,39.91799999999999
4,6,Tau Ceti,core_daten,108.82,30.0
4,6,Tau Ceti,relikte,148.1,30.0
4,6,Maui-Covenant,nahrung,16.74,33.44000000000001
4,6,Maui-Covenant,rohstoffe,22.63,20.0
4,6,Maui-Covenant,industrieteile,34.36,26.0
4,6,Maui-Covenant,energie,31.3,17.0
4,6,Maui-Covenant,luxus,89.94,18.650000000000002
4,6,Maui-Covenant,biotech,97.55,40.78399999999999
4,6,Maui-Covenant,core_daten,95.2,26.0
4,6,Maui-Covenant,relikte,138.52,26.0
4,6,Marsim,nahrung,17.72,9.399999999999995
4,6,Marsim,rohstoffe,36.18,10.5
4,6,Marsim,industrieteile,45.33,63.43000000000001
4,6,Marsim,energie,39.29,50.45800000000001
4,6,Marsim,luxus,91.85,31.0
4,6,Marsim,biotech,83.35,31.0
4,6,Marsim,core_daten,91.65,31.0
4,6,Marsim,relikte,137.46,31.0
4,6,Qom-Riyadh,nahrung,21.13,13.600000000000007
4,6,Qom-Riyadh,rohstoffe,26.52,28.0
4,6,Qom-Riyadh,industrieteile,34.45,28.0
4,6,Qom-Riyadh,energie,41.31,13.600000000000007
4,6,Qom-Riyadh,luxus,78.23,35.19399999999999
4,6,Qom-Riyadh,biotech,88.82,28.0
4,6,Qom-Riyadh,core_daten,105.74,56.775999999999996
4,6,Qom-Riyadh,relikte,119.28,28.0
4,6,Bressia,nahrung,18.48,10.96
4,6,Bressia,rohstoffe,22.65,41.44879999999999
4,6,Bressia,industrieteile,43.47,14.739999999999995
4,6,Bressia,energie,29.35,33.727599999999995
4,6,Bressia,luxus,58.17,25.0
4,6,Bressia,biotech,83.11,25.0
4,6,Bressia,core_daten,87.57,25.0
4,6,Bressia,relikte,109.67,25.0
4,6,Hebron,nahrung,16.8,7.3
4,6,Hebron,rohstoffe,32.14,26.0
4,6,Hebron,industrieteile,50.94,26.0
4,6,Hebron,energie,46.18,15.199999999999996
4,6,Hebron,luxus,82.34,34.268
4,6,Hebron,biotech,92.9,16.39999999999999
4,6,Hebron,core_daten,130.68,26.0
4,6,Hebron,relikte,138.9,26.0
4,6,Hyperion,nahrung,21.37,14.459999999999997
4,6,Hyperion,rohstoffe,32.21,32.60159999999999
4,6,Hyperion,industrieteile,46.37,24.0
4,6,Hyperion,energie,41.39,13.920000000000002
4,6,Hyperion,luxus,90.05,12.475200000000003
4,6,Hyperion,biotech,83.71,24.0
4,6,Hyperion,core_daten,92.77,24.0
4,6,Hyperion,relikte,127.6,28.300799999999995
4,7,Lusus,nahrung,25.15,10.7
4,7,Lusus,rohstoffe,29.74,32.0
4,7,Lusus,industrieteile,41.98,32.0
4,7,Lusus,energie,41.53,10.7
4,7,Lusus,luxus,74.44,55.26799999999999
4,7,Lusus,biotech,79.47,32.0
4,7,Lusus,core_daten,117.22,47.51200000000001
4,7,Lusus,relikte,138.81,32.0
4,7,Tau Ceti,nahrung,21.09,61.784000000000006
4,7,Tau Ceti,rohstoffe,26.78,18.0
4,7,Tau Ceti,industrieteile,47.37,10.399999999999995
4,7,Tau Ceti,energie,39.85,10.399999999999995
4,7,Tau Ceti,luxus,82.76,30.0
4,7,Tau Ceti,biotech,84.71,41.57099999999999
4,7,Tau Ceti,core_daten,116.57,30.0
4,7,Tau Ceti,relikte,142.02,30.0
4,7,Maui-Covenant,nahrung,21.25,35.680000000000014
4,7,Maui-Covenant,rohstoffe,27.3,20.0
4,7,Maui-Covenant,industrieteile,42.7,26.0
4,7,Maui-Covenant,energie,37.97,15.5
4,7,Maui-Covenant,luxus,80.69,17.650000000000002
4,7,Maui-Covenant,biotech,78.94,43.24799999999999
4,7,Maui-Covenant,core_daten,108.66,26.0
4,7,Maui-Covenant,relikte,145.83,26.0
4,7,Marsim,nahrung,23.44,10.5
4,7,Marsim,rohstoffe,37.5,10.5
4,7,Marsim,industrieteile,44.92,68.83500000000001
4,7,Marsim,energie,37.62,52.60100000000002
4,7,Marsim,luxus,75.17,31.0
4,7,Marsim,biotech,83.07,31.0
4,7,Marsim,core_daten,109.95,31.0
4,7,Marsim,relikte,153.05,31.0
4,7,Qom-Riyadh,nahrung,20.62,9.9
4,7,Qom-Riyadh,rohstoffe,28.31,28.0
4,7,Qom-Riyadh,industrieteile,43.67,28.0
4,7,Qom-Riyadh,energie,42.01,11.200000000000006
4,7,Qom-Riyadh,luxus,78.79,36.39299999999999
4,7,Qom-Riyadh,biotech,80.45,28.0
4,7,Qom-Riyadh,core_daten,115.96,61.571999999999996
4,7,Qom-Riyadh,relikte,150.56,28.0
4,7,Bressia,nahrung,23.62,8.620000000000001
4,7,Bressia,rohstoffe,29.58,44.77359999999999
4,7,Bressia,industrieteile,41.64,13.029999999999994
4,7,Bressia,energie,40.97,35.182199999999995
4,7,Bressia,luxus,85.45,25.0
4,7,Bressia,biotech,80.82,25.0
4,7,Bressia,core_daten,116.33,25.0
4,7,Bressia,relikte,154.95,25.0
4,7,Hebron,nahrung,24.28,5.1
4,7,Hebron,rohstoffe,29.71,26.0
4,7,Hebron,industrieteile,39.4,26.0
4,7,Hebron,energie,35.66,13.399999999999995
4,7,Hebron,luxus,76.57,35.646
4,7,Hebron,biotech,85.46,14.799999999999992
4,7,Hebron,core_daten,108.73,26.0
4,7,Hebron,relikte,152.43,26.0
4,7,Hyperion,nahrung,22.37,13.019999999999998
4,7,Hyperion,rohstoffe,27.88,34.03519999999999
4,7,Hyperion,industrieteile,44.42,24.0
4,7,Hyperion,energie,36.66,12.240000000000002
4,7,Hyperion,luxus,90.35,10.907200000000003
4,7,Hyperion,biotech,77.83,24.0
4,7,Hyperion,core_daten,105.48,24.0
4,7,Hyperion,relikte,141.83,29.017599999999995
4,8,Lusus,nahrung,25.74,10.7
4,8,Lusus,rohstoffe,29.12,32.0
4,8,Lusus,industrieteile,44.41,32.0
4,8,Lusus,energie,40.9,10.7
4,8,Lusus,luxus,82.87,58.591999999999985
4,8,Lusus,biotech,86.65,32.0
4,8,Lusus,core_daten,112.65,49.72800000000001
4,8,Lusus,relikte,149.45,32.0
4,8,Tau Ceti,nahrung,21.7,67.996
4,8,Tau Ceti,rohstoffe,28.93,18.0
4,8,Tau Ceti,industrieteile,45.88,10.3
4,8,Tau Ceti,energie,41.87,10.3
4,8,Tau Ceti,luxus,78.29,30.0
4,8,Tau Ceti,biotech,84.98,43.22399999999999
4,8,Tau Ceti,core_daten,108.44,30.0
4,8,Tau Ceti,relikte,135.95,30.0
4,8,Maui-Covenant,nahrung,19.94,25.920000000000016
4,8,Maui-Covenant,rohstoffe,27.36,14.0
4,8,Maui-Covenant,industrieteile,42.12,26.0
4,8,Maui-Covenant,energie,37.2,14.0
4,8,Maui-Covenant,luxus,79.46,16.650000000000002
4,8,Maui-Covenant,biotech,82.18,45.71199999999999
4,8,Maui-Covenant,core_daten,107.84,26.0
4,8,Maui-Covenant,relikte,145.18,26.0
4,8,Marsim,nahrung,22.25,10.5
4,8,Marsim,rohstoffe,34.85,10.5
4,8,Marsim,industrieteile,43.39,74.24000000000001
4,8,Marsim,energie,37.36,55.84400000000002
4,8,Marsim,luxus,81.49,31.0
4,8,Marsim,biotech,85.53,31.0
4,8,Marsim,core_daten,106.08,31.0
4,8,Marsim,relikte,148.89,31.0
4,8,Qom-Riyadh,nahrung,21.94,9.9
4,8,Qom-Riyadh,rohstoffe,29.83,28.0
4,8,Qom-Riyadh,industrieteile,40.62,25.299999999999994
4,8,Qom-Riyadh,energie,41.97,9.9
4,8,Qom-Riyadh,luxus,77.84,37.591999999999985
4,8,Qom-Riyadh,biotech,77.44,28.0
4,8,Qom-Riyadh,core_daten,111.41,66.368
4,8,Qom-Riyadh,relikte,152.23,28.0
4,8,Bressia,nahrung,20.43,6.280000000000001
4,8,Bressia,rohstoffe,27.71,48.098399999999984
4,8,Bressia,industrieteile,41.56,11.319999999999993
4,8,Bressia,energie,33.88,29.636799999999997
4,8,Bressia,luxus,83.87,25.0
4,8,Bressia,biotech,82.64,25.0
4,8,Bressia,core_daten,114.41,25.0
4,8,Bressia,relikte,156.76,25.0
4,8,Hebron,nahrung,21.6,2.8999999999999995
4,8,Hebron,rohstoffe,30.92,26.0
4,8,Hebron,industrieteile,44.84,26.0
4,8,Hebron,energie,41.77,11.599999999999994
4,8,Hebron,luxus,83.31,37.024
4,8,Hebron,biotech,85.06,13.199999999999992
4,8,Hebron,core_daten,102.49,26.0
4,8,Hebron,relikte,159.36,26.0
4,8,Hyperion,nahrung,21.91,11.579999999999998
4,8,Hyperion,rohstoffe,29.57,35.46879999999999
4,8,Hyperion,industrieteile,44.41,24.0
4,8,Hyperion,energie,37.7,10.560000000000002
4,8,Hyperion,luxus,86.49,9.339200000000003
4,8,Hyperion,biotech,81.12,24.0
4,8,Hyperion,core_daten,107.01,24.0
4,8,Hyperion,relikte,145.03,29.734399999999994
4,9,Lusus,nahrung,24.77,10.7
4,9,Lusus,rohstoffe,29.35,32.0
4,9,Lusus,industrieteile,44.9,32.0
4,9,Lusus,energie,42.03,10.7
4,9,Lusus,luxus,73.47,60.58719999999999
4,9,Lusus,biotech,82.02,32.0
4,9,Lusus,core_daten,113.99,51.94400000000001
4,9,Lusus,relikte,150.68,32.0
4,9,Tau Ceti,nahrung,20.23,74.20799999999998
4,9,Tau Ceti,rohstoffe,27.62,18.0
4,9,Tau Ceti,industrieteile,47.45,10.3
4,9,Tau Ceti,energie,39.31,10.3
4,9,Tau Ceti,luxus,81.55,30.0
4,9,Tau Ceti,biotech,76.35,44.87699999999999
4,9,Tau Ceti,core_daten,113.57,30.0
4,9,Tau Ceti,relikte,151.2,30.0
4,9,Maui-Covenant,nahrung,19.58,10.160000000000018
4,9,Maui-Covenant,rohstoffe,27.46,14.0
4,9,Maui-Covenant,industrieteile,45.45,26.0
4,9,Maui-Covenant,energie,37.85,12.5
4,9,Maui-Covenant,luxus,84.18,15.650000000000002
4,9,Maui-Covenant,biotech,76.31,48.17599999999999
4,9,Maui-Covenant,core_daten,112.34,26.0
4,9,Maui-Covenant,relikte,136.95,26.0
4,9,Marsim,nahrung,21.93,10.5
4,9,Marsim,rohstoffe,34.91,10.5
4,9,Marsim,industrieteile,43.4,76.84500000000001
4,9,Marsim,energie,37.12,50.687000000000026
4,9,Marsim,luxus,77.21,31.0
4,9,Marsim,biotech,80.76,31.0
4,9,Marsim,core_daten,115.19,31.0
4,9,Marsim,relikte,140.44,31.0
4,9,Qom-Riyadh,nahrung,21.08,9.9
4,9,Qom-Riyadh,rohstoffe,26.8,28.0
4,9,Qom-Riyadh,industrieteile,43.61,25.299999999999994
4,9,Qom-Riyadh,energie,41.54,9.9
4,9,Qom-Riyadh,luxus,75.9,38.79099999999998
4,9,Qom-Riyadh,biotech,81.86,28.0
4,9,Qom-Riyadh,core_daten,118.64,71.16399999999999
4,9,Qom-Riyadh,relikte,144.73,28.0
4,9,Bressia,nahrung,24.16,3.940000000000001
4,9,Bressia,rohstoffe,27.54,51.42319999999998
4,9,Bressia,industrieteile,46.13,9.609999999999992
4,9,Bressia,energie,39.47,31.091399999999997
4,9,Bressia,luxus,81.92,25.0
4,9,Bressia,biotech,83.37,25.0
4,9,Bressia,core_daten,108.43,25.0
4,9,Bressia,relikte,133.2,25.0
4,9,Hebron,nahrung,26.96,6.699999999999999
4,9,Hebron,rohstoffe,29.7,26.0
4,9,Hebron,industrieteile,41.61,26.0
4,9,Hebron,energie,41.17,9.799999999999994
4,9,Hebron,luxus,78.09,38.402
4,9,Hebron,biotech,80.4,11.599999999999993
4,9,Hebron,core_daten,114.57,26.0
4,9,Hebron,relikte,146.84,26.0
4,9,Hyperion,nahrung,20.71,10.139999999999999
4,9,Hyperion,rohstoffe,26.77,30.902399999999986
4,9,Hyperion,industrieteile,46.79,24.0
4,9,Hyperion,energie,40.21,8.880000000000003
4,9,Hyperion,luxus,88.73,9.1
4,9,Hyperion,biotech,74.7,24.0
4,9,Hyperion,core_daten,117.99,24.0
4,9,Hyperion,relikte,135.55,30.451199999999993
4,10,Lusus,nahrung,25.07,10.7
4,10,Lusus,rohstoffe,28.03,26.0
4,10,Lusus,industrieteile,44.26,32.0
4,10,Lusus,energie,39.93,10.7
4,10,Lusus,luxus,82.68,63.91119999999999
4,10,Lusus,biotech,85.21,32.0
4,10,Lusus,core_daten,111.96,54.16000000000001
4,10,Lusus,relikte,151.8,32.0
4,10,Tau Ceti,nahrung,20.88,71.32
4,10,Tau Ceti,rohstoffe,30.13,18.0
4,10,Tau Ceti,industrieteile,48.16,10.3
4,10,Tau Ceti,energie,43.61,10.3
4,10,Tau Ceti,luxus,81.19,30.0
4,10,Tau Ceti,biotech,82.89,46.52999999999999
4,10,Tau Ceti,core_daten,119.76,30.0
4,10,Tau Ceti,relikte,148.64,30.0
4,10,Maui-Covenant,nahrung,20.28,9.5
4,10,Maui-Covenant,rohstoffe,29.24,14.0
4,10,Maui-Covenant,industrieteile,40.95,23.2
4,10,Maui-Covenant,energie,38.54,9.5
4,10,Maui-Covenant,luxus,83.75,14.650000000000002
4,10,Maui-Covenant,biotech,77.97,50.639999999999986
4,10,Maui-Covenant,core_daten,111.71,26.0
4,10,Maui-Covenant,relikte,140.43,26.0
4,10,Marsim,nahrung,22.42,10.5
4,10,Marsim,rohstoffe,35.92,10.5
4,10,Marsim,industrieteile,43.53,82.25000000000001
4,10,Marsim,energie,38.95,47.03000000000003
4,10,Marsim,luxus,78.52,31.0
4,10,Marsim,biotech,83.81,31.0
4,10,Marsim,core_daten,116.27,31.0
4,10,Marsim,relikte,150.63,31.0
4,10,Qom-Riyadh,nahrung,22.91,9.9
4,10,Qom-Riyadh,rohstoffe,29.04,28.0
4,10,Qom-Riyadh,industrieteile,44.08,25.299999999999994
4,10,Qom-Riyadh,energie,41.88,9.9
4,10,Qom-Riyadh,luxus,78.73,39.98999999999998
4,10,Qom-Riyadh,biotech,84.8,28.0
4,10,Qom-Riyadh,core_daten,107.43,75.95999999999998
4,10,Qom-Riyadh,relikte,149.31,28.0
4,10,Bressia,nahrung,25.7,1.6000000000000005
4,10,Bressia,rohstoffe,28.57,54.747999999999976
4,10,Bressia,industrieteile,47.26,7.899999999999992
4,10,Bressia,energie,40.46,32.546
4,10,Bressia,luxus,83.31,25.0
4,10,Bressia,biotech,84.84,25.0
4,10,Bressia,core_daten,121.56,25.0
4,10,Bressia,relikte,155.98,25.0
4,10,Hebron,nahrung,21.92,4.499999999999999
4,10,Hebron,rohstoffe,30.46,26.0
4,10,Hebron,industrieteile,45.93,26.0
4,10,Hebron,energie,40.54,7.999999999999994
4,10,Hebron,luxus,84.91,39.78
4,10,Hebron,biotech,83.14,9.999999999999993
4,10,Hebron,core_daten,119.36,26.0
4,10,Hebron,relikte,138.28,26.0
4,10,Hyperion,nahrung,21.14,8.7
4,10,Hyperion,rohstoffe,28.48,32.335999999999984
4,10,Hyperion,industrieteile,42.15,24.0
4,10,Hyperion,energie,40.18,7.200000000000003
4,10,Hyperion,luxus,78.61,7.532
4,10,Hyperion,biotech,74.96,24.0
4,10,Hyperion,core_daten,117.8,24.0
4,10,Hyperion,relikte,138.51,31.167999999999992
4,11,Lusus,nahrung,25.83,10.299999999999999
4,11,Lusus,rohstoffe,28.55,26.0
4,11,Lusus,industrieteile,43.54,32.0
4,11,Lusus,energie,41.11,10.7
4,11,Lusus,luxus,80.16,67.23519999999999
4,11,Lusus,biotech,82.28,32.0
4,11,Lusus,core_daten,114.54,56.37600000000001
4,11,Lusus,relikte,147.74,32.0
4,11,Tau Ceti,nahrung,21.02,59.93199999999999
4,11,Tau Ceti,rohstoffe,29.37,18.0
4,11,Tau Ceti,industrieteile,49.01,10.3
4,11,Tau Ceti,energie,40.96,10.3
4,11,Tau Ceti,luxus,76.81,30.0
4,11,Tau Ceti,biotech,80.71,48.182999999999986
4,11,Tau Ceti,core_daten,113.45,30.0
4,11,Tau Ceti,relikte,140.59,30.0
4,11,Maui-Covenant,nahrung,21.1,9.5
4,11,Maui-Covenant,rohstoffe,28.53,14.0
4,11,Maui-Covenant,industrieteile,42.75,23.2
4,11,Maui-Covenant,energie,38.52,9.5
4,11,Maui-Covenant,luxus,79.68,13.650000000000002
4,11,Maui-Covenant,biotech,81.92,53.103999999999985
4,11,Maui-Covenant,core_daten,111.15,26.0
4,11,Maui-Covenant,relikte,142.25,26.0
4,11,Marsim,nahrung,23.2,10.5
4,11,Marsim,rohstoffe,36.15,10.5
4,11,Marsim,industrieteile,42.97,87.65500000000002
4,11,Marsim,energie,38.14,40.37300000000003
4,11,Marsim,luxus,80.7,31.0
4,11,Marsim,biotech,82.42,31.0
4,11,Marsim,core_daten,109.38,31.0
4,11,Marsim,relikte,144.34,31.0
4,11,Qom-Riyadh,nahrung,22.59,9.9
4,11,Qom-Riyadh,rohstoffe,28.3,28.0
4,11,Qom-Riyadh,industrieteile,42.87,25.299999999999994
4,11,Qom-Riyadh,energie,41.32,9.9
4,11,Qom-Riyadh,luxus,78.86,41.18899999999998
4,11,Qom-Riyadh,biotech,80.97,28.0
4,11,Qom-Riyadh,core_daten,112.51,80.75599999999997
4,11,Qom-Riyadh,relikte,144.89,28.0
4,11,Bressia,nahrung,31.46,8.24
4,11,Bressia,rohstoffe,27.17,52.07279999999997
4,11,Bressia,industrieteile,46.21,6.189999999999992
4,11,Bressia,energie,39.22,34.0006
4,11,Bressia,luxus,77.35,25.0
4,11,Bressia,biotech,80.65,25.0
4,11,Bressia,core_daten,118.09,25.0
4,11,Bressia,relikte,140.05,25.0
4,11,Hebron,nahrung,23.41,2.299999999999999
4,11,Hebron,rohstoffe,28.15,26.0
4,11,Hebron,industrieteile,42.61,23.2
4,11,Hebron,energie,40.22,6.199999999999994
4,11,Hebron,luxus,76.78,38.022000000000006
4,11,Hebron,biotech,87.04,9.5
4,11,Hebron,core_daten,113.42,26.0
4,11,Hebron,relikte,140.84,26.0
4,11,Hyperion,nahrung,20.67,7.259999999999999
4,11,Hyperion,rohstoffe,29.13,33.76959999999998
4,11,Hyperion,industrieteile,43.88,24.0
4,11,Hyperion,energie,40.24,5.520000000000003
4,11,Hyperion,luxus,90.15,9.1
4,11,Hyperion,biotech,79.22,22.89999999999999
4,11,Hyperion,core_daten,117.28,24.0
4,11,Hyperion,relikte,147.36,31.88479999999999
4,12,Lusus,nahrung,25.06,9.899999999999999
4,12,Lusus,rohstoffe,28.96,26.0
4,12,Lusus,industrieteile,41.76,32.0
4,12,Lusus,energie,41.6,10.7
4,12,Lusus,luxus,78.43,70.55919999999999
4,12,Lusus,biotech,79.27,32.0
4,12,Lusus,core_daten,110.56,58.59200000000001
4,12,Lusus,relikte,148.72,32.0
4,12,Tau Ceti,nahrung,21.1,48.54399999999998
4,12,Tau Ceti,rohstoffe,28.24,18.0
4,12,Tau Ceti,industrieteile,49.7,10.3
4,12,Tau Ceti,energie,39.97,10.3
4,12,Tau Ceti,luxus,79.5,30.0
4,12,Tau Ceti,biotech,82.77,49.835999999999984
4,12,Tau Ceti,core_daten,115.14,30.0
4,12,Tau Ceti,relikte,146.38,30.0
4,12,Maui-Covenant,nahrung,21.29,9.5
4,12,Maui-Covenant,rohstoffe,28.23,14.0
4,12,Maui-Covenant,industrieteile,43.59,23.2
4,12,Maui-Covenant,energie,40.08,9.5
4,12,Maui-Covenant,luxus,82.58,12.650000000000002
4,12,Maui-Covenant,biotech,79.91,55.567999999999984
4,12,Maui-Covenant,core_daten,114.06,26.0
4,12,Maui-Covenant,relikte,141.27,26.0
4,12,Marsim,nahrung,22.68,10.5
4,12,Marsim,rohstoffe,37.58,10.5
4,12,Marsim,industrieteile,41.97,93.06000000000002
4,12,Marsim,energie,37.63,33.71600000000004
4,12,Marsim,luxus,76.47,31.0
4,12,Marsim,biotech,80.73,31.0
4,12,Marsim,core_daten,112.53,31.0
4,12,Marsim,relikte,147.96,31.0
4,12,Qom-Riyadh,nahrung,22.11,9.9
4,12,Qom-Riyadh,rohstoffe,29.25,28.0
4,12,Qom-Riyadh,industrieteile,42.42,25.299999999999994
4,12,Qom-Riyadh,energie,41.71,9.9
4,12,Qom-Riyadh,luxus,78.87,42.38799999999998
4,12,Qom-Riyadh,biotech,81.55,28.0
4,12,Qom-Riyadh,core_daten,109.55,85.55199999999996
4,12,Qom-Riyadh,relikte,148.26,28.0
4,12,Bressia,nahrung,22.97,5.9
4,12,Bressia,rohstoffe,28.04,49.38177919999997
4,12,Bressia,industrieteile,48.03,9.3
4,12,Bressia,energie,36.62,25.0882784
4,12,Bressia,luxus,77.71,25.0
4,12,Bressia,biotech,78.63,25.0
4,12,Bressia,core_daten,116.72,25.0
4,12,Bressia,relikte,144.71,25.0
4,12,Hebron,nahrung,29.57,8.34
4,12,Hebron,rohstoffe,28.98,26.0
4,12,Hebron,industrieteile,41.48,15.579999999999991
4,12,Hebron,energie,43.24,9.5
4,12,Hebron,luxus,74.77,37.83200000000001
4,12,Hebron,biotech,91.06,9.5
4,12,Hebron,core_daten,114.34,26.0
4,12,Hebron,relikte,143.27,26.0
4,12,Hyperion,nahrung,21.27,5.8199999999999985
4,12,Hyperion,rohstoffe,29.51,35.20319999999998
4,12,Hyperion,industrieteile,43.18,24.0
4,12,Hyperion,energie,42.81,9.1
4,12,Hyperion,luxus,82.54,9.1
4,12,Hyperion,biotech,78.1,21.29999999999999
4,12,Hyperion,core_daten,117.35,24.0
4,12,Hyperion,relikte,140.44,32.60159999999999
4,13,Lusus,nahrung,26.36,10.7
4,13,Lusus,rohstoffe,27.61,20.0
4,13,Lusus,industrieteile,42.83,29.2
4,13,Lusus,energie,41.53,10.7
4,13,Lusus,luxus,80.28,73.88319999999999
4,13,Lusus,biotech,82.03,32.0
4,13,Lusus,core_daten,109.5,60.808000000000014
4,13,Lusus,relikte,145.99,32.0
4,13,Tau Ceti,nahrung,21.17,43.155999999999985
4,13,Tau Ceti,rohstoffe,29.45,18.0
4,13,Tau Ceti,industrieteile,47.65,10.3
4,13,Tau Ceti,energie,41.3,10.3
4,13,Tau Ceti,luxus,76.46,28.432000000000002
4,13,Tau Ceti,biotech,83.53,51.48899999999998
4,13,Tau Ceti,core_daten,110.06,30.0
4,13,Tau Ceti,relikte,146.43,30.0
4,13,Maui-Covenant,nahrung,21.45,10.54
4,13,Maui-Covenant,rohstoffe,28.66,14.0
4,13,Maui-Covenant,industrieteile,44.12,23.2
4,13,Maui-Covenant,energie,39.38,9.5
4,13,Maui-Covenant,luxus,82.9,11.650000000000002
4,13,Maui-Covenant,biotech,82.93,58.03199999999998
4,13,Maui-Covenant,core_daten,109.33,26.0
4,13,Maui-Covenant,relikte,148.85,26.0
4,13,Marsim,nahrung,23.17,10.5
4,13,Marsim,rohstoffe,36.41,10.5
4,13,Marsim,industrieteile,42.93,98.46500000000002
4,13,Marsim,energie,36.89,27.059000000000033
4,13,Marsim,luxus,77.15,31.0
4,13,Marsim,biotech,81.65,31.0
4,13,Marsim,core_daten,114.12,31.0
4,13,Marsim,relikte,143.81,31.0
4,13,Qom-Riyadh,nahrung,21.83,9.9
4,13,Qom-Riyadh,rohstoffe,27.96,28.0
4,13,Qom-Riyadh,industrieteile,42.97,25.299999999999994
4,13,Qom-Riyadh,energie,40.9,9.9
4,13,Qom-Riyadh,luxus,80.28,43.586999999999975
4,13,Qom-Riyadh,biotech,83.45,28.0
4,13,Qom-Riyadh,core_daten,108.28,90.34799999999996
4,13,Qom-Riyadh,relikte,141.94,28.0
4,13,Bressia,nahrung,22.36,3.56
4,13,Bressia,rohstoffe,27.73,52.690758399999964
4,13,Bressia,industrieteile,47.55,7.590000000000001
4,13,Bressia,energie,37.47,26.5359568
4,13,Bressia,luxus,80.67,25.0
4,13,Bressia,biotech,84.52,25.0
4,13,Bressia,core_daten,111.46,25.0
4,13,Bressia,relikte,138.66,25.0
4,13,Hebron,nahrung,21.61,6.14
4,13,Hebron,rohstoffe,28.81,26.0
4,13,Hebron,industrieteile,43.37,15.579999999999991
4,13,Hebron,energie,38.87,7.7
4,13,Hebron,luxus,80.43,39.21000000000001
4,13,Hebron,biotech,86.5,9.5
4,13,Hebron,core_daten,109.08,26.0
4,13,Hebron,relikte,145.72,26.0
4,13,Hyperion,nahrung,22.46,4.379999999999998
4,13,Hyperion,rohstoffe,29.55,36.63679999999998
4,13,Hyperion,industrieteile,42.32,24.0
4,13,Hyperion,energie,41.17,7.42
4,13,Hyperion,luxus,85.05,9.1
4,13,Hyperion,biotech,80.5,19.69999999999999
4,13,Hyperion,core_daten,117.84,24.0
4,13,Hyperion,relikte,144.66,33.31839999999999
4,14,Lusus,nahrung,25.08,10.299999999999999
4,14,Lusus,rohstoffe,29.26,20.0
4,14,Lusus,industrieteile,42.64,29.2
4,14,Lusus,energie,40.3,10.7
4,14,Lusus,luxus,75.98,75.63919999999999
4,14,Lusus,biotech,80.79,32.0
4,14,Lusus,core_daten,111.46,63.024000000000015
4,14,Lusus,relikte,141.22,32.0
4,14,Tau Ceti,nahrung,21.24,37.76799999999999
4,14,Tau Ceti,rohstoffe,28.7,18.0
4,14,Tau Ceti,industrieteile,49.61,10.3
4,14,Tau Ceti,energie,41.49,10.3
4,14,Tau Ceti,luxus,80.3,28.432000000000002
4,14,Tau Ceti,biotech,79.44,53.14199999999998
4,14,Tau Ceti,core_daten,109.35,30.0
4,14,Tau Ceti,relikte,142.49,30.0
4,14,Maui-Covenant,nahrung,20.85,9.5
4,14,Maui-Covenant,rohstoffe,27.87,14.0
4,14,Maui-Covenant,industrieteile,43.99,23.2
4,14,Maui-Covenant,energie,39.11,9.5
4,14,Maui-Covenant,luxus,84.5,10.650000000000002
4,14,Maui-Covenant,biotech,78.72,60.49599999999998
4,14,Maui-Covenant,core_daten,115.35,26.0
4,14,Maui-Covenant,relikte,143.91,26.0
4,14,Marsim,nahrung,22.69,10.5
4,14,Marsim,rohstoffe,37.47,10.5
4,14,Marsim,industrieteile,42.69,103.87000000000002
4,14,Marsim,energie,36.98,20.402000000000033
4,14,Marsim,luxus,77.47,31.0
4,14,Marsim,biotech,81.01,31.0
4,14,Marsim,core_daten,113.0,31.0
4,14,Marsim,relikte,140.29,31.0
4,14,Qom-Riyadh,nahrung,21.67,9.9
4,14,Qom-Riyadh,rohstoffe,27.68,22.0
4,14,Qom-Riyadh,industrieteile,43.68,25.299999999999994
4,14,Qom-Riyadh,energie,41.21,9.9
4,14,Qom-Riyadh,luxus,80.08,44.78599999999997
4,14,Qom-Riyadh,biotech,82.59,28.0
4,14,Qom-Riyadh,core_daten,108.45,95.14399999999995
4,14,Qom-Riyadh,relikte,143.62,28.0
4,14,Bressia,nahrung,26.73,4.499999999999999
4,14,Bressia,rohstoffe,28.26,55.99973759999996
4,14,Bressia,industrieteile,46.71,9.3
4,14,Bressia,energie,36.27,24.3836352
4,14,Bressia,luxus,82.05,25.0
4,14,Bressia,biotech,78.65,23.4
4,14,Bressia,core_daten,111.37,25.0
4,14,Bressia,relikte,143.03,25.0
4,14,Hebron,nahrung,23.19,3.9399999999999995
4,14,Hebron,rohstoffe,29.61,26.0
4,14,Hebron,industrieteile,44.06,15.579999999999991
4,14,Hebron,energie,42.56,9.5
4,14,Hebron,luxus,76.87,40.58800000000001
4,14,Hebron,biotech,92.73,9.5
4,14,Hebron,core_daten,115.12,26.0
4,14,Hebron,relikte,139.23,26.0
4,14,Hyperion,nahrung,22.96,2.9399999999999977
4,14,Hyperion,rohstoffe,29.43,38.07039999999998
4,14,Hyperion,industrieteile,40.87,17.78
4,14,Hyperion,energie,39.6,5.74
4,14,Hyperion,luxus,85.57,9.1
4,14,Hyperion,biotech,83.03,19.69999999999999
4,14,Hyperion,core_daten,113.42,24.0
4,14,Hyperion,relikte,149.98,34.03519999999999
4,15,Lusus,nahrung,26.28,10.7
4,15,Lusus,rohstoffe,32.38,20.0
4,15,Lusus,industrieteile,40.77,29.2
4,15,Lusus,energie,48.74,10.7
4,15,Lusus,luxus,89.43,78.96319999999999
4,15,Lusus,biotech,89.13,32.0
4,15,Lusus,core_daten,131.33,65.24000000000001
4,15,Lusus,relikte,154.64,32.0
4,15,Tau Ceti,nahrung,19.0,32.37999999999999
4,15,Tau Ceti,rohstoffe,34.06,18.0
4,15,Tau Ceti,industrieteile,45.26,10.3
4,15,Tau Ceti,energie,38.48,7.500000000000001
4,15,Tau Ceti,luxus,82.95,28.432000000000002
4,15,Tau Ceti,biotech,81.15,54.79499999999998
4,15,Tau Ceti,core_daten,135.89,30.0
4,15,Tau Ceti,relikte,139.85,30.0
4,15,Maui-Covenant,nahrung,24.75,10.94
4,15,Maui-Covenant,rohstoffe,28.11,9.5
4,15,Maui-Covenant,industrieteile,37.92,23.2
4,15,Maui-Covenant,energie,40.21,9.5
4,15,Maui-Covenant,luxus,89.46,9.650000000000002
4,15,Maui-Covenant,biotech,74.32,61.35999999999998
4,15,Maui-Covenant,core_daten,116.9,26.0
4,15,Maui-Covenant,relikte,141.65,26.0
4,15,Marsim,nahrung,18.16,6.9
4,15,Marsim,rohstoffe,30.47,9.0
4,15,Marsim,industrieteile,40.27,109.27500000000002
4,15,Marsim,energie,40.68,23.64500000000003
4,15,Marsim,luxus,67.52,31.0
4,15,Marsim,biotech,97.29,31.0
4,15,Marsim,core_daten,106.18,31.0
4,15,Marsim,relikte,121.27,31.0
4,15,Qom-Riyadh,nahrung,19.18,7.5
4,15,Qom-Riyadh,rohstoffe,33.52,22.0
4,15,Qom-Riyadh,industrieteile,48.91,25.299999999999994
4,15,Qom-Riyadh,energie,43.43,9.9
4,15,Qom-Riyadh,luxus,64.01,45.98499999999997
4,15,Qom-Riyadh,biotech,86.53,28.0
4,15,Qom-Riyadh,core_daten,89.58,99.93999999999994
4,15,Qom-Riyadh,relikte,129.2,28.0
4,15,Bressia,nahrung,17.72,2.159999999999999
4,15,Bressia,rohstoffe,31.36,59.30871679999996
4,15,Bressia,industrieteile,55.73,9.3
4,15,Bressia,energie,31.93,11.891313600000004
4,15,Bressia,luxus,103.35,25.0
4,15,Bressia,biotech,84.09,23.4
4,15,Bressia,core_daten,137.49,25.0
4,15,Bressia,relikte,118.04,25.0
4,15,Hebron,nahrung,29.2,7.739999999999999
4,15,Hebron,rohstoffe,30.81,26.0
4,15,Hebron,industrieteile,31.73,11.06999999999999
4,15,Hebron,energie,46.59,9.5
4,15,Hebron,luxus,91.4,41.96600000000001
4,15,Hebron,biotech,83.7,9.5
4,15,Hebron,core_daten,96.32,26.0
4,15,Hebron,relikte,106.88,26.0
4,15,Hyperion,nahrung,25.54,1.4999999999999976
4,15,Hyperion,rohstoffe,24.84,39.50399999999998
4,15,Hyperion,industrieteile,35.83,17.78
4,15,Hyperion,energie,40.48,9.1
4,15,Hyperion,luxus,65.51,7.532
4,15,Hyperion,biotech,90.37,19.69999999999999
4,15,Hyperion,core_daten,100.54,24.0
4,15,Hyperion,relikte,126.0,34.75199999999999
4,16,Lusus,nahrung,24.73,4.299999999999999
4,16,Lusus,rohstoffe,25.64,14.0
4,16,Lusus,industrieteile,47.2,29.2
4,16,Lusus,energie,48.34,10.7
4,16,Lusus,luxus,80.25,77.14559999999999
4,16,Lusus,biotech,89.08,32.0
4,16,Lusus,core_daten,126.39,67.456
4,16,Lusus,relikte,131.93,32.0
4,16,Tau Ceti,nahrung,23.99,28.571999999999985
4,16,Tau Ceti,rohstoffe,29.42,18.0
4,16,Tau Ceti,industrieteile,50.95,10.3
4,16,Tau Ceti,energie,43.96,10.3
4,16,Tau Ceti,luxus,91.39,28.432000000000002
4,16,Tau Ceti,biotech,80.84,56.44799999999998
4,16,Tau Ceti,core_daten,122.46,30.0
4,16,Tau Ceti,relikte,130.49,30.0
4,16,Maui-Covenant,nahrung,17.98,9.5
4,16,Maui-Covenant,rohstoffe,29.37,9.5
4,16,Maui-Covenant,industrieteile,48.6,23.2
4,16,Maui-Covenant,energie,33.76,8.0
4,16,Maui-Covenant,luxus,92.24,9.5
4,16,Maui-Covenant,biotech,73.42,63.82399999999998
4,16,Maui-Covenant,core_daten,94.58,26.0
4,16,Maui-Covenant,relikte,164.21,26.0
4,16,Marsim,nahrung,19.84,3.3000000000000007
4,16,Marsim,rohstoffe,39.22,10.5
4,16,Marsim,industrieteile,45.12,114.68000000000002
4,16,Marsim,energie,40.67,20.326992000000033
4,16,Marsim,luxus,87.41,31.0
4,16,Marsim,biotech,68.0,29.4
4,16,Marsim,core_daten,95.31,31.0
4,16,Marsim,relikte,133.23,31.0
4,16,Qom-Riyadh,nahrung,25.81,9.9
4,16,Qom-Riyadh,rohstoffe,33.22,22.0
4,16,Qom-Riyadh,industrieteile,41.39,25.299999999999994
4,16,Qom-Riyadh,energie,36.99,7.5
4,16,Qom-Riyadh,luxus,82.13,47.18399999999997
4,16,Qom-Riyadh,biotech,79.32,28.0
4,16,Qom-Riyadh,core_daten,89.42,104.73599999999993
4,16,Qom-Riyadh,relikte,151.75,28.0
4,16,Bressia,nahrung,40.51,9.3
4,16,Bressia,rohstoffe,31.27,62.61769599999995
4,16,Bressia,industrieteile,52.99,9.3
4,16,Bressia,energie,27.69,9.3
4,16,Bressia,luxus,84.5,25.0
4,16,Bressia,biotech,104.47,23.4
4,16,Bressia,core_daten,96.8,25.0
4,16,Bressia,relikte,129.3,25.0
4,16,Hebron,nahrung,18.87,5.539999999999999
4,16,Hebron,rohstoffe,30.23,26.0
4,16,Hebron,industrieteile,39.16,9.5
4,16,Hebron,energie,48.71,9.5
4,16,Hebron,luxus,87.07,43.34400000000001
4,16,Hebron,biotech,93.14,9.5
4,16,Hebron,core_daten,131.22,26.0
4,16,Hebron,relikte,118.95,26.0
4,16,Hyperion,nahrung,24.04,0.05999999999999739
4,16,Hyperion,rohstoffe,27.04,39.437599999999975
4,16,Hyperion,industrieteile,40.13,14.83999999999999
4,16,Hyperion,energie,38.47,7.42
4,16,Hyperion,luxus,114.75,9.1
4,16,Hyperion,biotech,73.15,19.69999999999999
4,16,Hyperion,core_daten,137.5,24.0
4,16,Hyperion,relikte,174.65,35.46879999999999
4,17,Lusus,nahrung,42.87,8.24
4,17,Lusus,rohstoffe,29.41,14.0
4,17,Lusus,industrieteile,42.62,29.2
4,17,Lusus,energie,39.75,9.96999200000003
4,17,Lusus,luxus,82.16,80.46959999999999
4,17,Lusus,biotech,81.02,32.0
4,17,Lusus,core_daten,108.22,69.672
4,17,Lusus,relikte,144.38,32.0
4,17,Tau Ceti,nahrung,19.92,14.783999999999983
4,17,Tau Ceti,rohstoffe,27.65,18.0
4,17,Tau Ceti,industrieteile,49.13,10.3
4,17,Tau Ceti,energie,41.92,10.3
4,17,Tau Ceti,luxus,74.81,23.032780000000002
4,17,Tau Ceti,biotech,83.55,58.10099999999998
4,17,Tau Ceti,core_daten,116.55,30.0
4,17,Tau Ceti,relikte,145.71,30.0
4,17,Maui-Covenant,nahrung,21.27,9.5
4,17,Maui-Covenant,rohstoffe,29.3,9.5
4,17,Maui-Covenant,industrieteile,44.33,23.2
4,17,Maui-Covenant,energie,41.2,9.5
4,17,Maui-Covenant,luxus,88.07,9.5
4,17,Maui-Covenant,biotech,81.2,66.28799999999998
4,17,Maui-Covenant,core_daten,112.36,26.0
4,17,Maui-Covenant,relikte,138.78,26.0
4,17,Marsim,nahrung,37.01,6.0
4,17,Marsim,rohstoffe,37.88,10.5
4,17,Marsim,industrieteile,43.84,120.08500000000002
4,17,Marsim,energie,38.26,10.5
4,17,Marsim,luxus,78.66,31.0
4,17,Marsim,biotech,77.03,27.799999999999997
4,17,Marsim,core_daten,114.75,31.0
4,17,Marsim,relikte,148.17,31.0
4,17,Qom-Riyadh,nahrung,21.02,9.9
4,17,Qom-Riyadh,rohstoffe,27.57,22.0
4,17,Qom-Riyadh,industrieteile,42.57,22.499999999999993
4,17,Qom-Riyadh,energie,40.0,9.9
4,17,Qom-Riyadh,luxus,83.33,48.38299999999997
4,17,Qom-Riyadh,biotech,77.24,28.0
4,17,Qom-Riyadh,core_daten,114.58,109.53199999999993
4,17,Qom-Riyadh,relikte,152.15,28.0
4,17,Bressia,nahrung,20.26,6.960000000000001
4,17,Bressia,rohstoffe,28.22,65.91192959999995
4,17,Bressia,industrieteile,45.95,7.590000000000001
4,17,Bressia,energie,41.41,10.7412272
4,17,Bressia,luxus,85.91,25.0
4,17,Bressia,biotech,83.24,23.4
4,17,Bressia,core_daten,118.29,25.0
4,17,Bressia,relikte,155.86,25.0
4,17,Hebron,nahrung,21.44,3.339999999999999
4,17,Hebron,rohstoffe,26.36,20.0
4,17,Hebron,industrieteile,44.71,9.5
4,17,Hebron,energie,43.13,7.7
4,17,Hebron,luxus,81.58,44.72200000000001
4,17,Hebron,biotech,97.78,9.5
4,17,Hebron,core_daten,105.56,26.0
4,17,Hebron,relikte,139.18,26.0
4,17,Hyperion,nahrung,27.21,6.0
4,17,Hyperion,rohstoffe,28.61,40.87119999999997
4,17,Hyperion,industrieteile,46.88,14.83999999999999
4,17,Hyperion,energie,38.32,5.74
4,17,Hyperion,luxus,86.28,9.1
4,17,Hyperion,biotech,81.66,19.69999999999999
4,17,Hyperion,core_daten,113.94,24.0
4,17,Hyperion,relikte,138.95,36.18559999999999
4,18,Lusus,nahrung,27.62,7.84
4,18,Lusus,rohstoffe,28.79,14.0
4,18,Lusus,industrieteile,40.55,29.2
4,18,Lusus,energie,42.5,6.7699920000000295
4,18,Lusus,luxus,77.22,83.77631999999998
4,18,Lusus,biotech,80.84,32.0
4,18,Lusus,core_daten,109.01,71.87648
4,18,Lusus,relikte,151.55,32.0
4,18,Tau Ceti,nahrung,20.44,15.395999999999983
4,18,Tau Ceti,rohstoffe,29.93,18.0
4,18,Tau Ceti,industrieteile,45.55,7.500000000000001
4,18,Tau Ceti,energie,41.79,7.500000000000001
4,18,Tau Ceti,luxus,75.83,20.930280000000003
4,18,Tau Ceti,biotech,85.49,59.75399999999998
4,18,Tau Ceti,core_daten,106.06,30.0
4,18,Tau Ceti,relikte,151.18,30.0
4,18,Maui-Covenant,nahrung,21.69,11.74
4,18,Maui-Covenant,rohstoffe,28.52,9.5
4,18,Maui-Covenant,industrieteile,40.43,23.2
4,18,Maui-Covenant,energie,40.67,8.0
4,18,Maui-Covenant,luxus,87.41,9.5
4,18,Maui-Covenant,biotech,84.03,68.75199999999998
4,18,Maui-Covenant,core_daten,115.4,26.0
4,18,Maui-Covenant,relikte,151.45,26.0
4,18,Marsim,nahrung,24.94,2.4000000000000004
4,18,Marsim,rohstoffe,37.91,10.5
4,18,Marsim,industrieteile,44.56,125.46660000000003
4,18,Marsim,energie,36.78,13.72896
4,18,Marsim,luxus,75.95,31.0
4,18,Marsim,biotech,79.65,26.199999999999996
4,18,Marsim,core_daten,105.64,31.0
4,18,Marsim,relikte,151.25,31.0
4,18,Qom-Riyadh,nahrung,21.14,7.5
4,18,Qom-Riyadh,rohstoffe,26.74,16.0
4,18,Qom-Riyadh,industrieteile,41.53,22.499999999999993
4,18,Qom-Riyadh,energie,40.53,7.5
4,18,Qom-Riyadh,luxus,82.39,49.581999999999965
4,18,Qom-Riyadh,biotech,80.15,28.0
4,18,Qom-Riyadh,core_daten,116.93,114.32799999999992
4,18,Qom-Riyadh,relikte,153.23,28.0
4,18,Bressia,nahrung,24.84,4.620000000000001
4,18,Bressia,rohstoffe,28.79,69.20616319999995
4,18,Bressia,industrieteile,48.95,5.880000000000001
4,18,Bressia,energie,38.24,12.182454400000001
4,18,Bressia,luxus,83.3,25.0
4,18,Bressia,biotech,84.88,23.4
4,18,Bressia,core_daten,104.28,25.0
4,18,Bressia,relikte,143.09,25.0
4,18,Hebron,nahrung,27.5,1.1399999999999988
4,18,Hebron,rohstoffe,28.13,20.0
4,18,Hebron,industrieteile,45.95,9.5
4,18,Hebron,energie,43.43,5.9
4,18,Hebron,luxus,82.5,46.10000000000001
4,18,Hebron,biotech,94.55,9.5
4,18,Hebron,core_daten,109.2,26.0
4,18,Hebron,relikte,145.53,26.0
4,18,Hyperion,nahrung,23.62,4.56
4,18,Hyperion,rohstoffe,28.03,42.29734079999997
4,18,Hyperion,industrieteile,43.72,14.83999999999999
4,18,Hyperion,energie,38.2,4.0600000000000005
4,18,Hyperion,luxus,86.14,5.80328
4,18,Hyperion,biotech,82.18,19.69999999999999
4,18,Hyperion,core_daten,105.52,24.0
4,18,Hyperion,relikte,141.32,36.898670399999986
4,19,Lusus,nahrung,31.72,1.4399999999999995
4,19,Lusus,rohstoffe,29.31,14.0
4,19,Lusus,industrieteile,41.89,29.2
4,19,Lusus,energie,44.08,3.5699920000000294
4,19,Lusus,luxus,79.16,86.84495615999998
4,19,Lusus,biotech,84.65,32.0
4,19,Lusus,core_daten,114.3,73.92223744
4,19,Lusus,relikte,143.57,32.0
4,19,Tau Ceti,nahrung,21.89,10.3
4,19,Tau Ceti,rohstoffe,29.53,18.0
4,19,Tau Ceti,industrieteile,50.38,10.3
4,19,Tau Ceti,energie,40.63,4.700000000000001
4,19,Tau Ceti,luxus,78.46,20.930280000000003
4,19,Tau Ceti,biotech,77.13,59.68798399999997
4,19,Tau Ceti,core_daten,112.46,30.0
4,19,Tau Ceti,relikte,141.97,30.0
4,19,Maui-Covenant,nahrung,19.98,9.5
4,19,Maui-Covenant,rohstoffe,27.2,9.5
4,19,Maui-Covenant,industrieteile,45.47,23.2
4,19,Maui-Covenant,energie,41.08,6.5
4,19,Maui-Covenant,luxus,85.96,9.5
4,19,Maui-Covenant,biotech,85.25,71.03859199999998
4,19,Maui-Covenant,core_daten,116.21,26.0
4,19,Maui-Covenant,relikte,138.93,26.0
4,19,Marsim,nahrung,35.72,10.31872
4,19,Marsim,rohstoffe,39.42,10.5
4,19,Marsim,industrieteile,43.92,130.46072480000004
4,19,Marsim,energie,39.36,16.72543488
4,19,Marsim,luxus,77.36,29.55
4,19,Marsim,biotech,85.24,26.199999999999996
4,19,Marsim,core_daten,113.64,31.0
4,19,Marsim,relikte,145.73,31.0
4,19,Qom-Riyadh,nahrung,22.22,5.1
4,19,Qom-Riyadh,rohstoffe,26.86,10.0
4,19,Qom-Riyadh,industrieteile,41.71,16.89999999999999
4,19,Qom-Riyadh,energie,42.1,5.1
4,19,Qom-Riyadh,luxus,81.83,50.69467199999997
4,19,Qom-Riyadh,biotech,83.43,28.0
4,19,Qom-Riyadh,core_daten,107.06,118.77868799999992
4,19,Qom-Riyadh,relikte,154.13,28.0
4,19,Bressia,nahrung,24.17,2.2800000000000007
4,19,Bressia,rohstoffe,28.97,71.81297075199996
4,19,Bressia,industrieteile,45.23,4.170000000000001
4,19,Bressia,energie,34.85,13.322932704000001
4,19,Bressia,luxus,76.33,19.42968
4,19,Bressia,biotech,85.97,23.4
4,19,Bressia,core_daten,109.48,25.0
4,19,Bressia,relikte,141.86,25.0
4,19,Hebron,nahrung,33.71,5.23193599999998
4,19,Hebron,rohstoffe,29.75,20.0
4,19,Hebron,industrieteile,45.08,9.5
4,19,Hebron,energie,38.22,4.1000000000000005
4,19,Hebron,luxus,78.73,47.229960000000005
4,19,Hebron,biotech,96.67,9.5
4,19,Hebron,core_daten,114.19,26.0
4,19,Hebron,relikte,133.97,26.0
4,19,Hyperion,nahrung,23.15,3.119999999999999
4,19,Hyperion,rohstoffe,29.6,43.466776255999974
4,19,Hyperion,industrieteile,43.68,14.83999999999999
4,19,Hyperion,energie,41.03,2.3800000000000003
4,19,Hyperion,luxus,91.18,9.1
4,19,Hyperion,biotech,88.27,19.69999999999999
4,19,Hyperion,core_daten,119.23,24.0
4,19,Hyperion,relikte,150.67,37.48338812799999
4,20,Lusus,nahrung,45.26,8.07872
4,20,Lusus,rohstoffe,29.75,14.0
4,20,Lusus,industrieteile,45.28,29.2
4,20,Lusus,energie,64.06,10.7
4,20,Lusus,luxus,77.99,89.91359231999998
4,20,Lusus,biotech,80.04,32.0
4,20,Lusus,core_daten,117.04,75.96799488
4,20,Lusus,relikte,138.46,32.0
4,20,Tau Ceti,nahrung,21.23,10.3
4,20,Tau Ceti,rohstoffe,29.74,18.0
4,20,Tau Ceti,industrieteile,49.45,10.3
4,20,Tau Ceti,energie,45.79,1.9000000000000012
4,20,Tau Ceti,luxus,82.31,20.930280000000003
4,20,Tau Ceti,biotech,78.15,59.62196799999997
4,20,Tau Ceti,core_daten,110.91,30.0
4,20,Tau Ceti,relikte,136.4,30.0
4,20,Maui-Covenant,nahrung,19.9,9.5
4,20,Maui-Covenant,rohstoffe,29.67,9.5
4,20,Maui-Covenant,industrieteile,45.1,23.2
4,20,Maui-Covenant,energie,39.99,5.0
4,20,Maui-Covenant,luxus,83.16,9.5
4,20,Maui-Covenant,biotech,83.24,73.32518399999998
4,20,Maui-Covenant,core_daten,112.25,26.0
4,20,Maui-Covenant,relikte,136.34,26.0
4,20,Marsim,nahrung,23.45,6.718720000000001
4,20,Marsim,rohstoffe,39.24,10.5
4,20,Marsim,industrieteile,39.8,131.53062880000002
4,20,Marsim,energie,39.94,10.5
4,20,Marsim,luxus,76.0,28.55
4,20,Marsim,biotech,81.04,26.199999999999996
4,20,Marsim,core_daten,108.09,31.0
4,20,Marsim,relikte,146.56,31.0
4,20,Qom-Riyadh,nahrung,22.38,2.6999999999999997
4,20,Qom-Riyadh,rohstoffe,28.91,10.0
4,20,Qom-Riyadh,industrieteile,44.57,16.89999999999999
4,20,Qom-Riyadh,energie,44.3,2.6999999999999997
4,20,Qom-Riyadh,luxus,77.45,51.80734399999997
4,20,Qom-Riyadh,biotech,80.65,28.0
4,20,Qom-Riyadh,core_daten,118.31,123.22937599999992
4,20,Qom-Riyadh,relikte,144.71,28.0
4,20,Bressia,nahrung,32.08,0.1359359999999974
4,20,Bressia,rohstoffe,30.61,74.41977830399996
4,20,Bressia,industrieteile,48.73,9.3
4,20,Bressia,energie,41.28,9.3
4,20,Bressia,luxus,84.42,19.42968
4,20,Bressia,biotech,85.43,23.4
4,20,Bressia,core_daten,120.25,25.0
4,20,Bressia,relikte,155.39,25.0
4,20,Hebron,nahrung,24.51,3.0319359999999795
4,20,Hebron,rohstoffe,29.98,20.0
4,20,Hebron,industrieteile,42.0,9.5
4,20,Hebron,energie,46.57,2.3000000000000007
4,20,Hebron,luxus,81.11,48.35444502400001
4,20,Hebron,biotech,94.1,9.5
4,20,Hebron,core_daten,121.9,26.0
4,20,Hebron,relikte,150.12,26.0
4,20,Hyperion,nahrung,23.84,1.679999999999999
4,20,Hyperion,rohstoffe,28.78,38.63621171199998
4,20,Hyperion,industrieteile,39.49,9.099999999999998
4,20,Hyperion,energie,54.43,4.740780288000033
4,20,Hyperion,luxus,79.87,7.532
4,20,Hyperion,biotech,81.93,19.69999999999999
4,20,Hyperion,core_daten,116.12,24.0
4,20,Hyperion,relikte,143.05,38.06810585599999
4,21,Lusus,nahrung,31.21,2.2907199999999985
4,21,Lusus,rohstoffe,29.36,14.0
4,21,Lusus,industrieteile,44.79,29.2
4,21,Lusus,energie,39.66,7.499999999999999
4,21,Lusus,luxus,74.42,87.90628431999997
4,21,Lusus,biotech,83.93,32.0
4,21,Lusus,core_daten,109.76,78.15752288
4,21,Lusus,relikte,136.32,32.0
4,21,Tau Ceti,nahrung,22.17,10.3
4,21,Tau Ceti,rohstoffe,29.63,18.0
4,21,Tau Ceti,industrieteile,48.98,10.3
4,21,Tau Ceti,energie,66.66,4.5977768
4,21,Tau Ceti,luxus,80.54,20.930280000000003
4,21,Tau Ceti,biotech,77.0,61.274967999999966
4,21,Tau Ceti,core_daten,107.91,30.0
4,21,Tau Ceti,relikte,136.49,30.0
4,21,Maui-Covenant,nahrung,21.26,9.5
4,21,Maui-Covenant,rohstoffe,28.85,9.5
4,21,Maui-Covenant,industrieteile,40.26,18.689999999999998
4,21,Maui-Covenant,energie,39.66,3.5
4,21,Maui-Covenant,luxus,87.51,9.5
4,21,Maui-Covenant,biotech,77.52,75.78918399999998
4,21,Maui-Covenant,core_daten,115.31,26.0
4,21,Maui-Covenant,relikte,142.39,26.0
4,21,Marsim,nahrung,25.21,3.1187200000000015
4,21,Marsim,rohstoffe,39.57,10.5
4,21,Marsim,industrieteile,41.93,136.88612880000002
4,21,Marsim,energie,36.36,10.5
4,21,Marsim,luxus,82.37,28.55
4,21,Marsim,biotech,83.77,26.199999999999996
4,21,Marsim,core_daten,110.79,31.0
4,21,Marsim,relikte,146.78,31.0
4,21,Qom-Riyadh,nahrung,29.53,0.2999999999999998
4,21,Qom-Riyadh,rohstoffe,30.69,10.0
4,21,Qom-Riyadh,industrieteile,45.0,16.89999999999999
4,21,Qom-Riyadh,energie,60.13,0.2999999999999998
4,21,Qom-Riyadh,luxus,81.88,53.00634399999997
4,21,Qom-Riyadh,biotech,82.66,28.0
4,21,Qom-Riyadh,core_daten,115.79,128.0253759999999
4,21,Qom-Riyadh,relikte,145.14,28.0
4,21,Bressia,nahrung,32.9,8.24
4,21,Bressia,rohstoffe,27.57,71.58429670399997
4,21,Bressia,industrieteile,47.22,9.3
4,21,Bressia,energie,41.38,9.3
4,21,Bressia,luxus,87.01,19.42968
4,21,Bressia,biotech,84.64,23.4
4,21,Bressia,core_daten,107.32,25.0
4,21,Bressia,relikte,155.05,25.0
4,21,Hebron,nahrung,25.56,0.8319359999999794
4,21,Hebron,rohstoffe,30.4,20.0
4,21,Hebron,industrieteile,46.96,9.5
4,21,Hebron,energie,57.62,0.5000000000000007
4,21,Hebron,luxus,75.51,49.72576822400001
4,21,Hebron,biotech,83.17,7.9
4,21,Hebron,core_daten,104.95,26.0
4,21,Hebron,relikte,153.24,26.0
4,21,Hyperion,nahrung,29.64,0.23999999999999888
4,21,Hyperion,rohstoffe,28.44,40.062352511999975
4,21,Hyperion,industrieteile,44.08,9.099999999999998
4,21,Hyperion,energie,42.26,3.0607802880000325
4,21,Hyperion,luxus,95.3,9.1
4,21,Hyperion,biotech,86.18,19.69999999999999
4,21,Hyperion,core_daten,113.9,24.0
4,21,Hyperion,relikte,148.14,38.78117625599999
4,22,Lusus,nahrung,46.84,8.24
4,22,Lusus,rohstoffe,29.57,14.0
4,22,Lusus,industrieteile,44.73,29.2
4,22,Lusus,energie,45.87,4.299999999999999
4,22,Lusus,luxus,74.64,91.19057631999996
4,22,Lusus,biotech,79.55,32.0
4,22,Lusus,core_daten,110.51,80.34705088
4,22,Lusus,relikte,146.53,32.0
4,22,Tau Ceti,nahrung,19.69,10.3
4,22,Tau Ceti,rohstoffe,29.22,18.0
4,22,Tau Ceti,industrieteile,47.48,10.3
4,22,Tau Ceti,energie,50.93,1.7977768000000003
4,22,Tau Ceti,luxus,83.85,20.930280000000003
4,22,Tau Ceti,biotech,76.77,59.72040799999996
4,22,Tau Ceti,core_daten,111.24,30.0
4,22,Tau Ceti,relikte,143.75,30.0
4,22,Maui-Covenant,nahrung,19.85,9.5
4,22,Maui-Covenant,rohstoffe,28.49,9.5
4,22,Maui-Covenant,industrieteile,43.9,18.689999999999998
4,22,Maui-Covenant,energie,44.55,2.0
4,22,Maui-Covenant,luxus,88.06,9.5
4,22,Maui-Covenant,biotech,80.33,78.25318399999998
4,22,Maui-Covenant,core_daten,118.45,26.0
4,22,Maui-Covenant,relikte,142.09,26.0
4,22,Marsim,nahrung,36.67,0.5817599999999992
4,22,Marsim,rohstoffe,35.35,10.5
4,22,Marsim,industrieteile,39.78,137.7316288
4,22,Marsim,energie,38.68,10.5
4,22,Marsim,luxus,77.76,28.55
4,22,Marsim,biotech,81.51,26.199999999999996
4,22,Marsim,core_daten,118.14,31.0
4,22,Marsim,relikte,144.09,31.0
4,22,Qom-Riyadh,nahrung,30.27,0.0
4,22,Qom-Riyadh,rohstoffe,28.98,10.0
4,22,Qom-Riyadh,industrieteile,42.7,16.89999999999999
4,22,Qom-Riyadh,energie,63.77,0.0
4,22,Qom-Riyadh,luxus,75.28,54.20534399999997
4,22,Qom-Riyadh,biotech,85.64,28.0
4,22,Qom-Riyadh,core_daten,107.07,132.8213759999999
4,22,Qom-Riyadh,relikte,141.47,28.0
4,22,Bressia,nahrung,22.41,5.9
4,22,Bressia,rohstoffe,29.17,74.73018330111996
4,22,Bressia,industrieteile,46.76,9.3
4,22,Bressia,energie,35.74,9.3
4,22,Bressia,luxus,76.01,19.42968
4,22,Bressia,biotech,81.25,23.4
4,22,Bressia,core_daten,104.17,25.0
4,22,Bressia,relikte,143.65,25.0
4,22,Hebron,nahrung,29.14,0.0
4,22,Hebron,rohstoffe,26.42,14.0
4,22,Hebron,industrieteile,46.08,9.5
4,22,Hebron,energie,65.5,4.58962538624
4,22,Hebron,luxus,74.44,48.994591424000006
4,22,Hebron,biotech,87.84,9.5
4,22,Hebron,core_daten,103.44,26.0
4,22,Hebron,relikte,146.85,26.0
4,22,Hyperion,nahrung,31.5,0.0
4,22,Hyperion,rohstoffe,29.37,41.488493311999974
4,22,Hyperion,industrieteile,41.05,9.099999999999998
4,22,Hyperion,energie,48.33,1.3807802880000324
4,22,Hyperion,luxus,80.93,5.80328
4,22,Hyperion,biotech,87.02,19.69999999999999
4,22,Hyperion,core_daten,118.49,24.0
4,22,Hyperion,relikte,132.26,39.49424665599999
4,23,Lusus,nahrung,30.96,1.8399999999999999
4,23,Lusus,rohstoffe,28.17,12.5
4,23,Lusus,industrieteile,45.0,29.2
4,23,Lusus,energie,53.24,1.0999999999999988
4,23,Lusus,luxus,77.24,94.45397161599996
4,23,Lusus,biotech,79.45,32.0
4,23,Lusus,core_daten,110.76,82.522647744
4,23,Lusus,relikte,150.16,32.0
4,23,Tau Ceti,nahrung,20.95,10.3
4,23,Tau Ceti,rohstoffe,29.74,18.0
4,23,Tau Ceti,industrieteile,46.4,10.3
4,23,Tau Ceti,energie,69.37,4.5752590822400006
4,23,Tau Ceti,luxus,84.05,20.930280000000003
4,23,Tau Ceti,biotech,84.83,61.365847999999964
4,23,Tau Ceti,core_daten,105.68,30.0
4,23,Tau Ceti,relikte,153.21,30.0
4,23,Maui-Covenant,nahrung,21.78,9.5
4,23,Maui-Covenant,rohstoffe,27.73,9.5
4,23,Maui-Covenant,industrieteile,42.01,18.689999999999998
4,23,Maui-Covenant,energie,54.71,0.5
4,23,Maui-Covenant,luxus,85.03,9.5
4,23,Maui-Covenant,biotech,82.59,80.71718399999997
4,23,Maui-Covenant,core_daten,118.91,26.0
4,23,Maui-Covenant,relikte,136.84,26.0
4,23,Marsim,nahrung,36.26,8.24
4,23,Marsim,rohstoffe,36.77,10.5
4,23,Marsim,industrieteile,44.05,143.06318496
4,23,Marsim,energie,35.55,10.5
4,23,Marsim,luxus,74.36,27.956560000000003
4,23,Marsim,biotech,77.59,26.199999999999996
4,23,Marsim,core_daten,113.2,31.0
4,23,Marsim,relikte,144.34,31.0
4,23,Qom-Riyadh,nahrung,32.46,0.5817599999999992
4,23,Qom-Riyadh,rohstoffe,29.0,10.0
4,23,Qom-Riyadh,industrieteile,41.73,14.09999999999999
4,23,Qom-Riyadh,energie,65.98,0.0
4,23,Qom-Riyadh,luxus,81.19,55.39167199999997
4,23,Qom-Riyadh,biotech,82.04,28.0
4,23,Qom-Riyadh,core_daten,106.99,137.5666879999999
4,23,Qom-Riyadh,relikte,150.74,28.0
4,23,Bressia,nahrung,23.72,3.56
4,23,Bressia,rohstoffe,29.22,77.87606989823996
4,23,Bressia,industrieteile,47.38,7.590000000000001
4,23,Bressia,energie,41.15,9.3
4,23,Bressia,luxus,86.8,19.42968
4,23,Bressia,biotech,80.8,23.4
4,23,Bressia,core_daten,120.74,25.0
4,23,Bressia,relikte,145.87,25.0
4,23,Hebron,nahrung,30.43,0.0
4,23,Hebron,rohstoffe,26.45,9.5
4,23,Hebron,industrieteile,44.41,9.5
4,23,Hebron,energie,44.7,2.78962538624
4,23,Hebron,luxus,74.31,42.249633534080004
4,23,Hebron,biotech,98.93,9.5
4,23,Hebron,core_daten,122.23,26.0
4,23,Hebron,relikte,152.22,26.0
4,23,Hyperion,nahrung,30.94,0.0
4,23,Hyperion,rohstoffe,28.76,42.90732611199997
4,23,Hyperion,industrieteile,45.98,9.099999999999998
4,23,Hyperion,energie,61.89,0.0
4,23,Hyperion,luxus,87.99,9.1
4,23,Hyperion,biotech,76.15,18.099999999999987
4,23,Hyperion,core_daten,122.96,24.0
4,23,Hyperion,relikte,147.02,40.20366305599999
4,24,Lusus,nahrung,48.53,8.24
4,24,Lusus,rohstoffe,28.76,12.5
4,24,Lusus,industrieteile,42.65,29.2
4,24,Lusus,energie,75.28,4.55632625024
4,24,Lusus,luxus,80.44,97.71736691199996
4,24,Lusus,biotech,83.65,32.0
4,24,Lusus,core_daten,114.26,84.698244608
4,24,Lusus,relikte,140.04,32.0
4,24,Tau Ceti,nahrung,21.16,10.3
4,24,Tau Ceti,rohstoffe,27.59,18.0
4,24,Tau Ceti,industrieteile,48.9,10.3
4,24,Tau Ceti,energie,49.22,1.7752590822400007
4,24,Tau Ceti,luxus,81.23,20.930280000000003
4,24,Tau Ceti,biotech,79.86,63.003635999119965
4,24,Tau Ceti,core_daten,118.45,30.0
4,24,Tau Ceti,relikte,147.73,30.0
4,24,Maui-Covenant,nahrung,20.91,9.5
4,24,Maui-Covenant,rohstoffe,29.32,9.5
4,24,Maui-Covenant,industrieteile,42.75,18.689999999999998
4,24,Maui-Covenant,energie,60.21,0.0
4,24,Maui-Covenant,luxus,81.93,9.5
4,24,Maui-Covenant,biotech,84.66,83.18118399999997
4,24,Maui-Covenant,core_daten,113.1,26.0
4,24,Maui-Covenant,relikte,151.9,26.0
4,24,Marsim,nahrung,24.2,4.640000000000001
4,24,Marsim,rohstoffe,36.87,10.5
4,24,Marsim,industrieteile,42.25,145.56318639999998
4,24,Marsim,energie,37.56,10.5
4,24,Marsim,luxus,80.85,27.956560000000003
4,24,Marsim,biotech,85.41,26.199999999999996
4,24,Marsim,core_daten,105.73,31.0
4,24,Marsim,relikte,140.23,31.0
4,24,Qom-Riyadh,nahrung,33.3,0.0
4,24,Qom-Riyadh,rohstoffe,29.52,10.0
4,24,Qom-Riyadh,industrieteile,42.72,14.09999999999999
4,24,Qom-Riyadh,energie,66.06,0.0
4,24,Qom-Riyadh,luxus,78.46,56.56493199999997
4,24,Qom-Riyadh,biotech,83.05,28.0
4,24,Qom-Riyadh,core_daten,114.46,142.2597279999999
4,24,Qom-Riyadh,relikte,142.31,28.0
4,24,Bressia,nahrung,27.64,1.2199999999999998
4,24,Bressia,rohstoffe,27.7,81.02195649535996
4,24,Bressia,industrieteile,43.74,5.880000000000001
4,24,Bressia,energie,35.36,9.3
4,24,Bressia,luxus,85.34,19.42968
4,24,Bressia,biotech,75.87,21.799999999999997
4,24,Bressia,core_daten,116.06,25.0
4,24,Bressia,relikte,145.61,25.0
4,24,Hebron,nahrung,34.48,0.551151996479998
4,24,Hebron,rohstoffe,27.05,9.5
4,24,Hebron,industrieteile,39.47,9.5
4,24,Hebron,energie,50.5,0.98962538624
4,24,Hebron,luxus,73.76,39.87600964416001
4,24,Hebron,biotech,89.81,9.5
4,24,Hebron,core_daten,121.4,26.0
4,24,Hebron,relikte,149.47,26.0
4,24,Hyperion,nahrung,28.26,0.0
4,24,Hyperion,rohstoffe,25.71,38.31209796744189
4,24,Hyperion,industrieteile,41.69,9.099999999999998
4,24,Hyperion,energie,62.84,0.0
4,24,Hyperion,luxus,82.52,9.1
4,24,Hyperion,biotech,78.65,18.099999999999987
4,24,Hyperion,core_daten,102.82,24.0
4,24,Hyperion,relikte,140.3,40.90604898372095
4,25,Lusus,nahrung,25.34,1.8399999999999999
4,25,Lusus,rohstoffe,25.84,12.5
4,25,Lusus,industrieteile,49.62,29.2
4,25,Lusus,energie,42.07,1.3563262502399995
4,25,Lusus,luxus,89.18,100.94177420799996
4,25,Lusus,biotech,74.96,32.0
4,25,Lusus,core_daten,120.85,86.847849472
4,25,Lusus,relikte,148.23,32.0
4,25,Tau Ceti,nahrung,20.43,10.3
4,25,Tau Ceti,rohstoffe,23.69,12.0
4,25,Tau Ceti,industrieteile,45.09,10.3
4,25,Tau Ceti,energie,73.13,4.55632625024
4,25,Tau Ceti,luxus,89.66,20.930280000000003
4,25,Tau Ceti,biotech,73.47,64.64142399823996
4,25,Tau Ceti,core_daten,122.18,30.0
4,25,Tau Ceti,relikte,121.7,30.0
4,25,Maui-Covenant,nahrung,24.22,9.5
4,25,Maui-Covenant,rohstoffe,31.23,9.5
4,25,Maui-Covenant,industrieteile,43.61,10.759999999999998
4,25,Maui-Covenant,energie,51.41,0.0
4,25,Maui-Covenant,luxus,72.29,9.5
4,25,Maui-Covenant,biotech,89.25,85.63396399999998
4,25,Maui-Covenant,core_daten,111.5,26.0
4,25,Maui-Covenant,relikte,151.12,26.0
4,25,Marsim,nahrung,26.27,1.040000000000001
4,25,Marsim,rohstoffe,32.85,10.5
4,25,Marsim,industrieteile,47.48,150.86318783999997
4,25,Marsim,energie,44.87,10.5
4,25,Marsim,luxus,66.08,26.956560000000003
4,25,Marsim,biotech,83.75,26.199999999999996
4,25,Marsim,core_daten,90.78,31.0
4,25,Marsim,relikte,160.21,31.0
4,25,Qom-Riyadh,nahrung,31.43,0.551151996479998
4,25,Qom-Riyadh,rohstoffe,32.92,10.0
4,25,Qom-Riyadh,industrieteile,49.12,14.09999999999999
4,25,Qom-Riyadh,energie,70.51,0.0
4,25,Qom-Riyadh,luxus,75.16,57.72550796159997
4,25,Qom-Riyadh,biotech,67.86,26.4
4,25,Qom-Riyadh,core_daten,96.76,146.90203184639992
4,25,Qom-Riyadh,relikte,125.24,28.0
4,25,Bressia,nahrung,40.21,8.229800000000001
4,25,Bressia,rohstoffe,28.06,84.16784309247996
4,25,Bressia,industrieteile,61.52,9.3
4,25,Bressia,energie,31.24,9.3
4,25,Bressia,luxus,73.63,19.42968
4,25,Bressia,biotech,109.53,21.799999999999997
4,25,Bressia,core_daten,100.8,25.0
4,25,Bressia,relikte,110.96,25.0
4,25,Hebron,nahrung,24.51,0.0
4,25,Hebron,rohstoffe,36.5,9.5
4,25,Hebron,industrieteile,54.46,9.5
4,25,Hebron,energie,54.25,0.0
4,25,Hebron,luxus,82.95,41.21841975424001
4,25,Hebron,biotech,82.5,9.5
4,25,Hebron,core_daten,91.63,26.0
4,25,Hebron,relikte,143.71,26.0
4,25,Hyperion,nahrung,28.15,0.0
4,25,Hyperion,rohstoffe,30.16,39.701649022883814
4,25,Hyperion,industrieteile,31.45,9.099999999999998
4,25,Hyperion,energie,62.49,0.0
4,25,Hyperion,luxus,67.37,7.532
4,25,Hyperion,biotech,99.95,18.099999999999987
4,25,Hyperion,core_daten,125.41,24.0
4,25,Hyperion,relikte,183.72,41.60082451144191
4,26,Lusus,nahrung,41.73,8.219
4,26,Lusus,rohstoffe,33.24,12.5
4,26,Lusus,industrieteile,40.8,29.2
4,26,Lusus,energie,73.01,0.0
4,26,Lusus,luxus,82.46,104.16618150399995
4,26,Lusus,biotech,74.01,32.0
4,26,Lusus,core_daten,94.42,88.99745433599999
4,26,Lusus,relikte,118.38,32.0
4,26,Tau Ceti,nahrung,23.14,10.3
4,26,Tau Ceti,rohstoffe,32.47,12.0
4,26,Tau Ceti,industrieteile,39.0,7.500000000000001
4,26,Tau Ceti,energie,52.06,1.7563262502399999
4,26,Tau Ceti,luxus,73.9,20.930280000000003
4,26,Tau Ceti,biotech,88.59,66.27153973053397
4,26,Tau Ceti,core_daten,101.69,30.0
4,26,Tau Ceti,relikte,161.94,30.0
4,26,Maui-Covenant,nahrung,17.0,9.5
4,26,Maui-Covenant,rohstoffe,27.93,9.5
4,26,Maui-Covenant,industrieteile,40.9,10.759999999999998
4,26,Maui-Covenant,energie,60.82,0.0
4,26,Maui-Covenant,luxus,93.45,9.5
4,26,Maui-Covenant,biotech,82.54,88.07486399999998
4,26,Maui-Covenant,core_daten,122.52,26.0
4,26,Maui-Covenant,relikte,173.08,26.0
4,26,Marsim,nahrung,39.01,0.0
4,26,Marsim,rohstoffe,44.5,10.5
4,26,Marsim,industrieteile,49.07,156.16318927999995
4,26,Marsim,energie,44.5,10.5
4,26,Marsim,luxus,79.98,26.956560000000003
4,26,Marsim,biotech,96.89,26.199999999999996
4,26,Marsim,core_daten,123.62,31.0
4,26,Marsim,relikte,134.52,31.0
4,26,Qom-Riyadh,nahrung,33.52,0.0
4,26,Qom-Riyadh,rohstoffe,33.03,10.0
4,26,Qom-Riyadh,industrieteile,47.61,14.09999999999999
4,26,Qom-Riyadh,energie,76.37,4.54908545024
4,26,Qom-Riyadh,luxus,65.1,58.87301592319997
4,26,Qom-Riyadh,biotech,90.73,26.4
4,26,Qom-Riyadh,core_daten,116.88,151.49206369279992
4,26,Qom-Riyadh,relikte,125.47,28.0
4,26,Bressia,nahrung,24.12,5.889800000000001
4,26,Bressia,rohstoffe,32.49,87.29717928959995
4,26,Bressia,industrieteile,41.17,7.590000000000001
4,26,Bressia,energie,37.37,9.3
4,26,Bressia,luxus,56.11,15.293680000000002
4,26,Bressia,biotech,72.86,21.799999999999997
4,26,Bressia,core_daten,139.72,25.0
4,26,Bressia,relikte,179.47,25.0
4,26,Hebron,nahrung,37.89,0.0
4,26,Hebron,rohstoffe,36.35,9.5
4,26,Hebron,industrieteile,55.94,9.5
4,26,Hebron,energie,64.57,0.0
4,26,Hebron,luxus,98.83,42.54721167067853
4,26,Hebron,biotech,81.38,9.5
4,26,Hebron,core_daten,136.89,26.0
4,26,Hebron,relikte,159.75,26.0
4,26,Hyperion,nahrung,39.32,0.5204629291760625
4,26,Hyperion,rohstoffe,31.22,35.07597927832573
4,26,Hyperion,industrieteile,59.15,9.099999999999998
4,26,Hyperion,energie,57.28,0.0
4,26,Hyperion,luxus,101.06,9.1
4,26,Hyperion,biotech,70.22,16.499999999999986
4,26,Hyperion,core_daten,126.11,24.0
4,26,Hyperion,relikte,131.49,42.287989639162866
4,27,Lusus,nahrung,30.98,1.818999999999999
4,27,Lusus,rohstoffe,30.16,10.7
4,27,Lusus,industrieteile,42.37,20.18
4,27,Lusus,energie,74.75,4.53097745024
4,27,Lusus,luxus,82.65,107.35206218725038
4,27,Lusus,biotech,77.51,32.0
4,27,Lusus,core_daten,115.97,91.12137479150027
4,27,Lusus,relikte,149.61,32.0
4,27,Tau Ceti,nahrung,20.53,10.3
4,27,Tau Ceti,rohstoffe,29.31,10.3
4,27,Tau Ceti,industrieteile,49.15,10.3
4,27,Tau Ceti,energie,70.8,0.0
4,27,Tau Ceti,luxus,81.91,20.930280000000003
4,27,Tau Ceti,biotech,81.05,67.90165546282799
4,27,Tau Ceti,core_daten,113.16,30.0
4,27,Tau Ceti,relikte,138.96,30.0
4,27,Maui-Covenant,nahrung,21.9,9.5
4,27,Maui-Covenant,rohstoffe,28.96,9.5
4,27,Maui-Covenant,industrieteile,42.98,10.759999999999998
4,27,Maui-Covenant,energie,60.76,0.0
4,27,Maui-Covenant,luxus,83.2,9.5
4,27,Maui-Covenant,biotech,85.57,90.50388399999997
4,27,Maui-Covenant,core_daten,109.29,26.0
4,27,Maui-Covenant,relikte,144.72,26.0
4,27,Marsim,nahrung,34.66,8.2082
4,27,Marsim,rohstoffe,35.29,8.0
4,27,Marsim,industrieteile,43.44,161.43301071999994
4,27,Marsim,energie,37.29,10.5
4,27,Marsim,luxus,82.45,26.956560000000003
4,27,Marsim,biotech,79.88,26.199999999999996
4,27,Marsim,core_daten,116.48,31.0
4,27,Marsim,relikte,145.66,31.0
4,27,Qom-Riyadh,nahrung,33.87,0.5204629291760625
4,27,Qom-Riyadh,rohstoffe,28.62,10.0
4,27,Qom-Riyadh,industrieteile,44.24,14.09999999999999
4,27,Qom-Riyadh,energie,47.81,2.14908545024
4,27,Qom-Riyadh,luxus,75.73,59.00781964511765
4,27,Qom-Riyadh,biotech,79.93,26.4
4,27,Qom-Riyadh,core_daten,112.84,156.03127858047063
4,27,Qom-Riyadh,relikte,153.99,28.0
4,27,Bressia,nahrung,23.29,3.5498000000000007
4,27,Bressia,rohstoffe,28.91,90.42651548671995
4,27,Bressia,industrieteile,50.52,9.3
4,27,Bressia,energie,39.18,9.3
4,27,Bressia,luxus,81.12,15.293680000000002
4,27,Bressia,biotech,87.22,21.799999999999997
4,27,Bressia,core_daten,116.31,25.0
4,27,Bressia,relikte,142.79,25.0
4,27,Hebron,nahrung,33.71,0.0
4,27,Hebron,rohstoffe,29.98,9.5
4,27,Hebron,industrieteile,41.45,9.5
4,27,Hebron,energie,67.22,0.0
4,27,Hebron,luxus,82.61,43.86118358711705
4,27,Hebron,biotech,82.83,7.9
4,27,Hebron,core_daten,116.54,26.0
4,27,Hebron,relikte,157.26,26.0
4,27,Hyperion,nahrung,28.13,0.0
4,27,Hyperion,rohstoffe,28.47,36.43508873376765
4,27,Hyperion,industrieteile,46.93,9.099999999999998
4,27,Hyperion,energie,61.29,0.0
4,27,Hyperion,luxus,82.21,7.532
4,27,Hyperion,biotech,86.75,16.499999999999986
4,27,Hyperion,core_daten,126.26,24.0
4,27,Hyperion,relikte,158.08,42.96754436688383
4,28,Lusus,nahrung,48.2,8.1974
4,28,Lusus,rohstoffe,27.01,10.7
4,28,Lusus,industrieteile,41.44,19.86999999999999
4,28,Lusus,energie,53.48,1.3309774502399998
4,28,Lusus,luxus,79.99,110.51868287050081
4,28,Lusus,biotech,85.55,32.0
4,28,Lusus,core_daten,110.42,93.23245524700056
4,28,Lusus,relikte,142.25,32.0
4,28,Tau Ceti,nahrung,20.9,10.3
4,28,Tau Ceti,rohstoffe,29.58,10.3
4,28,Tau Ceti,industrieteile,50.02,10.3
4,28,Tau Ceti,energie,71.29,4.51099745024
4,28,Tau Ceti,luxus,82.51,20.930280000000003
4,28,Tau Ceti,biotech,79.56,69.52408188874722
4,28,Tau Ceti,core_daten,107.7,30.0
4,28,Tau Ceti,relikte,140.11,30.0
4,28,Maui-Covenant,nahrung,20.86,9.5
4,28,Maui-Covenant,rohstoffe,28.56,9.5
4,28,Maui-Covenant,industrieteile,44.13,10.759999999999998
4,28,Maui-Covenant,energie,61.67,0.0
4,28,Maui-Covenant,luxus,87.89,9.5
4,28,Maui-Covenant,biotech,82.38,92.92102399999997
4,28,Maui-Covenant,core_daten,110.1,26.0
4,28,Maui-Covenant,relikte,142.02,26.0
4,28,Marsim,nahrung,24.73,4.6082
4,28,Marsim,rohstoffe,45.77,10.5
4,28,Marsim,industrieteile,42.57,166.66953215999993
4,28,Marsim,energie,35.72,10.5
4,28,Marsim,luxus,77.19,26.956560000000003
4,28,Marsim,biotech,81.41,26.199999999999996
4,28,Marsim,core_daten,109.48,31.0
4,28,Marsim,relikte,152.21,31.0
4,28,Qom-Riyadh,nahrung,32.26,0.489705703676929
4,28,Qom-Riyadh,rohstoffe,28.71,10.0
4,28,Qom-Riyadh,industrieteile,41.15,9.899999999999999
4,28,Qom-Riyadh,energie,62.97,0.0
4,28,Qom-Riyadh,luxus,73.48,56.00008936703533
4,28,Qom-Riyadh,biotech,77.07,23.2
4,28,Qom-Riyadh,core_daten,113.93,160.54435746814133
4,28,Qom-Riyadh,relikte,144.14,28.0
4,28,Bressia,nahrung,26.56,1.2098000000000004
4,28,Bressia,rohstoffe,31.11,87.55585168383995
4,28,Bressia,industrieteile,51.79,9.3
4,28,Bressia,energie,39.4,9.3
4,28,Bressia,luxus,85.85,15.293680000000002
4,28,Bressia,biotech,82.76,21.799999999999997
4,28,Bressia,core_daten,123.12,25.0
4,28,Bressia,relikte,153.8,25.0
4,28,Hebron,nahrung,30.32,0.0
4,28,Hebron,rohstoffe,29.41,9.5
4,28,Hebron,industrieteile,39.94,9.5
4,28,Hebron,energie,57.0,0.0
4,28,Hebron,luxus,85.03,45.16033550355557
4,28,Hebron,biotech,96.39,9.5
4,28,Hebron,core_daten,110.6,26.0
4,28,Hebron,relikte,136.16,26.0
4,28,Hyperion,nahrung,31.74,0.0
4,28,Hyperion,rohstoffe,31.18,35.279414578070075
4,28,Hyperion,industrieteile,51.06,9.099999999999998
4,28,Hyperion,energie,68.47,0.0
4,28,Hyperion,luxus,95.6,9.1
4,28,Hyperion,biotech,89.52,16.499999999999986
4,28,Hyperion,core_daten,135.34,24.0
4,28,Hyperion,relikte,145.97,43.639707289035044
4,29,Lusus,nahrung,31.0,1.7973999999999997
4,29,Lusus,rohstoffe,28.95,10.7
4,29,Lusus,industrieteile,43.94,19.86999999999999
4,29,Lusus,energie,70.34,4.51099745024
4,29,Lusus,luxus,77.97,113.66355775375125
4,29,Lusus,biotech,76.6,30.4
4,29,Lusus,core_daten,107.71,95.32903850250085
4,29,Lusus,relikte,150.55,32.0
4,29,Tau Ceti,nahrung,20.68,16.752625703676927
4,29,Tau Ceti,rohstoffe,27.62,10.3
4,29,Tau Ceti,industrieteile,47.74,7.500000000000001
4,29,Tau Ceti,energie,48.8,1.7109974502399998
4,29,Tau Ceti,luxus,82.46,20.930280000000003
4,29,Tau Ceti,biotech,77.86,71.13723831466645
4,29,Tau Ceti,core_daten,112.16,30.0
4,29,Tau Ceti,relikte,152.73,30.0
4,29,Maui-Covenant,nahrung,20.98,9.5
4,29,Maui-Covenant,rohstoffe,28.93,9.5
4,29,Maui-Covenant,industrieteile,43.18,10.759999999999998
4,29,Maui-Covenant,energie,56.55,0.0
4,29,Maui-Covenant,luxus,79.85,8.5
4,29,Maui-Covenant,biotech,83.2,95.32628399999997
4,29,Maui-Covenant,core_daten,108.51,26.0
4,29,Maui-Covenant,relikte,153.51,26.0
4,29,Marsim,nahrung,29.92,1.0082000000000004
4,29,Marsim,rohstoffe,37.38,4.5
4,29,Marsim,industrieteile,41.09,171.90605359999992
4,29,Marsim,energie,39.28,10.5
4,29,Marsim,luxus,83.29,26.956560000000003
4,29,Marsim,biotech,86.24,26.199999999999996
4,29,Marsim,core_daten,112.93,31.0
4,29,Marsim,relikte,147.08,31.0
4,29,Qom-Riyadh,nahrung,31.56,0.0
4,29,Qom-Riyadh,rohstoffe,27.44,10.0
4,29,Qom-Riyadh,industrieteile,41.59,9.899999999999999
4,29,Qom-Riyadh,energie,63.02,0.0
4,29,Qom-Riyadh,luxus,79.31,57.11705299088342
4,29,Qom-Riyadh,biotech,78.15,23.2
4,29,Qom-Riyadh,core_daten,116.39,165.0122119635337
4,29,Qom-Riyadh,relikte,145.39,28.0
4,29,Bressia,nahrung,31.29,0.0
4,29,Bressia,rohstoffe,28.8,90.68518788095994
4,29,Bressia,industrieteile,47.64,7.590000000000001
4,29,Bressia,energie,40.51,9.3
4,29,Bressia,luxus,84.45,15.293680000000002
4,29,Bressia,biotech,80.0,21.799999999999997
4,29,Bressia,core_daten,116.46,25.0
4,29,Bressia,relikte,153.55,25.0
4,29,Hebron,nahrung,34.8,2.1866000000000003
4,29,Hebron,rohstoffe,31.46,9.5
4,29,Hebron,industrieteile,40.52,9.5
4,29,Hebron,energie,64.8,0.0
4,29,Hebron,luxus,73.81,44.8766674199941
4,29,Hebron,biotech,94.64,9.5
4,29,Hebron,core_daten,125.8,26.0
4,29,Hebron,relikte,139.71,26.0
4,29,Hyperion,nahrung,31.83,0.0
4,29,Hyperion,rohstoffe,31.3,36.608519622372505
4,29,Hyperion,industrieteile,49.75,9.099999999999998
4,29,Hyperion,energie,65.69,0.0
4,29,Hyperion,luxus,89.29,9.1
4,29,Hyperion,biotech,92.51,16.499999999999986
4,29,Hyperion,core_daten,116.92,24.0
4,29,Hyperion,relikte,142.02,44.304259811186256
4,30,Lusus,nahrung,44.22,2.175799999999999
4,30,Lusus,rohstoffe,29.44,10.7
4,30,Lusus,industrieteile,42.74,19.86999999999999
4,30,Lusus,energie,54.02,1.3109974502399995
4,30,Lusus,luxus,76.53,113.22356839641212
4,30,Lusus,biotech,82.77,30.4
4,30,Lusus,core_daten,108.26,97.41437893094142
4,30,Lusus,relikte,141.91,32.0
4,30,Tau Ceti,nahrung,21.43,23.205251407353856
4,30,Tau Ceti,rohstoffe,28.86,10.3
4,30,Tau Ceti,industrieteile,51.3,10.3
4,30,Tau Ceti,energie,69.33,0.0
4,30,Tau Ceti,luxus,76.94,20.930280000000003
4,30,Tau Ceti,biotech,78.69,72.75039474058568
4,30,Tau Ceti,core_daten,109.09,30.0
4,30,Tau Ceti,relikte,147.15,30.0
4,30,Maui-Covenant,nahrung,20.97,9.5
4,30,Maui-Covenant,rohstoffe,28.67,9.5
4,30,Maui-Covenant,industrieteile,42.78,10.759999999999998
4,30,Maui-Covenant,energie,60.87,0.0
4,30,Maui-Covenant,luxus,82.52,9.5
4,30,Maui-Covenant,biotech,79.35,96.11966399999997
4,30,Maui-Covenant,core_daten,112.04,26.0
4,30,Maui-Covenant,relikte,147.09,26.0
4,30,Marsim,nahrung,36.71,0.0
4,30,Marsim,rohstoffe,79.96,10.5
4,30,Marsim,industrieteile,42.53,168.12257503999993
4,30,Marsim,energie,37.44,10.5
4,30,Marsim,luxus,79.8,26.956560000000003
4,30,Marsim,biotech,81.17,26.199999999999996
4,30,Marsim,core_daten,112.19,31.0
4,30,Marsim,relikte,147.57,31.0
4,30,Qom-Riyadh,nahrung,32.89,0.0
4,30,Qom-Riyadh,rohstoffe,29.06,10.0
4,30,Qom-Riyadh,industrieteile,42.45,9.899999999999999
4,30,Qom-Riyadh,energie,67.46,0.0
4,30,Qom-Riyadh,luxus,79.78,58.22127182049594
4,30,Qom-Riyadh,biotech,83.55,23.2
4,30,Qom-Riyadh,core_daten,111.16,169.42908728198378
4,30,Qom-Riyadh,relikte,145.42,28.0
4,30,Bressia,nahrung,33.13,0.0
4,30,Bressia,rohstoffe,28.49,87.79795409407994
4,30,Bressia,industrieteile,50.37,9.3
4,30,Bressia,energie,40.12,9.3
4,30,Bressia,luxus,80.36,15.293680000000002
4,30,Bressia,biotech,89.56,21.799999999999997
4,30,Bressia,core_daten,115.18,25.0
4,30,Bressia,relikte,152.12,25.0
4,30,Hebron,nahrung,31.65,0.0
4,30,Hebron,rohstoffe,30.68,9.5
4,30,Hebron,industrieteile,45.42,9.5
4,30,Hebron,energie,68.68,0.0
4,30,Hebron,luxus,79.87,46.146179336432624
4,30,Hebron,biotech,96.79,9.5
4,30,Hebron,core_daten,114.22,26.0
4,30,Hebron,relikte,155.25,26.0
4,30,Hyperion,nahrung,33.08,0.0
4,30,Hyperion,rohstoffe,33.91,33.422403866674934
4,30,Hyperion,industrieteile,53.53,9.099999999999998
4,30,Hyperion,energie,72.58,4.50374808224
4,30,Hyperion,luxus,89.91,9.1
4,30,Hyperion,biotech,104.31,16.499999999999986
4,30,Hyperion,core_daten,126.84,24.0
4,30,Hyperion,relikte,165.02,44.96120193333747
5,1,Lusus,nahrung,21.81,25.6
5,1,Lusus,rohstoffe,29.98,32.0
5,1,Lusus,industrieteile,42.48,32.0
5,1,Lusus,energie,38.46,28.8
5,1,Lusus,luxus,79.47,35.324
5,1,Lusus,biotech,78.27,32.0
5,1,Lusus,core_daten,112.65,34.216
5,1,Lusus,relikte,147.24,32.0
5,1,Tau Ceti,nahrung,21.58,36.612
5,1,Tau Ceti,rohstoffe,26.97,30.0
5,1,Tau Ceti,industrieteile,42.95,27.2
5,1,Tau Ceti,energie,36.36,27.2
5,1,Tau Ceti,luxus,81.86,30.0
5,1,Tau Ceti,biotech,83.59,31.653
5,1,Tau Ceti,core_daten,106.03,30.0
5,1,Tau Ceti,relikte,153.96,30.0
5,1,Maui-Covenant,nahrung,22.06,28.240000000000002
5,1,Maui-Covenant,rohstoffe,29.05,26.0
5,1,Maui-Covenant,industrieteile,43.39,26.0
5,1,Maui-Covenant,energie,36.38,24.5
5,1,Maui-Covenant,luxus,75.11,25.0
5,1,Maui-Covenant,biotech,81.98,28.464
5,1,Maui-Covenant,core_daten,106.46,26.0
5,1,Maui-Covenant,relikte,139.7,26.0
5,1,Marsim,nahrung,20.55,27.4
5,1,Marsim,rohstoffe,28.31,25.0
5,1,Marsim,industrieteile,42.42,36.405
5,1,Marsim,energie,37.16,34.243
5,1,Marsim,luxus,82.15,31.0
5,1,Marsim,biotech,81.79,31.0
5,1,Marsim,core_daten,114.61,31.0
5,1,Marsim,relikte,144.91,31.0
5,1,Qom-Riyadh,nahrung,21.58,25.6
5,1,Qom-Riyadh,rohstoffe,28.31,28.0
5,1,Qom-Riyadh,industrieteile,41.51,28.0
5,1,Qom-Riyadh,energie,40.75,25.6
5,1,Qom-Riyadh,luxus,83.76,29.198999999999998
5,1,Qom-Riyadh,biotech,85.26,28.0
5,1,Qom-Riyadh,core_daten,115.52,32.796
5,1,Qom-Riyadh,relikte,141.79,28.0
5,1,Bressia,nahrung,20.09,22.66
5,1,Bressia,rohstoffe,27.31,28.3248
5,1,Bressia,industrieteile,40.14,23.29
5,1,Bressia,energie,39.43,26.4546
5,1,Bressia,luxus,77.41,25.0
5,1,Bressia,biotech,87.29,25.0
5,1,Bressia,core_daten,110.42,25.0
5,1,Bressia,relikte,158.4,25.0
5,1,Hebron,nahrung,22.55,23.8
5,1,Hebron,rohstoffe,25.75,26.0
5,1,Hebron,industrieteile,40.37,26.0
5,1,Hebron,energie,41.17,24.2
5,1,Hebron,luxus,78.37,27.378
5,1,Hebron,biotech,91.8,24.4
5,1,Hebron,core_daten,110.6,26.0
5,1,Hebron,relikte,133.54,26.0
5,1,Hyperion,nahrung,21.58,22.56
5,1,Hyperion,rohstoffe,30.01,25.4336
5,1,Hyperion,industrieteile,40.91,24.0
5,1,Hyperion,energie,35.17,22.32
5,1,Hyperion,luxus,77.91,22.432
5,1,Hyperion,biotech,89.19,24.0
5,1,Hyperion,core_daten,118.53,24.0
5,1,Hyperion,relikte,134.96,24.7168
5,2,Lusus,nahrung,20.71,19.200000000000003
5,2,Lusus,rohstoffe,29.52,32.0
5,2,Lusus,industrieteile,40.91,32.0
5,2,Lusus,energie,38.87,25.6
5,2,Lusus,luxus,77.99,38.647999999999996
5,2,Lusus,biotech,78.33,32.0
5,2,Lusus,core_daten,115.75,36.432
5,2,Lusus,relikte,137.99,32.0
5,2,Tau Ceti,nahrung,21.17,43.224000000000004
5,2,Tau Ceti,rohstoffe,27.06,30.0
5,2,Tau Ceti,industrieteile,43.81,24.4
5,2,Tau Ceti,energie,37.09,24.4
5,2,Tau Ceti,luxus,76.42,30.0
5,2,Tau Ceti,biotech,86.43,33.306
5,2,Tau Ceti,core_daten,117.01,30.0
5,2,Tau Ceti,relikte,141.38,30.0
5,2,Maui-Covenant,nahrung,21.84,30.480000000000004
5,2,Maui-Covenant,rohstoffe,27.43,26.0
5,2,Maui-Covenant,industrieteile,42.18,26.0
5,2,Maui-Covenant,energie,39.83,23.0
5,2,Maui-Covenant,luxus,81.63,24.0
5,2,Maui-Covenant,biotech,77.42,30.927999999999997
5,2,Maui-Covenant,core_daten,119.89,26.0
5,2,Maui-Covenant,relikte,140.13,26.0
5,2,Marsim,nahrung,20.67,23.799999999999997
5,2,Marsim,rohstoffe,31.76,19.0
5,2,Marsim,industrieteile,41.64,41.81
5,2,Marsim,energie,36.45,37.486000000000004
5,2,Marsim,luxus,74.41,31.0
5,2,Marsim,biotech,77.31,31.0
5,2,Marsim,core_daten,113.79,31.0
5,2,Marsim,relikte,140.15,31.0
5,2,Qom-Riyadh,nahrung,21.46,23.200000000000003
5,2,Qom-Riyadh,rohstoffe,28.0,28.0
5,2,Qom-Riyadh,industrieteile,42.47,28.0
5,2,Qom-Riyadh,energie,40.68,23.200000000000003
5,2,Qom-Riyadh,luxus,78.56,30.397999999999996
5,2,Qom-Riyadh,biotech,82.48,28.0
5,2,Qom-Riyadh,core_daten,117.66,37.592
5,2,Qom-Riyadh,relikte,139.33,28.0
5,2,Bressia,nahrung,19.83,20.32
5,2,Bressia,rohstoffe,30.67,31.6496
5,2,Bressia,industrieteile,46.54,21.58
5,2,Bressia,energie,35.69,27.9092
5,2,Bressia,luxus,74.22,25.0
5,2,Bressia,biotech,85.6,25.0
5,2,Bressia,core_daten,122.42,25.0
5,2,Bressia,relikte,137.12,25.0
5,2,Hebron,nahrung,23.02,21.6
5,2,Hebron,rohstoffe,30.58,26.0
5,2,Hebron,industrieteile,43.61,26.0
5,2,Hebron,energie,37.66,22.4
5,2,Hebron,luxus,72.78,28.756
5,2,Hebron,biotech,76.82,22.799999999999997
5,2,Hebron,core_daten,122.84,26.0
5,2,Hebron,relikte,138.16,26.0
5,2,Hyperion,nahrung,21.91,21.119999999999997
5,2,Hyperion,rohstoffe,27.15,26.867199999999997
5,2,Hyperion,industrieteile,45.46,24.0
5,2,Hyperion,energie,38.98,20.64
5,2,Hyperion,luxus,77.49,20.863999999999997
5,2,Hyperion,biotech,76.79,24.0
5,2,Hyperion,core_daten,117.71,24.0
5,2,Hyperion,relikte,133.49,25.4336
5,3,Lusus,nahrung,22.85,12.800000000000002
5,3,Lusus,rohstoffe,27.64,32.0
5,3,Lusus,industrieteile,44.95,32.0
5,3,Lusus,energie,37.29,22.400000000000002
5,3,Lusus,luxus,73.61,41.971999999999994
5,3,Lusus,biotech,79.15,32.0
5,3,Lusus,core_daten,111.58,38.648
5,3,Lusus,relikte,136.68,32.0
5,3,Tau Ceti,nahrung,19.91,49.836000000000006
5,3,Tau Ceti,rohstoffe,27.97,30.0
5,3,Tau Ceti,industrieteile,44.92,21.599999999999998
5,3,Tau Ceti,energie,36.84,21.599999999999998
5,3,Tau Ceti,luxus,77.35,30.0
5,3,Tau Ceti,biotech,85.55,34.958999999999996
5,3,Tau Ceti,core_daten,119.56,30.0
5,3,Tau Ceti,relikte,147.93,30.0
5,3,Maui-Covenant,nahrung,21.32,32.720000000000006
5,3,Maui-Covenant,rohstoffe,28.79,26.0
5,3,Maui-Covenant,industrieteile,40.79,26.0
5,3,Maui-Covenant,energie,35.89,21.5
5,3,Maui-Covenant,luxus,75.33,23.0
5,3,Maui-Covenant,biotech,85.8,33.391999999999996
5,3,Maui-Covenant,core_daten,115.72,26.0
5,3,Maui-Covenant,relikte,154.08,26.0
5,3,Marsim,nahrung,20.13,20.199999999999996
5,3,Marsim,rohstoffe,32.31,13.0
5,3,Marsim,industrieteile,42.44,47.215
5,3,Marsim,energie,38.51,40.729000000000006
5,3,Marsim,luxus,76.88,31.0
5,3,Marsim,biotech,86.81,31.0
5,3,Marsim,core_daten,106.47,31.0
5,3,Marsim,relikte,145.77,31.0
5,3,Qom-Riyadh,nahrung,21.88,20.800000000000004
5,3,Qom-Riyadh,rohstoffe,29.93,28.0
5,3,Qom-Riyadh,industrieteile,44.02,28.0
5,3,Qom-Riyadh,energie,39.56,20.800000000000004
5,3,Qom-Riyadh,luxus,81.64,31.596999999999994
5,3,Qom-Riyadh,biotech,86.04,28.0
5,3,Qom-Riyadh,core_daten,110.14,42.388
5,3,Qom-Riyadh,relikte,148.67,28.0
5,3,Bressia,nahrung,22.94,17.98
5,3,Bressia,rohstoffe,30.45,34.9744
5,3,Bressia,industrieteile,43.3,19.869999999999997
5,3,Bressia,energie,39.57,29.363799999999998
5,3,Bressia,luxus,84.43,25.0
5,3,Bressia,biotech,82.99,25.0
5,3,Bressia,core_daten,115.58,25.0
5,3,Bressia,relikte,142.31,25.0
5,3,Hebron,nahrung,21.57,19.400000000000002
5,3,Hebron,rohstoffe,29.08,26.0
5,3,Hebron,industrieteile,39.31,26.0
5,3,Hebron,energie,39.35,20.599999999999998
5,3,Hebron,luxus,86.19,30.134
5,3,Hebron,biotech,90.72,21.199999999999996
5,3,Hebron,core_daten,117.76,26.0
5,3,Hebron,relikte,142.35,26.0
5,3,Hyperion,nahrung,22.06,19.679999999999996
5,3,Hyperion,rohstoffe,28.91,28.300799999999995
5,3,Hyperion,industrieteile,42.31,24.0
5,3,Hyperion,energie,40.86,18.96
5,3,Hyperion,luxus,74.45,19.295999999999996
5,3,Hyperion,biotech,85.83,24.0
5,3,Hyperion,core_daten,102.74,24.0
5,3,Hyperion,relikte,148.27,26.150399999999998
5,4,Lusus,nahrung,23.25,10.7
5,4,Lusus,rohstoffe,29.16,32.0
5,4,Lusus,industrieteile,42.65,32.0
5,4,Lusus,energie,39.58,19.200000000000003
5,4,Lusus,luxus,82.63,45.29599999999999
5,4,Lusus,biotech,79.01,32.0
5,4,Lusus,core_daten,105.28,40.864000000000004
5,4,Lusus,relikte,141.14,32.0
5,4,Tau Ceti,nahrung,21.24,56.44800000000001
5,4,Tau Ceti,rohstoffe,27.37,26.5
5,4,Tau Ceti,industrieteile,42.93,18.799999999999997
5,4,Tau Ceti,energie,40.89,18.799999999999997
5,4,Tau Ceti,luxus,80.35,30.0
5,4,Tau Ceti,biotech,80.83,36.611999999999995
5,4,Tau Ceti,core_daten,118.28,30.0
5,4,Tau Ceti,relikte,141.8,30.0
5,4,Maui-Covenant,nahrung,21.24,34.96000000000001
5,4,Maui-Covenant,rohstoffe,27.39,26.0
5,4,Maui-Covenant,industrieteile,42.38,26.0
5,4,Maui-Covenant,energie,39.73,20.0
5,4,Maui-Covenant,luxus,84.65,22.0
5,4,Maui-Covenant,biotech,85.41,35.855999999999995
5,4,Maui-Covenant,core_daten,111.15,26.0
5,4,Maui-Covenant,relikte,147.01,26.0
5,4,Marsim,nahrung,21.08,16.599999999999994
5,4,Marsim,rohstoffe,32.8,10.5
5,4,Marsim,industrieteile,42.49,52.620000000000005
5,4,Marsim,energie,39.0,43.97200000000001
5,4,Marsim,luxus,82.22,31.0
5,4,Marsim,biotech,83.8,31.0
5,4,Marsim,core_daten,119.08,31.0
5,4,Marsim,relikte,140.78,31.0
5,4,Qom-Riyadh,nahrung,20.4,14.100000000000009
5,4,Qom-Riyadh,rohstoffe,28.29,28.0
5,4,Qom-Riyadh,industrieteile,41.49,28.0
5,4,Qom-Riyadh,energie,37.31,18.400000000000006
5,4,Qom-Riyadh,luxus,77.79,32.79599999999999
5,4,Qom-Riyadh,biotech,83.02,28.0
5,4,Qom-Riyadh,core_daten,112.09,47.184
5,4,Qom-Riyadh,relikte,141.79,28.0
5,4,Bressia,nahrung,22.78,15.64
5,4,Bressia,rohstoffe,31.03,38.2992
5,4,Bressia,industrieteile,43.75,18.159999999999997
5,4,Bressia,energie,34.41,30.818399999999997
5,4,Bressia,luxus,71.82,25.0
5,4,Bressia,biotech,87.7,25.0
5,4,Bressia,core_daten,102.94,25.0
5,4,Bressia,relikte,151.43,25.0
5,4,Hebron,nahrung,21.59,17.200000000000003
5,4,Hebron,rohstoffe,27.44,26.0
5,4,Hebron,industrieteile,45.15,26.0
5,4,Hebron,energie,34.88,18.799999999999997
5,4,Hebron,luxus,73.19,31.512
5,4,Hebron,biotech,84.13,19.599999999999994
5,4,Hebron,core_daten,102.52,26.0
5,4,Hebron,relikte,154.67,26.0
5,4,Hyperion,nahrung,20.07,18.239999999999995
5,4,Hyperion,rohstoffe,26.49,29.734399999999994
5,4,Hyperion,industrieteile,39.07,24.0
5,4,Hyperion,energie,39.43,17.28
5,4,Hyperion,luxus,80.35,17.727999999999994
5,4,Hyperion,biotech,83.94,24.0
5,4,Hyperion,core_daten,116.3,24.0
5,4,Hyperion,relikte,153.93,26.867199999999997
5,5,Lusus,nahrung,26.02,10.7
5,5,Lusus,rohstoffe,27.34,32.0
5,5,Lusus,industrieteile,42.53,32.0
5,5,Lusus,energie,37.73,16.000000000000004
5,5,Lusus,luxus,73.46,48.61999999999999
5,5,Lusus,biotech,81.27,32.0
5,5,Lusus,core_daten,115.34,43.080000000000005
5,5,Lusus,relikte,138.88,32.0
5,5,Tau Ceti,nahrung,20.16,57.06000000000001
5,5,Tau Ceti,rohstoffe,27.92,26.5
5,5,Tau Ceti,industrieteile,46.39,15.999999999999996
5,5,Tau Ceti,energie,39.25,15.999999999999996
5,5,Tau Ceti,luxus,79.89,30.0
5,5,Tau Ceti,biotech,84.06,38.26499999999999
5,5,Tau Ceti,core_daten,111.1,30.0
5,5,Tau Ceti,relikte,150.43,30.0
5,5,Maui-Covenant,nahrung,21.88,37.20000000000001
5,5,Maui-Covenant,rohstoffe,26.98,20.0
5,5,Maui-Covenant,industrieteile,45.13,26.0
5,5,Maui-Covenant,energie,39.4,18.5
5,5,Maui-Covenant,luxus,76.7,21.0
5,5,Maui-Covenant,biotech,80.91,38.31999999999999
5,5,Maui-Covenant,core_daten,114.63,26.0
5,5,Maui-Covenant,relikte,153.1,26.0
5,5,Marsim,nahrung,21.47,12.599999999999994
5,5,Marsim,rohstoffe,37.53,10.5
5,5,Marsim,industrieteile,44.55,58.025000000000006
5,5,Marsim,energie,38.8,47.21500000000001
5,5,Marsim,luxus,83.18,31.0
5,5,Marsim,biotech,81.21,31.0
5,5,Marsim,core_daten,114.77,31.0
5,5,Marsim,relikte,139.44,31.0
5,5,Qom-Riyadh,nahrung,22.23,11.700000000000008
5,5,Qom-Riyadh,rohstoffe,29.63,28.0
5,5,Qom-Riyadh,industrieteile,43.5,28.0
5,5,Qom-Riyadh,energie,40.03,16.000000000000007
5,5,Qom-Riyadh,luxus,75.74,33.99499999999999
5,5,Qom-Riyadh,biotech,85.89,28.0
5,5,Qom-Riyadh,core_daten,119.0,51.98
5,5,Qom-Riyadh,relikte,154.1,28.0
5,5,Bressia,nahrung,21.65,13.3
5,5,Bressia,rohstoffe,29.97,41.623999999999995
5,5,Bressia,industrieteile,42.81,16.449999999999996
5,5,Bressia,energie,40.41,32.272999999999996
5,5,Bressia,luxus,84.31,25.0
5,5,Bressia,biotech,79.46,25.0
5,5,Bressia,core_daten,103.83,25.0
5,5,Bressia,relikte,143.95,25.0
5,5,Hebron,nahrung,21.59,15.000000000000004
5,5,Hebron,rohstoffe,29.95,26.0
5,5,Hebron,industrieteile,42.65,26.0
5,5,Hebron,energie,35.06,16.999999999999996
5,5,Hebron,luxus,83.32,32.89
5,5,Hebron,biotech,78.1,17.999999999999993
5,5,Hebron,core_daten,119.31,26.0
5,5,Hebron,relikte,136.33,26.0
5,5,Hyperion,nahrung,20.5,16.799999999999994
5,5,Hyperion,rohstoffe,30.02,31.167999999999992
5,5,Hyperion,industrieteile,39.84,24.0
5,5,Hyperion,energie,36.0,15.600000000000001
5,5,Hyperion,luxus,81.75,16.159999999999993
5,5,Hyperion,biotech,85.41,24.0
5,5,Hyperion,core_daten,120.31,24.0
5,5,Hyperion,relikte,150.55,27.583999999999996
5,6,Lusus,nahrung,25.39,10.7
5,6,Lusus,rohstoffe,30.07,32.0
5,6,Lusus,industrieteile,40.41,32.0
5,6,Lusus,energie,38.43,12.800000000000004
5,6,Lusus,luxus,78.6,51.94399999999999
5,6,Lusus,biotech,79.37,32.0
5,6,Lusus,core_daten,115.5,45.29600000000001
5,6,Lusus,relikte,147.4,32.0
5,6,Tau Ceti,nahrung,20.82,57.67200000000001
5,6,Tau Ceti,rohstoffe,29.73,26.5
5,6,Tau Ceti,industrieteile,46.19,13.199999999999996
5,6,Tau Ceti,energie,38.58,13.199999999999996
5,6,Tau Ceti,luxus,77.54,30.0
5,6,Tau Ceti,biotech,84.95,39.91799999999999
5,6,Tau Ceti,core_daten,118.41,30.0
5,6,Tau Ceti,relikte,139.6,30.0
5,6,Maui-Covenant,nahrung,21.73,39.04000000000001
5,6,Maui-Covenant,rohstoffe,30.27,20.0
5,6,Maui-Covenant,industrieteile,42.89,26.0
5,6,Maui-Covenant,energie,38.77,17.0
5,6,Maui-Covenant,luxus,77.55,20.0
5,6,Maui-Covenant,biotech,81.71,40.78399999999999
5,6,Maui-Covenant,core_daten,112.87,26.0
5,6,Maui-Covenant,relikte,147.42,26.0
5,6,Marsim,nahrung,20.91,8.999999999999995
5,6,Marsim,rohstoffe,39.44,10.5
5,6,Marsim,industrieteile,42.56,63.43000000000001
5,6,Marsim,energie,36.89,50.45800000000001
5,6,Marsim,luxus,81.74,31.0
5,6,Marsim,biotech,82.25,31.0
5,6,Marsim,core_daten,112.46,31.0
5,6,Marsim,relikte,148.46,31.0
5,6,Qom-Riyadh,nahrung,20.61,9.300000000000008
5,6,Qom-Riyadh,rohstoffe,28.61,28.0
5,6,Qom-Riyadh,industrieteile,42.25,28.0
5,6,Qom-Riyadh,energie,41.52,13.600000000000007
5,6,Qom-Riyadh,luxus,82.86,35.19399999999999
5,6,Qom-Riyadh,biotech,79.29,28.0
5,6,Qom-Riyadh,core_daten,111.66,56.775999999999996
5,6,Qom-Riyadh,relikte,138.29,28.0
5,6,Bressia,nahrung,21.37,10.96
5,6,Bressia,rohstoffe,30.1,44.94879999999999
5,6,Bressia,industrieteile,47.99,14.739999999999995
5,6,Bressia,energie,37.28,33.727599999999995
5,6,Bressia,luxus,76.15,25.0
5,6,Bressia,biotech,76.99,25.0
5,6,Bressia,core_daten,115.43,25.0
5,6,Bressia,relikte,157.49,25.0
5,6,Hebron,nahrung,19.96,12.800000000000004
5,6,Hebron,rohstoffe,30.01,26.0
5,6,Hebron,industrieteile,38.84,26.0
5,6,Hebron,energie,36.43,15.199999999999996
5,6,Hebron,luxus,74.5,34.268
5,6,Hebron,biotech,88.75,16.39999999999999
5,6,Hebron,core_daten,108.97,26.0
5,6,Hebron,relikte,141.43,26.0
5,6,Hyperion,nahrung,21.7,15.359999999999994
5,6,Hyperion,rohstoffe,26.28,26.60159999999999
5,6,Hyperion,industrieteile,44.69,24.0
5,6,Hyperion,energie,35.96,13.920000000000002
5,6,Hyperion,luxus,82.04,14.591999999999993
5,6,Hyperion,biotech,77.97,24.0
5,6,Hyperion,core_daten,106.38,24.0
5,6,Hyperion,relikte,146.04,28.300799999999995
5,7,Lusus,nahrung,25.13,10.7
5,7,Lusus,rohstoffe,28.54,32.0
5,7,Lusus,industrieteile,40.81,32.0
5,7,Lusus,energie,39.11,9.600000000000005
5,7,Lusus,luxus,79.61,55.26799999999999
5,7,Lusus,biotech,83.01,32.0
5,7,Lusus,core_daten,112.6,47.51200000000001
5,7,Lusus,relikte,151.34,32.0
5,7,Tau Ceti,nahrung,21.06,58.284000000000006
5,7,Tau Ceti,rohstoffe,29.78,26.5
5,7,Tau Ceti,industrieteile,45.11,10.399999999999995
5,7,Tau Ceti,energie,41.34,10.399999999999995
5,7,Tau Ceti,luxus,81.86,30.0
5,7,Tau Ceti,biotech,85.52,41.57099999999999
5,7,Tau Ceti,core_daten,109.98,30.0
5,7,Tau Ceti,relikte,141.58,30.0
5,7,Maui-Covenant,nahrung,21.91,40.88000000000002
5,7,Maui-Covenant,rohstoffe,27.53,20.0
5,7,Maui-Covenant,industrieteile,45.49,26.0
5,7,Maui-Covenant,energie,40.43,15.5
5,7,Maui-Covenant,luxus,77.07,18.55
5,7,Maui-Covenant,biotech,78.58,43.24799999999999
5,7,Maui-Covenant,core_daten,116.09,26.0
5,7,Maui-Covenant,relikte,140.99,26.0
5,7,Marsim,nahrung,21.94,5.399999999999995
5,7,Marsim,rohstoffe,38.79,10.5
5,7,Marsim,industrieteile,42.03,68.83500000000001
5,7,Marsim,energie,38.74,53.701000000000015
5,7,Marsim,luxus,74.94,31.0
5,7,Marsim,biotech,80.58,31.0
5,7,Marsim,core_daten,115.26,31.0
5,7,Marsim,relikte,135.97,31.0
5,7,Qom-Riyadh,nahrung,21.31,6.9000000000000075
5,7,Qom-Riyadh,rohstoffe,29.13,28.0
5,7,Qom-Riyadh,industrieteile,44.97,28.0
5,7,Qom-Riyadh,energie,42.0,11.200000000000006
5,7,Qom-Riyadh,luxus,74.7,36.39299999999999
5,7,Qom-Riyadh,biotech,81.76,28.0
5,7,Qom-Riyadh,core_daten,115.7,61.571999999999996
5,7,Qom-Riyadh,relikte,145.28,28.0
5,7,Bressia,nahrung,22.66,8.620000000000001
5,7,Bressia,rohstoffe,26.67,42.27359999999999
5,7,Bressia,industrieteile,41.14,13.029999999999994
5,7,Bressia,energie,34.61,35.182199999999995
5,7,Bressia,luxus,71.91,25.0
5,7,Bressia,biotech,82.65,25.0
5,7,Bressia,core_daten,113.2,25.0
5,7,Bressia,relikte,147.52,25.0
5,7,Hebron,nahrung,20.17,10.600000000000005
5,7,Hebron,rohstoffe,26.76,26.0
5,7,Hebron,industrieteile,40.33,26.0
5,7,Hebron,energie,41.43,13.399999999999995
5,7,Hebron,luxus,85.98,35.646
5,7,Hebron,biotech,93.26,14.799999999999992
5,7,Hebron,core_daten,104.05,26.0
5,7,Hebron,relikte,133.23,26.0
5,7,Hyperion,nahrung,23.1,13.919999999999995
5,7,Hyperion,rohstoffe,28.26,28.03519999999999
5,7,Hyperion,industrieteile,44.97,24.0
5,7,Hyperion,energie,37.67,12.240000000000002
5,7,Hyperion,luxus,82.05,12.318399999999993
5,7,Hyperion,biotech,82.13,24.0
5,7,Hyperion,core_daten,111.42,24.0
5,7,Hyperion,relikte,147.92,29.017599999999995
5,8,Lusus,nahrung,25.98,10.7
5,8,Lusus,rohstoffe,27.86,32.0
5,8,Lusus,industrieteile,42.54,32.0
5,8,Lusus,energie,42.79,10.7
5,8,Lusus,luxus,77.79,58.591999999999985
5,8,Lusus,biotech,79.97,32.0
5,8,Lusus,core_daten,109.74,49.72800000000001
5,8,Lusus,relikte,144.94,32.0
5,8,Tau Ceti,nahrung,20.12,47.49600000000001
5,8,Tau Ceti,rohstoffe,29.2,26.5
5,8,Tau Ceti,industrieteile,49.09,10.3
5,8,Tau Ceti,energie,41.59,10.3
5,8,Tau Ceti,luxus,80.55,30.0
5,8,Tau Ceti,biotech,81.97,43.22399999999999
5,8,Tau Ceti,core_daten,111.94,30.0
5,8,Tau Ceti,relikte,145.94,30.0
5,8,Maui-Covenant,nahrung,20.79,40.02000000000002
5,8,Maui-Covenant,rohstoffe,29.44,20.0
5,8,Maui-Covenant,industrieteile,43.59,26.0
5,8,Maui-Covenant,energie,38.05,14.0
5,8,Maui-Covenant,luxus,83.24,17.1
5,8,Maui-Covenant,biotech,82.52,45.71199999999999
5,8,Maui-Covenant,core_daten,114.83,26.0
5,8,Maui-Covenant,relikte,148.39,26.0
5,8,Marsim,nahrung,26.09,10.5
5,8,Marsim,rohstoffe,38.15,10.5
5,8,Marsim,industrieteile,43.47,74.24000000000001
5,8,Marsim,energie,37.81,48.84400000000002
5,8,Marsim,luxus,80.05,31.0
5,8,Marsim,biotech,82.98,31.0
5,8,Marsim,core_daten,111.91,31.0
5,8,Marsim,relikte,146.98,31.0
5,8,Qom-Riyadh,nahrung,22.17,9.9
5,8,Qom-Riyadh,rohstoffe,28.18,28.0
5,8,Qom-Riyadh,industrieteile,42.64,28.0
5,8,Qom-Riyadh,energie,38.96,9.9
5,8,Qom-Riyadh,luxus,77.82,37.591999999999985
5,8,Qom-Riyadh,biotech,82.43,28.0
5,8,Qom-Riyadh,core_daten,112.84,66.368
5,8,Qom-Riyadh,relikte,142.73,28.0
5,8,Bressia,nahrung,23.21,6.280000000000001
5,8,Bressia,rohstoffe,28.83,45.598399999999984
5,8,Bressia,industrieteile,44.5,11.319999999999993
5,8,Bressia,energie,38.0,36.636799999999994
5,8,Bressia,luxus,79.45,25.0
5,8,Bressia,biotech,82.1,25.0
5,8,Bressia,core_daten,111.68,25.0
5,8,Bressia,relikte,152.59,25.0
5,8,Hebron,nahrung,22.15,8.400000000000006
5,8,Hebron,rohstoffe,29.04,26.0
5,8,Hebron,industrieteile,43.83,26.0
5,8,Hebron,energie,40.94,11.599999999999994
5,8,Hebron,luxus,74.96,37.024
5,8,Hebron,biotech,87.79,13.199999999999992
5,8,Hebron,core_daten,115.41,26.0
5,8,Hebron,relikte,142.07,26.0
5,8,Hyperion,nahrung,21.12,12.479999999999995
5,8,Hyperion,rohstoffe,27.23,23.468799999999987
5,8,Hyperion,industrieteile,41.55,21.299999999999994
5,8,Hyperion,energie,38.75,10.560000000000002
5,8,Hyperion,luxus,80.34,10.044799999999993
5,8,Hyperion,biotech,79.94,24.0
5,8,Hyperion,core_daten,117.33,24.0
5,8,Hyperion,relikte,145.74,29.734399999999994
5,9,Lusus,nahrung,26.18,10.7
5,9,Lusus,rohstoffe,28.56,32.0
5,9,Lusus,industrieteile,44.02,32.0
5,9,Lusus,energie,41.87,10.7
5,9,Lusus,luxus,79.79,61.91599999999998
5,9,Lusus,biotech,79.35,32.0
5,9,Lusus,core_daten,112.81,51.94400000000001
5,9,Lusus,relikte,147.23,32.0
5,9,Tau Ceti,nahrung,20.17,42.10800000000001
5,9,Tau Ceti,rohstoffe,29.26,26.5
5,9,Tau Ceti,industrieteile,47.18,10.3
5,9,Tau Ceti,energie,41.02,10.3
5,9,Tau Ceti,luxus,77.07,28.671199999999992
5,9,Tau Ceti,biotech,81.24,44.87699999999999
5,9,Tau Ceti,core_daten,113.43,30.0
5,9,Tau Ceti,relikte,140.92,30.0
5,9,Maui-Covenant,nahrung,21.38,41.86000000000002
5,9,Maui-Covenant,rohstoffe,28.42,20.0
5,9,Maui-Covenant,industrieteile,42.83,26.0
5,9,Maui-Covenant,energie,39.05,12.5
5,9,Maui-Covenant,luxus,80.69,15.650000000000002
5,9,Maui-Covenant,biotech,80.1,48.17599999999999
5,9,Maui-Covenant,core_daten,113.94,26.0
5,9,Maui-Covenant,relikte,146.03,26.0
5,9,Marsim,nahrung,22.36,10.5
5,9,Marsim,rohstoffe,37.72,10.5
5,9,Marsim,industrieteile,41.88,76.84500000000001
5,9,Marsim,energie,36.2,43.687000000000026
5,9,Marsim,luxus,77.42,31.0
5,9,Marsim,biotech,79.2,31.0
5,9,Marsim,core_daten,110.12,31.0
5,9,Marsim,relikte,147.28,31.0
5,9,Qom-Riyadh,nahrung,21.9,9.9
5,9,Qom-Riyadh,rohstoffe,29.19,28.0
5,9,Qom-Riyadh,industrieteile,43.4,28.0
5,9,Qom-Riyadh,energie,39.51,9.9
5,9,Qom-Riyadh,luxus,80.98,38.79099999999998
5,9,Qom-Riyadh,biotech,84.03,28.0
5,9,Qom-Riyadh,core_daten,108.86,71.16399999999999
5,9,Qom-Riyadh,relikte,148.99,28.0
5,9,Bressia,nahrung,22.83,3.940000000000001
5,9,Bressia,rohstoffe,28.3,48.92319999999998
5,9,Bressia,industrieteile,47.75,9.609999999999992
5,9,Bressia,energie,36.5,38.09139999999999
5,9,Bressia,luxus,79.1,25.0
5,9,Bressia,biotech,85.28,25.0
5,9,Bressia,core_daten,115.29,25.0
5,9,Bressia,relikte,145.16,25.0
5,9,Hebron,nahrung,23.23,6.2000000000000055
5,9,Hebron,rohstoffe,29.35,26.0
5,9,Hebron,industrieteile,43.18,26.0
5,9,Hebron,energie,38.0,9.799999999999994
5,9,Hebron,luxus,79.46,38.402
5,9,Hebron,biotech,87.26,11.599999999999993
5,9,Hebron,core_daten,109.61,26.0
5,9,Hebron,relikte,139.21,26.0
5,9,Hyperion,nahrung,21.45,11.039999999999996
5,9,Hyperion,rohstoffe,27.47,18.902399999999986
5,9,Hyperion,industrieteile,42.63,21.299999999999994
5,9,Hyperion,energie,40.2,8.880000000000003
5,9,Hyperion,luxus,84.71,9.1
5,9,Hyperion,biotech,80.02,24.0
5,9,Hyperion,core_daten,113.83,24.0
5,9,Hyperion,relikte,143.85,30.451199999999993
5,10,Lusus,nahrung,25.52,10.7
5,10,Lusus,rohstoffe,30.25,32.0
5,10,Lusus,industrieteile,45.14,32.0
5,10,Lusus,energie,42.75,10.7
5,10,Lusus,luxus,75.6,65.23999999999998
5,10,Lusus,biotech,77.53,32.0
5,10,Lusus,core_daten,117.71,54.16000000000001
5,10,Lusus,relikte,150.1,32.0
5,10,Tau Ceti,nahrung,21.11,48.320000000000014
5,10,Tau Ceti,rohstoffe,27.97,26.5
5,10,Tau Ceti,industrieteile,46.82,10.3
5,10,Tau Ceti,energie,42.07,10.3
5,10,Tau Ceti,luxus,79.43,28.671199999999992
5,10,Tau Ceti,biotech,82.19,46.52999999999999
5,10,Tau Ceti,core_daten,114.55,30.0
5,10,Tau Ceti,relikte,149.72,30.0
5,10,Maui-Covenant,nahrung,19.96,32.10000000000002
5,10,Maui-Covenant,rohstoffe,27.64,20.0
5,10,Maui-Covenant,industrieteile,45.38,26.0
5,10,Maui-Covenant,energie,41.09,11.0
5,10,Maui-Covenant,luxus,85.58,14.650000000000002
5,10,Maui-Covenant,biotech,76.4,50.639999999999986
5,10,Maui-Covenant,core_daten,106.48,26.0
5,10,Maui-Covenant,relikte,141.2,26.0
5,10,Marsim,nahrung,22.45,10.5
5,10,Marsim,rohstoffe,37.79,10.5
5,10,Marsim,industrieteile,40.27,78.05000000000001
5,10,Marsim,energie,37.58,38.53000000000003
5,10,Marsim,luxus,74.4,31.0
5,10,Marsim,biotech,77.27,31.0
5,10,Marsim,core_daten,115.13,31.0
5,10,Marsim,relikte,145.86,31.0
5,10,Qom-Riyadh,nahrung,22.43,9.9
5,10,Qom-Riyadh,rohstoffe,28.01,28.0
5,10,Qom-Riyadh,industrieteile,42.61,28.0
5,10,Qom-Riyadh,energie,39.18,9.9
5,10,Qom-Riyadh,luxus,76.93,39.98999999999998
5,10,Qom-Riyadh,biotech,84.26,28.0
5,10,Qom-Riyadh,core_daten,116.73,75.95999999999998
5,10,Qom-Riyadh,relikte,137.31,28.0
5,10,Bressia,nahrung,23.21,1.6000000000000005
5,10,Bressia,rohstoffe,30.04,52.247999999999976
5,10,Bressia,industrieteile,47.43,9.3
5,10,Bressia,energie,39.34,39.54599999999999
5,10,Bressia,luxus,74.58,25.0
5,10,Bressia,biotech,80.65,25.0
5,10,Bressia,core_daten,107.63,25.0
5,10,Bressia,relikte,154.26,25.0
5,10,Hebron,nahrung,22.29,4.000000000000005
5,10,Hebron,rohstoffe,29.33,26.0
5,10,Hebron,industrieteile,46.77,26.0
5,10,Hebron,energie,38.57,7.999999999999994
5,10,Hebron,luxus,79.23,39.78
5,10,Hebron,biotech,92.86,9.999999999999993
5,10,Hebron,core_daten,121.93,26.0
5,10,Hebron,relikte,143.44,26.0
5,10,Hyperion,nahrung,20.95,9.599999999999996
5,10,Hyperion,rohstoffe,26.35,14.335999999999984
5,10,Hyperion,industrieteile,45.95,21.299999999999994
5,10,Hyperion,energie,36.81,7.200000000000003
5,10,Hyperion,luxus,78.45,7.532
5,10,Hyperion,biotech,82.9,24.0
5,10,Hyperion,core_daten,112.61,24.0
5,10,Hyperion,relikte,150.06,31.167999999999992
5,11,Lusus,nahrung,24.73,10.7
5,11,Lusus,rohstoffe,27.92,32.0
5,11,Lusus,industrieteile,43.11,32.0
5,11,Lusus,energie,40.4,10.7
5,11,Lusus,luxus,77.21,68.56399999999998
5,11,Lusus,biotech,82.73,32.0
5,11,Lusus,core_daten,113.44,56.37600000000001
5,11,Lusus,relikte,142.82,32.0
5,11,Tau Ceti,nahrung,20.29,36.932000000000016
5,11,Tau Ceti,rohstoffe,28.22,26.5
5,11,Tau Ceti,industrieteile,48.93,10.3
5,11,Tau Ceti,energie,40.74,10.3
5,11,Tau Ceti,luxus,76.85,28.671199999999992
5,11,Tau Ceti,biotech,82.3,48.182999999999986
5,11,Tau Ceti,core_daten,113.13,30.0
5,11,Tau Ceti,relikte,148.9,30.0
5,11,Maui-Covenant,nahrung,21.39,30.640000000000022
5,11,Maui-Covenant,rohstoffe,29.32,20.0
5,11,Maui-Covenant,industrieteile,42.59,26.0
5,11,Maui-Covenant,energie,40.03,9.5
5,11,Maui-Covenant,luxus,80.87,13.650000000000002
5,11,Maui-Covenant,biotech,80.2,53.103999999999985
5,11,Maui-Covenant,core_daten,112.09,26.0
5,11,Maui-Covenant,relikte,149.51,26.0
5,11,Marsim,nahrung,23.24,10.5
5,11,Marsim,rohstoffe,36.61,10.5
5,11,Marsim,industrieteile,42.05,80.65500000000002
5,11,Marsim,energie,37.08,33.37300000000003
5,11,Marsim,luxus,78.02,31.0
5,11,Marsim,biotech,81.05,31.0
5,11,Marsim,core_daten,111.78,31.0
5,11,Marsim,relikte,142.09,31.0
5,11,Qom-Riyadh,nahrung,22.15,9.9
5,11,Qom-Riyadh,rohstoffe,29.01,28.0
5,11,Qom-Riyadh,industrieteile,42.83,28.0
5,11,Qom-Riyadh,energie,41.56,9.9
5,11,Qom-Riyadh,luxus,78.79,41.18899999999998
5,11,Qom-Riyadh,biotech,80.01,28.0
5,11,Qom-Riyadh,core_daten,113.7,80.75599999999997
5,11,Qom-Riyadh,relikte,148.76,28.0
5,11,Bressia,nahrung,31.3,9.3
5,11,Bressia,rohstoffe,27.05,49.57279999999997
5,11,Bressia,industrieteile,46.54,7.590000000000001
5,11,Bressia,energie,37.56,41.00059999999999
5,11,Bressia,luxus,79.43,25.0
5,11,Bressia,biotech,85.51,25.0
5,11,Bressia,core_daten,114.51,25.0
5,11,Bressia,relikte,149.85,25.0
5,11,Hebron,nahrung,23.53,1.8000000000000052
5,11,Hebron,rohstoffe,28.61,26.0
5,11,Hebron,industrieteile,43.94,26.0
5,11,Hebron,energie,38.97,6.199999999999994
5,11,Hebron,luxus,75.33,38.022000000000006
5,11,Hebron,biotech,92.11,9.5
5,11,Hebron,core_daten,117.14,26.0
5,11,Hebron,relikte,139.67,26.0
5,11,Hyperion,nahrung,21.89,8.159999999999997
5,11,Hyperion,rohstoffe,27.67,15.769599999999985
5,11,Hyperion,industrieteile,43.87,21.299999999999994
5,11,Hyperion,energie,41.36,5.520000000000003
5,11,Hyperion,luxus,84.84,9.1
5,11,Hyperion,biotech,79.7,22.89999999999999
5,11,Hyperion,core_daten,115.81,24.0
5,11,Hyperion,relikte,145.14,31.88479999999999
5,12,Lusus,nahrung,25.24,10.7
5,12,Lusus,rohstoffe,28.14,32.0
5,12,Lusus,industrieteile,43.95,32.0
5,12,Lusus,energie,41.96,10.7
5,12,Lusus,luxus,78.14,71.88799999999998
5,12,Lusus,biotech,81.75,32.0
5,12,Lusus,core_daten,113.61,58.59200000000001
5,12,Lusus,relikte,146.76,32.0
5,12,Tau Ceti,nahrung,21.34,27.944000000000017
5,12,Tau Ceti,rohstoffe,28.32,26.5
5,12,Tau Ceti,industrieteile,49.24,10.3
5,12,Tau Ceti,energie,41.53,10.3
5,12,Tau Ceti,luxus,80.56,28.671199999999992
5,12,Tau Ceti,biotech,82.78,49.835999999999984
5,12,Tau Ceti,core_daten,115.04,30.0
5,12,Tau Ceti,relikte,148.62,30.0
5,12,Maui-Covenant,nahrung,21.42,28.980000000000025
5,12,Maui-Covenant,rohstoffe,28.82,20.0
5,12,Maui-Covenant,industrieteile,42.82,26.0
5,12,Maui-Covenant,energie,40.15,9.5
5,12,Maui-Covenant,luxus,83.78,12.650000000000002
5,12,Maui-Covenant,biotech,80.72,55.567999999999984
5,12,Maui-Covenant,core_daten,112.24,26.0
5,12,Maui-Covenant,relikte,142.17,26.0
5,12,Marsim,nahrung,23.02,10.5
5,12,Marsim,rohstoffe,38.37,10.5
5,12,Marsim,industrieteile,42.08,86.06000000000002
5,12,Marsim,energie,36.63,29.91600000000004
5,12,Marsim,luxus,77.22,31.0
5,12,Marsim,biotech,81.2,31.0
5,12,Marsim,core_daten,111.09,31.0
5,12,Marsim,relikte,149.27,31.0
5,12,Qom-Riyadh,nahrung,21.44,7.5
5,12,Qom-Riyadh,rohstoffe,28.12,28.0
5,12,Qom-Riyadh,industrieteile,41.67,28.0
5,12,Qom-Riyadh,energie,41.07,9.9
5,12,Qom-Riyadh,luxus,79.84,42.38799999999998
5,12,Qom-Riyadh,biotech,80.03,28.0
5,12,Qom-Riyadh,core_daten,108.69,85.55199999999996
5,12,Qom-Riyadh,relikte,144.84,28.0
5,12,Bressia,nahrung,22.3,6.960000000000001
5,12,Bressia,rohstoffe,29.47,52.88177919999997
5,12,Bressia,industrieteile,45.41,5.880000000000001
5,12,Bressia,energie,35.99,33.98827839999999
5,12,Bressia,luxus,76.53,25.0
5,12,Bressia,biotech,79.62,23.4
5,12,Bressia,core_daten,110.01,25.0
5,12,Bressia,relikte,148.64,25.0
5,12,Hebron,nahrung,31.78,9.5
5,12,Hebron,rohstoffe,27.73,20.0
5,12,Hebron,industrieteile,41.46,23.2
5,12,Hebron,energie,40.84,4.399999999999994
5,12,Hebron,luxus,76.04,37.83200000000001
5,12,Hebron,biotech,92.83,9.5
5,12,Hebron,core_daten,110.78,26.0
5,12,Hebron,relikte,146.14,26.0
5,12,Hyperion,nahrung,22.44,6.719999999999996
5,12,Hyperion,rohstoffe,28.56,17.203199999999985
5,12,Hyperion,industrieteile,41.88,21.299999999999994
5,12,Hyperion,energie,43.59,9.1
5,12,Hyperion,luxus,88.67,9.1
5,12,Hyperion,biotech,80.72,22.89999999999999
5,12,Hyperion,core_daten,113.45,24.0
5,12,Hyperion,relikte,151.13,32.60159999999999
5,13,Lusus,nahrung,24.51,10.7
5,13,Lusus,rohstoffe,26.8,26.0
5,13,Lusus,industrieteile,45.11,32.0
5,13,Lusus,energie,43.11,10.7
5,13,Lusus,luxus,77.01,75.21199999999997
5,13,Lusus,biotech,81.85,32.0
5,13,Lusus,core_daten,112.23,60.808000000000014
5,13,Lusus,relikte,140.65,32.0
5,13,Tau Ceti,nahrung,22.11,34.15600000000002
5,13,Tau Ceti,rohstoffe,29.05,26.5
5,13,Tau Ceti,industrieteile,46.61,10.3
5,13,Tau Ceti,energie,38.52,10.3
5,13,Tau Ceti,luxus,78.5,28.671199999999992
5,13,Tau Ceti,biotech,79.84,51.48899999999998
5,13,Tau Ceti,core_daten,116.91,30.0
5,13,Tau Ceti,relikte,148.97,30.0
5,13,Maui-Covenant,nahrung,21.1,16.820000000000025
5,13,Maui-Covenant,rohstoffe,27.31,20.0
5,13,Maui-Covenant,industrieteile,40.88,23.2
5,13,Maui-Covenant,energie,38.72,9.5
5,13,Maui-Covenant,luxus,80.0,11.650000000000002
5,13,Maui-Covenant,biotech,84.93,58.03199999999998
5,13,Maui-Covenant,core_daten,113.05,26.0
5,13,Maui-Covenant,relikte,148.02,26.0
5,13,Marsim,nahrung,24.1,10.5
5,13,Marsim,rohstoffe,36.09,10.5
5,13,Marsim,industrieteile,42.6,91.46500000000002
5,13,Marsim,energie,35.78,23.25900000000004
5,13,Marsim,luxus,81.43,31.0
5,13,Marsim,biotech,76.38,31.0
5,13,Marsim,core_daten,117.23,31.0
5,13,Marsim,relikte,151.34,31.0
5,13,Qom-Riyadh,nahrung,23.52,9.9
5,13,Qom-Riyadh,rohstoffe,26.95,28.0
5,13,Qom-Riyadh,industrieteile,41.47,28.0
5,13,Qom-Riyadh,energie,41.81,9.9
5,13,Qom-Riyadh,luxus,74.39,42.01899999999998
5,13,Qom-Riyadh,biotech,81.5,28.0
5,13,Qom-Riyadh,core_daten,111.35,90.34799999999996
5,13,Qom-Riyadh,relikte,153.69,28.0
5,13,Bressia,nahrung,23.09,4.620000000000001
5,13,Bressia,rohstoffe,30.29,56.190758399999964
5,13,Bressia,industrieteile,47.4,4.170000000000001
5,13,Bressia,energie,39.51,35.43595679999999
5,13,Bressia,luxus,77.66,25.0
5,13,Bressia,biotech,88.48,23.4
5,13,Bressia,core_daten,104.01,25.0
5,13,Bressia,relikte,154.72,25.0
5,13,Hebron,nahrung,20.78,7.3
5,13,Hebron,rohstoffe,28.8,20.0
5,13,Hebron,industrieteile,43.03,23.2
5,13,Hebron,energie,41.09,2.5999999999999943
5,13,Hebron,luxus,83.52,39.203838000000005
5,13,Hebron,biotech,87.31,9.5
5,13,Hebron,core_daten,108.72,26.0
5,13,Hebron,relikte,133.62,26.0
5,13,Hyperion,nahrung,21.2,5.279999999999996
5,13,Hyperion,rohstoffe,28.4,18.636799999999983
5,13,Hyperion,industrieteile,44.63,21.299999999999994
5,13,Hyperion,energie,38.9,7.42
5,13,Hyperion,luxus,88.34,9.1
5,13,Hyperion,biotech,75.75,21.29999999999999
5,13,Hyperion,core_daten,110.64,24.0
5,13,Hyperion,relikte,143.66,33.31839999999999
5,14,Lusus,nahrung,26.49,10.7
5,14,Lusus,rohstoffe,29.05,26.0
5,14,Lusus,industrieteile,40.0,23.2
5,14,Lusus,energie,40.85,10.7
5,14,Lusus,luxus,80.24,78.53599999999997
5,14,Lusus,biotech,78.82,32.0
5,14,Lusus,core_daten,112.9,63.024000000000015
5,14,Lusus,relikte,144.05,32.0
5,14,Tau Ceti,nahrung,19.49,28.768000000000022
5,14,Tau Ceti,rohstoffe,30.27,26.5
5,14,Tau Ceti,industrieteile,50.08,10.3
5,14,Tau Ceti,energie,39.55,10.3
5,14,Tau Ceti,luxus,79.95,28.671199999999992
5,14,Tau Ceti,biotech,78.97,53.14199999999998
5,14,Tau Ceti,core_daten,110.84,30.0
5,14,Tau Ceti,relikte,145.75,30.0
5,14,Maui-Covenant,nahrung,20.34,18.660000000000025
5,14,Maui-Covenant,rohstoffe,27.97,20.0
5,14,Maui-Covenant,industrieteile,42.22,23.2
5,14,Maui-Covenant,energie,40.46,9.5
5,14,Maui-Covenant,luxus,80.37,10.650000000000002
5,14,Maui-Covenant,biotech,77.96,60.49599999999998
5,14,Maui-Covenant,core_daten,116.16,26.0
5,14,Maui-Covenant,relikte,142.29,26.0
5,14,Marsim,nahrung,23.96,10.5
5,14,Marsim,rohstoffe,37.5,10.5
5,14,Marsim,industrieteile,43.61,96.87000000000002
5,14,Marsim,energie,36.7,13.902000000000033
5,14,Marsim,luxus,82.0,31.0
5,14,Marsim,biotech,77.33,31.0
5,14,Marsim,core_daten,107.42,31.0
5,14,Marsim,relikte,137.39,31.0
5,14,Qom-Riyadh,nahrung,22.56,9.9
5,14,Qom-Riyadh,rohstoffe,29.23,28.0
5,14,Qom-Riyadh,industrieteile,40.97,27.16
5,14,Qom-Riyadh,energie,40.18,9.9
5,14,Qom-Riyadh,luxus,81.83,43.217999999999975
5,14,Qom-Riyadh,biotech,82.67,28.0
5,14,Qom-Riyadh,core_daten,105.91,95.14399999999995
5,14,Qom-Riyadh,relikte,140.14,28.0
5,14,Bressia,nahrung,22.55,2.2800000000000007
5,14,Bressia,rohstoffe,26.3,53.49973759999996
5,14,Bressia,industrieteile,51.77,9.3
5,14,Bressia,energie,34.35,27.523635199999994
5,14,Bressia,luxus,85.3,25.0
5,14,Bressia,biotech,80.78,23.4
5,14,Bressia,core_daten,113.13,25.0
5,14,Bressia,relikte,149.72,25.0
5,14,Hebron,nahrung,23.63,5.1
5,14,Hebron,rohstoffe,30.32,20.0
5,14,Hebron,industrieteile,41.88,23.2
5,14,Hebron,energie,49.12,9.5
5,14,Hebron,luxus,77.16,40.575676
5,14,Hebron,biotech,82.17,7.9
5,14,Hebron,core_daten,110.67,26.0
5,14,Hebron,relikte,151.05,26.0
5,14,Hyperion,nahrung,24.48,3.8399999999999954
5,14,Hyperion,rohstoffe,30.15,20.07039999999998
5,14,Hyperion,industrieteile,44.18,21.299999999999994
5,14,Hyperion,energie,41.51,9.1
5,14,Hyperion,luxus,77.39,7.532
5,14,Hyperion,biotech,79.4,21.29999999999999
5,14,Hyperion,core_daten,109.51,24.0
5,14,Hyperion,relikte,148.85,34.03519999999999
5,15,Lusus,nahrung,25.45,10.7
5,15,Lusus,rohstoffe,29.54,26.0
5,15,Lusus,industrieteile,44.6,23.2
5,15,Lusus,energie,42.1,10.7
5,15,Lusus,luxus,74.71,78.01839999999997
5,15,Lusus,biotech,84.34,32.0
5,15,Lusus,core_daten,117.74,65.24000000000001
5,15,Lusus,relikte,145.72,32.0
5,15,Tau Ceti,nahrung,20.41,25.080000000000055
5,15,Tau Ceti,rohstoffe,28.48,26.5
5,15,Tau Ceti,industrieteile,46.02,10.3
5,15,Tau Ceti,energie,42.22,10.3
5,15,Tau Ceti,luxus,83.69,28.671199999999992
5,15,Tau Ceti,biotech,81.3,54.79499999999998
5,15,Tau Ceti,core_daten,115.74,30.0
5,15,Tau Ceti,relikte,151.24,30.0
5,15,Maui-Covenant,nahrung,20.05,9.5
5,15,Maui-Covenant,rohstoffe,30.19,20.0
5,15,Maui-Covenant,industrieteile,43.51,23.2
5,15,Maui-Covenant,energie,38.09,8.0
5,15,Maui-Covenant,luxus,79.22,9.200000000000003
5,15,Maui-Covenant,biotech,78.4,62.95999999999998
5,15,Maui-Covenant,core_daten,113.92,26.0
5,15,Maui-Covenant,relikte,149.14,26.0
5,15,Marsim,nahrung,22.18,10.5
5,15,Marsim,rohstoffe,39.25,10.5
5,15,Marsim,industrieteile,41.64,102.27500000000002
5,15,Marsim,energie,37.5,10.5
5,15,Marsim,luxus,74.92,31.0
5,15,Marsim,biotech,86.54,31.0
5,15,Marsim,core_daten,107.34,31.0
5,15,Marsim,relikte,152.41,31.0
5,15,Qom-Riyadh,nahrung,22.18,9.9
5,15,Qom-Riyadh,rohstoffe,28.69,28.0
5,15,Qom-Riyadh,industrieteile,43.07,27.16
5,15,Qom-Riyadh,energie,39.46,8.145000000000032
5,15,Qom-Riyadh,luxus,82.53,44.41699999999997
5,15,Qom-Riyadh,biotech,86.85,28.0
5,15,Qom-Riyadh,core_daten,116.3,99.93999999999994
5,15,Qom-Riyadh,relikte,147.11,28.0
5,15,Bressia,nahrung,29.65,9.3
5,15,Bressia,rohstoffe,30.11,56.80871679999996
5,15,Bressia,industrieteile,44.59,7.590000000000001
5,15,Bressia,energie,40.34,28.971313599999995
5,15,Bressia,luxus,75.0,25.0
5,15,Bressia,biotech,83.09,23.4
5,15,Bressia,core_daten,120.04,25.0
5,15,Bressia,relikte,136.81,25.0
5,15,Hebron,nahrung,23.69,2.8999999999999995
5,15,Hebron,rohstoffe,26.24,14.0
5,15,Hebron,industrieteile,38.97,20.4
5,15,Hebron,energie,37.55,7.7
5,15,Hebron,luxus,85.8,41.947514
5,15,Hebron,biotech,100.63,9.5
5,15,Hebron,core_daten,116.25,26.0
5,15,Hebron,relikte,140.09,26.0
5,15,Hyperion,nahrung,23.89,2.399999999999995
5,15,Hyperion,rohstoffe,29.84,21.50399999999998
5,15,Hyperion,industrieteile,41.89,21.299999999999994
5,15,Hyperion,energie,40.68,7.42
5,15,Hyperion,luxus,93.14,9.1
5,15,Hyperion,biotech,74.44,18.09999999999999
5,15,Hyperion,core_daten,106.42,24.0
5,15,Hyperion,relikte,143.72,34.75199999999999
5,16,Lusus,nahrung,25.64,10.7
5,16,Lusus,rohstoffe,27.3,26.0
5,16,Lusus,industrieteile,42.92,23.2
5,16,Lusus,energie,40.25,7.499999999999999
5,16,Lusus,luxus,78.81,81.34239999999997
5,16,Lusus,biotech,79.81,32.0
5,16,Lusus,core_daten,113.97,67.456
5,16,Lusus,relikte,136.26,32.0
5,16,Tau Ceti,nahrung,21.27,19.692000000000057
5,16,Tau Ceti,rohstoffe,27.19,20.5
5,16,Tau Ceti,industrieteile,51.07,10.3
5,16,Tau Ceti,energie,41.62,7.500000000000001
5,16,Tau Ceti,luxus,78.48,28.671199999999992
5,16,Tau Ceti,biotech,80.2,56.44799999999998
5,16,Tau Ceti,core_daten,114.42,30.0
5,16,Tau Ceti,relikte,148.53,30.0
5,16,Maui-Covenant,nahrung,21.67,11.34
5,16,Maui-Covenant,rohstoffe,29.48,20.0
5,16,Maui-Covenant,industrieteile,42.74,23.2
5,16,Maui-Covenant,energie,42.64,9.5
5,16,Maui-Covenant,luxus,88.92,9.5
5,16,Maui-Covenant,biotech,84.72,65.42399999999998
5,16,Maui-Covenant,core_daten,111.51,26.0
5,16,Maui-Covenant,relikte,144.24,26.0
5,16,Marsim,nahrung,22.86,10.5
5,16,Marsim,rohstoffe,39.13,10.5
5,16,Marsim,industrieteile,42.53,107.68000000000002
5,16,Marsim,energie,37.91,10.5
5,16,Marsim,luxus,78.02,31.0
5,16,Marsim,biotech,85.81,31.0
5,16,Marsim,core_daten,110.01,31.0
5,16,Marsim,relikte,136.66,31.0
5,16,Qom-Riyadh,nahrung,22.69,9.9
5,16,Qom-Riyadh,rohstoffe,29.93,28.0
5,16,Qom-Riyadh,industrieteile,44.01,27.16
5,16,Qom-Riyadh,energie,42.11,5.9880000000000315
5,16,Qom-Riyadh,luxus,80.94,45.61599999999997
5,16,Qom-Riyadh,biotech,79.66,26.4
5,16,Qom-Riyadh,core_daten,113.08,104.73599999999993
5,16,Qom-Riyadh,relikte,137.23,28.0
5,16,Bressia,nahrung,20.53,6.960000000000001
5,16,Bressia,rohstoffe,28.05,60.103180799999954
5,16,Bressia,industrieteile,47.54,9.3
5,16,Bressia,energie,36.73,30.412641599999994
5,16,Bressia,luxus,72.13,19.300780000000003
5,16,Bressia,biotech,84.99,23.4
5,16,Bressia,core_daten,113.44,25.0
5,16,Bressia,relikte,138.31,25.0
5,16,Hebron,nahrung,26.05,0.6999999999999993
5,16,Hebron,rohstoffe,28.12,14.0
5,16,Hebron,industrieteile,40.71,20.4
5,16,Hebron,energie,37.36,5.9
5,16,Hebron,luxus,84.64,43.319351999999995
5,16,Hebron,biotech,98.71,9.5
5,16,Hebron,core_daten,116.41,26.0
5,16,Hebron,relikte,155.7,26.0
5,16,Hyperion,nahrung,24.53,0.9599999999999949
5,16,Hyperion,rohstoffe,30.19,22.93759999999998
5,16,Hyperion,industrieteile,40.57,15.079999999999993
5,16,Hyperion,energie,42.59,5.74
5,16,Hyperion,luxus,88.3,9.1
5,16,Hyperion,biotech,88.7,18.09999999999999
5,16,Hyperion,core_daten,104.23,24.0
5,16,Hyperion,relikte,152.67,35.46879999999999
5,17,Lusus,nahrung,23.79,8.304000000000054
5,17,Lusus,rohstoffe,27.55,26.0
5,17,Lusus,industrieteile,41.72,23.2
5,17,Lusus,energie,43.12,4.299999999999999
5,17,Lusus,luxus,73.74,79.26717999999997
5,17,Lusus,biotech,85.68,32.0
5,17,Lusus,core_daten,116.44,69.672
5,17,Lusus,relikte,142.92,32.0
5,17,Tau Ceti,nahrung,20.45,10.3
5,17,Tau Ceti,rohstoffe,28.86,20.5
5,17,Tau Ceti,industrieteile,45.43,10.3
5,17,Tau Ceti,energie,40.43,4.700000000000001
5,17,Tau Ceti,luxus,82.8,28.671199999999992
5,17,Tau Ceti,biotech,79.1,58.10099999999998
5,17,Tau Ceti,core_daten,112.61,30.0
5,17,Tau Ceti,relikte,153.07,30.0
5,17,Maui-Covenant,nahrung,22.22,9.5
5,17,Maui-Covenant,rohstoffe,28.46,20.0
5,17,Maui-Covenant,industrieteile,41.21,23.2
5,17,Maui-Covenant,energie,38.58,8.0
5,17,Maui-Covenant,luxus,89.56,9.5
5,17,Maui-Covenant,biotech,85.13,67.88799999999998
5,17,Maui-Covenant,core_daten,108.42,26.0
5,17,Maui-Covenant,relikte,151.76,26.0
5,17,Marsim,nahrung,22.25,6.9
5,17,Marsim,rohstoffe,37.07,10.5
5,17,Marsim,industrieteile,40.6,113.08500000000002
5,17,Marsim,energie,39.62,10.5
5,17,Marsim,luxus,83.7,31.0
5,17,Marsim,biotech,78.48,29.4
5,17,Marsim,core_daten,114.5,31.0
5,17,Marsim,relikte,139.2,31.0
5,17,Qom-Riyadh,nahrung,23.13,7.5
5,17,Qom-Riyadh,rohstoffe,26.83,22.0
5,17,Qom-Riyadh,industrieteile,40.58,22.65
5,17,Qom-Riyadh,energie,44.92,6.8310000000000315
5,17,Qom-Riyadh,luxus,76.52,46.81499999999997
5,17,Qom-Riyadh,biotech,85.96,26.4
5,17,Qom-Riyadh,core_daten,117.01,109.53199999999993
5,17,Qom-Riyadh,relikte,149.19,28.0
5,17,Bressia,nahrung,21.12,4.620000000000001
5,17,Bressia,rohstoffe,29.4,63.39764479999995
5,17,Bressia,industrieteile,50.38,9.3
5,17,Bressia,energie,37.07,31.853969599999992
5,17,Bressia,luxus,72.84,19.300780000000003
5,17,Bressia,biotech,77.57,23.4
5,17,Bressia,core_daten,108.7,25.0
5,17,Bressia,relikte,151.49,25.0
5,17,Hebron,nahrung,29.66,9.5
5,17,Hebron,rohstoffe,26.94,14.0
5,17,Hebron,industrieteile,40.71,20.4
5,17,Hebron,energie,43.31,4.1000000000000005
5,17,Hebron,luxus,82.8,44.69118999999999
5,17,Hebron,biotech,88.38,9.5
5,17,Hebron,core_daten,116.33,26.0
5,17,Hebron,relikte,156.2,26.0
5,17,Hyperion,nahrung,29.43,6.58
5,17,Hyperion,rohstoffe,27.02,24.371199999999977
5,17,Hyperion,industrieteile,41.45,15.079999999999993
5,17,Hyperion,energie,45.24,4.0600000000000005
5,17,Hyperion,luxus,89.98,9.1
5,17,Hyperion,biotech,78.79,18.09999999999999
5,17,Hyperion,core_daten,115.97,24.0
5,17,Hyperion,relikte,133.13,36.18559999999999
5,18,Lusus,nahrung,29.08,10.144000000000053
5,18,Lusus,rohstoffe,28.59,26.0
5,18,Lusus,industrieteile,42.98,23.2
5,18,Lusus,energie,51.46,4.342999999999999
5,18,Lusus,luxus,79.12,82.59117999999997
5,18,Lusus,biotech,79.31,32.0
5,18,Lusus,core_daten,108.34,71.88799999999999
5,18,Lusus,relikte,150.45,32.0
5,18,Tau Ceti,nahrung,19.79,10.3
5,18,Tau Ceti,rohstoffe,27.77,20.5
5,18,Tau Ceti,industrieteile,49.81,10.3
5,18,Tau Ceti,energie,47.05,1.9000000000000012
5,18,Tau Ceti,luxus,76.55,27.221199999999993
5,18,Tau Ceti,biotech,81.58,59.75399999999998
5,18,Tau Ceti,core_daten,108.11,30.0
5,18,Tau Ceti,relikte,152.38,30.0
5,18,Maui-Covenant,nahrung,22.28,9.5
5,18,Maui-Covenant,rohstoffe,26.86,18.5
5,18,Maui-Covenant,industrieteile,42.6,23.2
5,18,Maui-Covenant,energie,41.39,6.5
5,18,Maui-Covenant,luxus,83.2,9.5
5,18,Maui-Covenant,biotech,85.45,70.35199999999998
5,18,Maui-Covenant,core_daten,112.82,26.0
5,18,Maui-Covenant,relikte,139.5,26.0
5,18,Marsim,nahrung,24.49,3.911999999999999
5,18,Marsim,rohstoffe,37.89,10.5
5,18,Marsim,industrieteile,41.61,113.98000000000003
5,18,Marsim,energie,38.55,10.5
5,18,Marsim,luxus,81.56,31.0
5,18,Marsim,biotech,81.82,29.4
5,18,Marsim,core_daten,112.67,31.0
5,18,Marsim,relikte,151.32,31.0
5,18,Qom-Riyadh,nahrung,23.12,5.1
5,18,Qom-Riyadh,rohstoffe,28.61,22.0
5,18,Qom-Riyadh,industrieteile,45.3,22.65
5,18,Qom-Riyadh,energie,40.88,4.431000000000031
5,18,Qom-Riyadh,luxus,81.18,48.01399999999997
5,18,Qom-Riyadh,biotech,78.27,24.799999999999997
5,18,Qom-Riyadh,core_daten,113.25,114.32799999999992
5,18,Qom-Riyadh,relikte,140.3,28.0
5,18,Bressia,nahrung,23.87,2.2800000000000007
5,18,Bressia,rohstoffe,29.81,66.69210879999996
5,18,Bressia,industrieteile,49.03,9.3
5,18,Bressia,energie,39.54,33.29529759999999
5,18,Bressia,luxus,75.23,19.300780000000003
5,18,Bressia,biotech,81.76,23.4
5,18,Bressia,core_daten,106.83,25.0
5,18,Bressia,relikte,147.84,25.0
5,18,Hebron,nahrung,22.0,7.3
5,18,Hebron,rohstoffe,26.13,9.5
5,18,Hebron,industrieteile,43.68,20.4
5,18,Hebron,energie,46.44,2.3000000000000007
5,18,Hebron,luxus,79.5,46.05600799999999
5,18,Hebron,biotech,97.08,9.5
5,18,Hebron,core_daten,105.89,26.0
5,18,Hebron,relikte,135.74,26.0
5,18,Hyperion,nahrung,20.01,5.14
5,18,Hyperion,rohstoffe,28.47,25.79809679999998
5,18,Hyperion,industrieteile,42.55,15.079999999999993
5,18,Hyperion,energie,43.62,2.3800000000000003
5,18,Hyperion,luxus,82.04,6.8264
5,18,Hyperion,biotech,87.04,18.09999999999999
5,18,Hyperion,core_daten,103.67,24.0
5,18,Hyperion,relikte,155.75,36.899048399999984
5,19,Lusus,nahrung,26.11,3.744000000000053
5,19,Lusus,rohstoffe,29.55,26.0
5,19,Lusus,industrieteile,41.38,23.2
5,19,Lusus,energie,51.84,7.142999999999999
5,19,Lusus,luxus,76.22,85.91517999999996
5,19,Lusus,biotech,76.78,32.0
5,19,Lusus,core_daten,109.23,74.10399999999998
5,19,Lusus,relikte,147.07,32.0
5,19,Tau Ceti,nahrung,20.97,10.3
5,19,Tau Ceti,rohstoffe,27.69,20.5
5,19,Tau Ceti,industrieteile,48.78,10.3
5,19,Tau Ceti,energie,66.64,9.243
5,19,Tau Ceti,luxus,82.07,27.221199999999993
5,19,Tau Ceti,biotech,77.66,61.406999999999975
5,19,Tau Ceti,core_daten,109.1,30.0
5,19,Tau Ceti,relikte,138.7,30.0
5,19,Maui-Covenant,nahrung,21.49,9.5
5,19,Maui-Covenant,rohstoffe,29.8,18.5
5,19,Maui-Covenant,industrieteile,44.39,23.2
5,19,Maui-Covenant,energie,38.54,5.0
5,19,Maui-Covenant,luxus,83.16,9.5
5,19,Maui-Covenant,biotech,79.58,72.81599999999997
5,19,Maui-Covenant,core_daten,108.72,26.0
5,19,Maui-Covenant,relikte,154.23,26.0
5,19,Marsim,nahrung,30.62,0.9239999999999977
5,19,Marsim,rohstoffe,37.15,10.5
5,19,Marsim,industrieteile,43.79,119.38500000000003
5,19,Marsim,energie,40.14,10.5
5,19,Marsim,luxus,75.12,26.1584
5,19,Marsim,biotech,81.18,29.4
5,19,Marsim,core_daten,116.12,31.0
5,19,Marsim,relikte,136.37,31.0
5,19,Qom-Riyadh,nahrung,23.02,2.6999999999999997
5,19,Qom-Riyadh,rohstoffe,29.96,22.0
5,19,Qom-Riyadh,industrieteile,40.86,18.139999999999997
5,19,Qom-Riyadh,energie,46.34,3.46762560000002
5,19,Qom-Riyadh,luxus,76.34,49.212999999999965
5,19,Qom-Riyadh,biotech,81.06,24.799999999999997
5,19,Qom-Riyadh,core_daten,105.64,119.12399999999991
5,19,Qom-Riyadh,relikte,136.57,28.0
5,19,Bressia,nahrung,35.01,8.24
5,19,Bressia,rohstoffe,29.76,69.98657279999996
5,19,Bressia,industrieteile,48.56,9.3
5,19,Bressia,energie,35.5,9.3
5,19,Bressia,luxus,75.49,19.300780000000003
5,19,Bressia,biotech,82.74,23.4
5,19,Bressia,core_daten,107.28,25.0
5,19,Bressia,relikte,144.53,25.0
5,19,Hebron,nahrung,24.34,5.1
5,19,Hebron,rohstoffe,28.14,9.5
5,19,Hebron,industrieteile,41.55,20.4
5,19,Hebron,energie,58.42,6.500000000000001
5,19,Hebron,luxus,80.05,47.42082599999999
5,19,Hebron,biotech,82.59,7.9
5,19,Hebron,core_daten,110.72,26.0
5,19,Hebron,relikte,149.65,26.0
5,19,Hyperion,nahrung,20.56,3.6999999999999993
5,19,Hyperion,rohstoffe,27.62,21.22499359999998
5,19,Hyperion,industrieteile,44.7,15.079999999999993
5,19,Hyperion,energie,54.51,6.7
5,19,Hyperion,luxus,89.54,9.1
5,19,Hyperion,biotech,88.43,18.09999999999999
5,19,Hyperion,core_daten,112.12,24.0
5,19,Hyperion,relikte,141.44,37.61249679999998
5,20,Lusus,nahrung,44.96,8.24
5,20,Lusus,rohstoffe,29.51,26.0
5,20,Lusus,industrieteile,41.26,20.4
5,20,Lusus,energie,43.74,3.9429999999999987
5,20,Lusus,luxus,74.93,88.23917999999996
5,20,Lusus,biotech,82.08,32.0
5,20,Lusus,core_daten,107.06,76.31999999999998
5,20,Lusus,relikte,139.33,32.0
5,20,Tau Ceti,nahrung,20.13,10.3
5,20,Tau Ceti,rohstoffe,28.43,20.5
5,20,Tau Ceti,industrieteile,47.05,10.3
5,20,Tau Ceti,energie,41.37,6.4430000000000005
5,20,Tau Ceti,luxus,83.81,27.221199999999993
5,20,Tau Ceti,biotech,82.91,63.052439999999976
5,20,Tau Ceti,core_daten,117.86,30.0
5,20,Tau Ceti,relikte,139.53,30.0
5,20,Maui-Covenant,nahrung,20.66,9.5
5,20,Maui-Covenant,rohstoffe,27.02,12.5
5,20,Maui-Covenant,industrieteile,43.86,23.2
5,20,Maui-Covenant,energie,41.3,3.5
5,20,Maui-Covenant,luxus,81.7,9.5
5,20,Maui-Covenant,biotech,75.98,72.07999999999997
5,20,Maui-Covenant,core_daten,108.23,26.0
5,20,Maui-Covenant,relikte,141.04,26.0
5,20,Marsim,nahrung,35.72,0.5817599999999992
5,20,Marsim,rohstoffe,39.22,10.5
5,20,Marsim,industrieteile,43.54,124.79000000000003
5,20,Marsim,energie,36.67,10.5
5,20,Marsim,luxus,77.47,26.1584
5,20,Marsim,biotech,78.03,29.4
5,20,Marsim,core_daten,118.89,31.0
5,20,Marsim,relikte,142.32,31.0
5,20,Qom-Riyadh,nahrung,30.53,0.2999999999999998
5,20,Qom-Riyadh,rohstoffe,29.35,22.0
5,20,Qom-Riyadh,industrieteile,45.2,18.139999999999997
5,20,Qom-Riyadh,energie,48.38,5.74560320000002
5,20,Qom-Riyadh,luxus,76.56,50.41199999999996
5,20,Qom-Riyadh,biotech,80.64,24.799999999999997
5,20,Qom-Riyadh,core_daten,105.72,123.9199999999999
5,20,Qom-Riyadh,relikte,152.33,28.0
5,20,Bressia,nahrung,21.59,5.9
5,20,Bressia,rohstoffe,29.79,73.26652159999996
5,20,Bressia,industrieteile,46.65,7.590000000000001
5,20,Bressia,energie,34.7,9.3
5,20,Bressia,luxus,77.64,19.300780000000003
5,20,Bressia,biotech,77.81,23.4
5,20,Bressia,core_daten,102.92,25.0
5,20,Bressia,relikte,135.84,25.0
5,20,Hebron,nahrung,23.9,2.8999999999999995
5,20,Hebron,rohstoffe,26.3,9.5
5,20,Hebron,industrieteile,41.34,20.4
5,20,Hebron,energie,40.88,4.700000000000001
5,20,Hebron,luxus,79.03,48.78564399999999
5,20,Hebron,biotech,86.32,9.5
5,20,Hebron,core_daten,117.29,26.0
5,20,Hebron,relikte,138.77,26.0
5,20,Hyperion,nahrung,24.24,2.259999999999999
5,20,Hyperion,rohstoffe,29.43,22.65189039999998
5,20,Hyperion,industrieteile,40.17,15.079999999999993
5,20,Hyperion,energie,38.75,5.02
5,20,Hyperion,luxus,81.68,7.532
5,20,Hyperion,biotech,85.68,18.09999999999999
5,20,Hyperion,core_daten,110.88,24.0
5,20,Hyperion,relikte,141.22,38.32594519999998
5,21,Lusus,nahrung,28.46,1.8399999999999999
5,21,Lusus,rohstoffe,27.73,26.0
5,21,Lusus,industrieteile,42.04,20.4
5,21,Lusus,energie,56.1,5.4026608
5,21,Lusus,luxus,73.5,87.40889919999996
5,21,Lusus,biotech,76.6,32.0
5,21,Lusus,core_daten,113.73,78.52381279999997
5,21,Lusus,relikte,146.05,32.0
5,21,Tau Ceti,nahrung,21.72,10.3
5,21,Tau Ceti,rohstoffe,30.29,20.5
5,21,Tau Ceti,industrieteile,46.98,10.3
5,21,Tau Ceti,energie,45.3,3.6430000000000007
5,21,Tau Ceti,luxus,83.06,27.221199999999993
5,21,Tau Ceti,biotech,78.1,64.69787999999997
5,21,Tau Ceti,core_daten,115.36,30.0
5,21,Tau Ceti,relikte,148.11,30.0
5,21,Maui-Covenant,nahrung,22.2,9.5
5,21,Maui-Covenant,rohstoffe,30.1,12.5
5,21,Maui-Covenant,industrieteile,41.36,23.2
5,21,Maui-Covenant,energie,45.22,2.0
5,21,Maui-Covenant,luxus,79.71,9.5
5,21,Maui-Covenant,biotech,80.22,74.54399999999997
5,21,Maui-Covenant,core_daten,111.27,26.0
5,21,Maui-Covenant,relikte,137.27,26.0
5,21,Marsim,nahrung,35.68,8.24
5,21,Marsim,rohstoffe,36.39,10.5
5,21,Marsim,industrieteile,42.35,130.16447200000005
5,21,Marsim,energie,36.72,10.5
5,21,Marsim,luxus,75.43,26.1584
5,21,Marsim,biotech,80.63,29.4
5,21,Marsim,core_daten,112.24,31.0
5,21,Marsim,relikte,138.74,31.0
5,21,Qom-Riyadh,nahrung,32.85,0.5817599999999992
5,21,Qom-Riyadh,rohstoffe,27.58,22.0
5,21,Qom-Riyadh,industrieteile,40.72,15.339999999999996
5,21,Qom-Riyadh,energie,43.13,3.34560320000002
5,21,Qom-Riyadh,luxus,77.56,51.61099999999996
5,21,Qom-Riyadh,biotech,78.19,24.799999999999997
5,21,Qom-Riyadh,core_daten,112.85,128.7159999999999
5,21,Qom-Riyadh,relikte,148.97,28.0
5,21,Bressia,nahrung,23.41,3.56
5,21,Bressia,rohstoffe,29.4,76.54647039999996
5,21,Bressia,industrieteile,43.17,5.880000000000001
5,21,Bressia,energie,37.15,9.3
5,21,Bressia,luxus,77.18,19.300780000000003
5,21,Bressia,biotech,75.05,21.799999999999997
5,21,Bressia,core_daten,110.8,25.0
5,21,Bressia,relikte,133.15,25.0
5,21,Hebron,nahrung,27.03,0.6999999999999993
5,21,Hebron,rohstoffe,29.37,9.5
5,21,Hebron,industrieteile,42.63,20.4
5,21,Hebron,energie,42.0,2.9000000000000012
5,21,Hebron,luxus,74.64,50.15046199999999
5,21,Hebron,biotech,82.31,9.5
5,21,Hebron,core_daten,109.51,26.0
5,21,Hebron,relikte,156.41,26.0
5,21,Hyperion,nahrung,25.55,0.8199999999999987
5,21,Hyperion,rohstoffe,27.2,18.078787199999983
5,21,Hyperion,industrieteile,44.48,15.079999999999993
5,21,Hyperion,energie,40.02,3.3399999999999994
5,21,Hyperion,luxus,86.45,9.1
5,21,Hyperion,biotech,84.14,18.09999999999999
5,21,Hyperion,core_daten,122.79,24.0
5,21,Hyperion,relikte,140.52,39.039393599999975
5,22,Lusus,nahrung,48.24,8.24
5,22,Lusus,rohstoffe,29.48,26.0
5,22,Lusus,industrieteile,43.59,20.4
5,22,Lusus,energie,49.39,2.2026607999999994
5,22,Lusus,luxus,77.2,90.71461839999996
5,22,Lusus,biotech,80.68,32.0
5,22,Lusus,core_daten,108.64,80.72762559999997
5,22,Lusus,relikte,150.94,32.0
5,22,Tau Ceti,nahrung,21.91,10.3
5,22,Tau Ceti,rohstoffe,28.12,20.5
5,22,Tau Ceti,industrieteile,50.76,10.3
5,22,Tau Ceti,energie,51.92,0.8430000000000009
5,22,Tau Ceti,luxus,75.16,26.221199999999993
5,22,Tau Ceti,biotech,81.1,66.34331999999996
5,22,Tau Ceti,core_daten,109.87,30.0
5,22,Tau Ceti,relikte,142.42,30.0
5,22,Maui-Covenant,nahrung,22.25,9.5
5,22,Maui-Covenant,rohstoffe,27.46,12.5
5,22,Maui-Covenant,industrieteile,41.13,23.2
5,22,Maui-Covenant,energie,49.94,0.5
5,22,Maui-Covenant,luxus,86.07,9.5
5,22,Maui-Covenant,biotech,78.21,77.00799999999997
5,22,Maui-Covenant,core_daten,105.61,26.0
5,22,Maui-Covenant,relikte,146.28,26.0
5,22,Marsim,nahrung,23.14,4.640000000000001
5,22,Marsim,rohstoffe,35.96,10.5
5,22,Marsim,industrieteile,42.33,135.50738928000004
5,22,Marsim,energie,38.51,10.5
5,22,Marsim,luxus,79.36,26.1584
5,22,Marsim,biotech,82.95,29.4
5,22,Marsim,core_daten,113.47,31.0
5,22,Marsim,relikte,151.06,31.0
5,22,Qom-Riyadh,nahrung,34.1,0.5817599999999992
5,22,Qom-Riyadh,rohstoffe,27.92,22.0
5,22,Qom-Riyadh,industrieteile,42.23,15.339999999999996
5,22,Qom-Riyadh,energie,55.04,5.5863311680000205
5,22,Qom-Riyadh,luxus,76.45,52.80366399999996
5,22,Qom-Riyadh,biotech,84.11,24.799999999999997
5,22,Qom-Riyadh,core_daten,114.45,133.4866559999999
5,22,Qom-Riyadh,relikte,148.69,28.0
5,22,Bressia,nahrung,28.08,1.2199999999999998
5,22,Bressia,rohstoffe,30.07,79.82641919999996
5,22,Bressia,industrieteile,46.04,4.170000000000001
5,22,Bressia,energie,38.82,9.3
5,22,Bressia,luxus,79.11,19.300780000000003
5,22,Bressia,biotech,83.03,21.799999999999997
5,22,Bressia,core_daten,110.05,25.0
5,22,Bressia,relikte,139.61,25.0
5,22,Hebron,nahrung,33.0,0.0
5,22,Hebron,rohstoffe,29.08,9.5
5,22,Hebron,industrieteile,40.72,20.4
5,22,Hebron,energie,46.48,1.1000000000000012
5,22,Hebron,luxus,75.7,51.51527999999999
5,22,Hebron,biotech,84.99,7.9
5,22,Hebron,core_daten,113.12,26.0
5,22,Hebron,relikte,135.02,26.0
5,22,Hyperion,nahrung,26.51,0.0
5,22,Hyperion,rohstoffe,26.2,13.505683999999984
5,22,Hyperion,industrieteile,39.8,12.279999999999994
5,22,Hyperion,energie,47.79,1.6599999999999993
5,22,Hyperion,luxus,78.93,7.532
5,22,Hyperion,biotech,81.56,18.09999999999999
5,22,Hyperion,core_daten,118.84,24.0
5,22,Hyperion,relikte,143.75,39.75284199999997
5,23,Lusus,nahrung,30.89,1.8399999999999999
5,23,Lusus,rohstoffe,26.86,20.0
5,23,Lusus,industrieteile,41.54,11.599999999999998
5,23,Lusus,energie,73.91,4.640727968
5,23,Lusus,luxus,81.04,93.99862959999996
5,23,Lusus,biotech,80.44,32.0
5,23,Lusus,core_daten,114.93,82.91696639999996
5,23,Lusus,relikte,140.23,32.0
5,23,Tau Ceti,nahrung,21.47,10.3
5,23,Tau Ceti,rohstoffe,27.92,20.5
5,23,Tau Ceti,industrieteile,47.2,10.3
5,23,Tau Ceti,energie,72.68,0.0
5,23,Tau Ceti,luxus,82.33,26.221199999999993
5,23,Tau Ceti,biotech,84.42,67.98875999999996
5,23,Tau Ceti,core_daten,113.6,30.0
5,23,Tau Ceti,relikte,143.54,30.0
5,23,Maui-Covenant,nahrung,21.53,9.5
5,23,Maui-Covenant,rohstoffe,29.2,12.5
5,23,Maui-Covenant,industrieteile,44.63,23.2
5,23,Maui-Covenant,energie,61.28,0.0
5,23,Maui-Covenant,luxus,80.09,9.5
5,23,Maui-Covenant,biotech,79.67,79.47199999999997
5,23,Maui-Covenant,core_daten,115.26,26.0
5,23,Maui-Covenant,relikte,140.46,26.0
5,23,Marsim,nahrung,27.17,1.040000000000001
5,23,Marsim,rohstoffe,34.89,10.5
5,23,Marsim,industrieteile,42.82,140.01030656000003
5,23,Marsim,energie,39.92,10.5
5,23,Marsim,luxus,83.62,26.1584
5,23,Marsim,biotech,77.82,29.4
5,23,Marsim,core_daten,115.3,31.0
5,23,Marsim,relikte,143.42,31.0
5,23,Qom-Riyadh,nahrung,32.71,8.24
5,23,Qom-Riyadh,rohstoffe,28.15,22.0
5,23,Qom-Riyadh,industrieteile,45.47,15.339999999999996
5,23,Qom-Riyadh,energie,47.05,3.1863311680000206
5,23,Qom-Riyadh,luxus,73.79,49.85417796159996
5,23,Qom-Riyadh,biotech,84.09,24.799999999999997
5,23,Qom-Riyadh,core_daten,106.2,138.2327118463999
5,23,Qom-Riyadh,relikte,136.72,28.0
5,23,Bressia,nahrung,30.66,0.0
5,23,Bressia,rohstoffe,29.56,83.10636799999996
5,23,Bressia,industrieteile,57.71,9.3
5,23,Bressia,energie,35.17,9.3
5,23,Bressia,luxus,76.66,19.300780000000003
5,23,Bressia,biotech,74.57,18.599999999999998
5,23,Bressia,core_daten,113.8,25.0
5,23,Bressia,relikte,145.13,25.0
5,23,Hebron,nahrung,30.73,0.0
5,23,Hebron,rohstoffe,27.84,9.5
5,23,Hebron,industrieteile,45.36,20.4
5,23,Hebron,energie,65.63,0.0
5,23,Hebron,luxus,75.07,52.87307799999999
5,23,Hebron,biotech,90.87,9.5
5,23,Hebron,core_daten,115.37,26.0
5,23,Hebron,relikte,152.88,26.0
5,23,Hyperion,nahrung,31.61,0.5817599999999992
5,23,Hyperion,rohstoffe,28.06,14.925759999999984
5,23,Hyperion,industrieteile,44.88,12.279999999999994
5,23,Hyperion,energie,61.11,0.0
5,23,Hyperion,luxus,91.98,9.1
5,23,Hyperion,biotech,76.74,18.09999999999999
5,23,Hyperion,core_daten,105.89,24.0
5,23,Hyperion,relikte,133.36,40.46287999999997
5,24,Lusus,nahrung,44.2,8.229800000000001
5,24,Lusus,rohstoffe,28.52,20.0
5,24,Lusus,industrieteile,41.22,11.599999999999998
5,24,Lusus,energie,51.03,1.440727968
5,24,Lusus,luxus,73.26,96.26734558943996
5,24,Lusus,biotech,82.25,32.0
5,24,Lusus,core_daten,106.72,85.09611039295996
5,24,Lusus,relikte,147.15,32.0
5,24,Tau Ceti,nahrung,20.29,10.3
5,24,Tau Ceti,rohstoffe,27.56,20.5
5,24,Tau Ceti,industrieteile,48.12,10.3
5,24,Tau Ceti,energie,69.14,4.633487168
5,24,Tau Ceti,luxus,76.44,26.221199999999993
5,24,Tau Ceti,biotech,76.35,68.02568869999996
5,24,Tau Ceti,core_daten,106.35,30.0
5,24,Tau Ceti,relikte,152.3,30.0
5,24,Maui-Covenant,nahrung,20.46,9.5
5,24,Maui-Covenant,rohstoffe,27.2,12.5
5,24,Maui-Covenant,industrieteile,41.08,23.2
5,24,Maui-Covenant,energie,58.88,0.0
5,24,Maui-Covenant,luxus,89.48,9.5
5,24,Maui-Covenant,biotech,77.85,81.92477999999997
5,24,Maui-Covenant,core_daten,118.12,26.0
5,24,Maui-Covenant,relikte,145.17,26.0
5,24,Marsim,nahrung,35.82,0.5477147999999978
5,24,Marsim,rohstoffe,38.67,10.5
5,24,Marsim,industrieteile,41.79,145.35322384000003
5,24,Marsim,energie,35.65,10.5
5,24,Marsim,luxus,79.38,26.1584
5,24,Marsim,biotech,83.29,29.4
5,24,Marsim,core_daten,114.37,31.0
5,24,Marsim,relikte,140.78,31.0
5,24,Qom-Riyadh,nahrung,23.64,5.84
5,24,Qom-Riyadh,rohstoffe,29.86,22.0
5,24,Qom-Riyadh,industrieteile,45.81,15.339999999999996
5,24,Qom-Riyadh,energie,53.41,0.7863311680000207
5,24,Qom-Riyadh,luxus,81.69,51.03454188479996
5,24,Qom-Riyadh,biotech,84.21,24.799999999999997
5,24,Qom-Riyadh,core_daten,107.01,142.9541675391999
5,24,Qom-Riyadh,relikte,136.43,28.0
5,24,Bressia,nahrung,29.94,0.0
5,24,Bressia,rohstoffe,26.23,80.36976639999996
5,24,Bressia,industrieteile,42.68,7.590000000000001
5,24,Bressia,energie,36.91,9.3
5,24,Bressia,luxus,83.11,19.300780000000003
5,24,Bressia,biotech,79.27,18.599999999999998
5,24,Bressia,core_daten,113.18,25.0
5,24,Bressia,relikte,131.92,25.0
5,24,Hebron,nahrung,29.74,0.0
5,24,Hebron,rohstoffe,31.44,9.5
5,24,Hebron,industrieteile,38.86,17.599999999999998
5,24,Hebron,energie,61.95,0.0
5,24,Hebron,luxus,82.97,54.216913999999996
5,24,Hebron,biotech,95.68,9.5
5,24,Hebron,core_daten,117.92,26.0
5,24,Hebron,relikte,142.65,26.0
5,24,Hyperion,nahrung,30.62,0.0
5,24,Hyperion,rohstoffe,30.43,16.332009599999985
5,24,Hyperion,industrieteile,45.49,12.279999999999994
5,24,Hyperion,energie,66.23,0.0
5,24,Hyperion,luxus,78.74,7.532
5,24,Hyperion,biotech,89.44,18.09999999999999
5,24,Hyperion,core_daten,110.82,24.0
5,24,Hyperion,relikte,149.89,41.16600479999997
5,25,Lusus,nahrung,27.72,1.8298000000000005
5,25,Lusus,rohstoffe,28.84,20.0
5,25,Lusus,industrieteile,41.81,10.7
5,25,Lusus,energie,72.78,4.607113567999999
5,25,Lusus,luxus,76.76,98.51435357887995
5,25,Lusus,biotech,83.2,32.0
5,25,Lusus,core_daten,116.26,87.26078238591995
5,25,Lusus,relikte,142.32,32.0
5,25,Tau Ceti,nahrung,21.27,10.3
5,25,Tau Ceti,rohstoffe,28.02,20.5
5,25,Tau Ceti,industrieteile,46.87,10.3
5,25,Tau Ceti,energie,51.43,1.8334871680000004
5,25,Tau Ceti,luxus,77.07,26.221199999999993
5,25,Tau Ceti,biotech,76.79,68.05334739999996
5,25,Tau Ceti,core_daten,110.25,30.0
5,25,Tau Ceti,relikte,149.5,30.0
5,25,Maui-Covenant,nahrung,20.2,9.5
5,25,Maui-Covenant,rohstoffe,29.64,12.5
5,25,Maui-Covenant,industrieteile,43.07,23.2
5,25,Maui-Covenant,energie,60.37,0.0
5,25,Maui-Covenant,luxus,80.65,9.5
5,25,Maui-Covenant,biotech,76.84,84.36567999999997
5,25,Maui-Covenant,core_daten,107.66,26.0
5,25,Maui-Covenant,relikte,142.68,26.0
5,25,Marsim,nahrung,35.9,8.219
5,25,Marsim,rohstoffe,34.87,10.5
5,25,Marsim,industrieteile,42.37,148.76596112000001
5,25,Marsim,energie,37.32,10.5
5,25,Marsim,luxus,77.07,26.1584
5,25,Marsim,biotech,82.04,29.4
5,25,Marsim,core_daten,119.11,31.0
5,25,Marsim,relikte,139.44,31.0
5,25,Qom-Riyadh,nahrung,24.42,3.44
5,25,Qom-Riyadh,rohstoffe,27.88,16.0
5,25,Qom-Riyadh,industrieteile,44.48,15.339999999999996
5,25,Qom-Riyadh,energie,63.51,0.0
5,25,Qom-Riyadh,luxus,83.22,52.214905807999955
5,25,Qom-Riyadh,biotech,81.12,24.799999999999997
5,25,Qom-Riyadh,core_daten,118.24,147.67562323199988
5,25,Qom-Riyadh,relikte,140.01,28.0
5,25,Bressia,nahrung,31.41,0.5106348000000018
5,25,Bressia,rohstoffe,29.43,83.61427199999996
5,25,Bressia,industrieteile,44.58,5.880000000000001
5,25,Bressia,energie,36.29,9.3
5,25,Bressia,luxus,81.95,19.300780000000003
5,25,Bressia,biotech,89.35,18.599999999999998
5,25,Bressia,core_daten,109.02,25.0
5,25,Bressia,relikte,136.75,25.0
5,25,Hebron,nahrung,30.63,0.0
5,25,Hebron,rohstoffe,31.61,9.5
5,25,Hebron,industrieteile,40.08,17.599999999999998
5,25,Hebron,energie,63.22,0.0
5,25,Hebron,luxus,76.46,52.40993
5,25,Hebron,biotech,93.1,9.5
5,25,Hebron,core_daten,106.59,26.0
5,25,Hebron,relikte,148.71,26.0
5,25,Hyperion,nahrung,31.25,0.0
5,25,Hyperion,rohstoffe,30.75,17.723527078399986
5,25,Hyperion,industrieteile,44.63,12.279999999999994
5,25,Hyperion,energie,61.06,0.0
5,25,Hyperion,luxus,88.41,9.1
5,25,Hyperion,biotech,76.8,18.09999999999999
5,25,Hyperion,core_daten,120.88,24.0
5,25,Hyperion,relikte,149.9,41.86176353919997
5,26,Lusus,nahrung,46.62,8.2082
5,26,Lusus,rohstoffe,28.27,20.0
5,26,Lusus,industrieteile,42.76,10.7
5,26,Lusus,energie,50.61,1.4071135679999989
5,26,Lusus,luxus,79.06,101.74469487866234
5,26,Lusus,biotech,82.32,32.0
5,26,Lusus,core_daten,112.02,89.41434325244155
5,26,Lusus,relikte,136.16,32.0
5,26,Tau Ceti,nahrung,21.24,10.3
5,26,Tau Ceti,rohstoffe,28.36,20.5
5,26,Tau Ceti,industrieteile,48.81,10.3
5,26,Tau Ceti,energie,71.2,4.57985385464
5,26,Tau Ceti,luxus,83.23,26.221199999999993
5,26,Tau Ceti,biotech,77.39,68.08100609999997
5,26,Tau Ceti,core_daten,112.18,30.0
5,26,Tau Ceti,relikte,154.16,30.0
5,26,Maui-Covenant,nahrung,21.61,9.5
5,26,Maui-Covenant,rohstoffe,28.06,12.5
5,26,Maui-Covenant,industrieteile,44.11,23.2
5,26,Maui-Covenant,energie,62.7,0.0
5,26,Maui-Covenant,luxus,83.07,9.5
5,26,Maui-Covenant,biotech,84.71,86.79469999999996
5,26,Maui-Covenant,core_daten,107.43,26.0
5,26,Maui-Covenant,relikte,154.59,26.0
5,26,Marsim,nahrung,23.44,4.619
5,26,Marsim,rohstoffe,35.94,10.5
5,26,Marsim,industrieteile,44.19,154.0470415444
5,26,Marsim,energie,38.51,10.5
5,26,Marsim,luxus,83.29,26.1584
5,26,Marsim,biotech,85.09,29.4
5,26,Marsim,core_daten,116.88,31.0
5,26,Marsim,relikte,145.13,31.0
5,26,Qom-Riyadh,nahrung,27.99,1.04
5,26,Qom-Riyadh,rohstoffe,27.04,16.0
5,26,Qom-Riyadh,industrieteile,45.12,15.339999999999996
5,26,Qom-Riyadh,energie,68.67,0.0
5,26,Qom-Riyadh,luxus,75.82,53.38925470977083
5,26,Qom-Riyadh,biotech,85.07,24.799999999999997
5,26,Qom-Riyadh,core_daten,110.97,152.3730188390834
5,26,Qom-Riyadh,relikte,145.9,28.0
5,26,Bressia,nahrung,34.21,0.5106348000000018
5,26,Bressia,rohstoffe,26.65,80.83988479999995
5,26,Bressia,industrieteile,47.18,4.170000000000001
5,26,Bressia,energie,38.99,9.3
5,26,Bressia,luxus,72.76,16.732780000000005
5,26,Bressia,biotech,83.14,18.599999999999998
5,26,Bressia,core_daten,119.1,25.0
5,26,Bressia,relikte,145.34,25.0
5,26,Hebron,nahrung,29.94,0.0
5,26,Hebron,rohstoffe,30.56,9.5
5,26,Hebron,industrieteile,45.91,17.599999999999998
5,26,Hebron,energie,64.83,0.0
5,26,Hebron,luxus,79.05,53.724126000000005
5,26,Hebron,biotech,97.65,9.5
5,26,Hebron,core_daten,119.25,26.0
5,26,Hebron,relikte,135.74,26.0
5,26,Hyperion,nahrung,29.17,0.0
5,26,Hyperion,rohstoffe,27.45,19.099823756799985
5,26,Hyperion,industrieteile,41.14,9.479999999999993
5,26,Hyperion,energie,61.54,0.0
5,26,Hyperion,luxus,93.41,9.1
5,26,Hyperion,biotech,91.98,18.09999999999999
5,26,Hyperion,core_daten,108.27,24.0
5,26,Hyperion,relikte,138.18,42.54991187839997
5,27,Lusus,nahrung,30.04,1.8081999999999994
5,27,Lusus,rohstoffe,30.03,20.0
5,27,Lusus,industrieteile,41.03,10.7
5,27,Lusus,energie,78.45,4.572017187872001
5,27,Lusus,luxus,75.12,102.38530981844475
5,27,Lusus,biotech,82.91,32.0
5,27,Lusus,core_daten,117.18,91.55341987896315
5,27,Lusus,relikte,149.05,32.0
5,27,Tau Ceti,nahrung,20.09,10.3
5,27,Tau Ceti,rohstoffe,29.17,20.5
5,27,Tau Ceti,industrieteile,47.8,10.3
5,27,Tau Ceti,energie,46.07,1.7798538546399998
5,27,Tau Ceti,luxus,77.25,26.221199999999993
5,27,Tau Ceti,biotech,79.09,68.10104493845117
5,27,Tau Ceti,core_daten,114.5,30.0
5,27,Tau Ceti,relikte,140.9,30.0
5,27,Maui-Covenant,nahrung,21.25,9.5
5,27,Maui-Covenant,rohstoffe,29.46,12.5
5,27,Maui-Covenant,industrieteile,41.07,14.399999999999999
5,27,Maui-Covenant,energie,56.2,0.0
5,27,Maui-Covenant,luxus,86.21,9.5
5,27,Maui-Covenant,biotech,80.55,89.21183999999997
5,27,Maui-Covenant,core_daten,107.46,26.0
5,27,Maui-Covenant,relikte,138.32,26.0
5,27,Marsim,nahrung,29.99,1.0190000000000001
5,27,Marsim,rohstoffe,37.73,10.5
5,27,Marsim,industrieteile,41.57,159.3281219688
5,27,Marsim,energie,36.32,10.5
5,27,Marsim,luxus,83.87,26.1584
5,27,Marsim,biotech,83.65,29.4
5,27,Marsim,core_daten,116.0,31.0
5,27,Marsim,relikte,142.33,31.0
5,27,Qom-Riyadh,nahrung,31.39,0.48015535380480046
5,27,Qom-Riyadh,rohstoffe,28.3,16.0
5,27,Qom-Riyadh,industrieteile,41.13,14.499999999999996
5,27,Qom-Riyadh,energie,67.98,0.0
5,27,Qom-Riyadh,luxus,77.55,54.55706961154171
5,27,Qom-Riyadh,biotech,85.21,24.799999999999997
5,27,Qom-Riyadh,core_daten,110.32,157.0442784461669
5,27,Qom-Riyadh,relikte,144.42,28.0
5,27,Bressia,nahrung,32.01,8.1974
5,27,Bressia,rohstoffe,30.71,84.04758521881595
5,27,Bressia,industrieteile,51.16,9.3
5,27,Bressia,energie,39.42,9.3
5,27,Bressia,luxus,75.42,16.732780000000005
5,27,Bressia,biotech,83.53,18.599999999999998
5,27,Bressia,core_daten,108.21,25.0
5,27,Bressia,relikte,156.02,25.0
5,27,Hebron,nahrung,30.21,0.0
5,27,Hebron,rohstoffe,30.86,9.5
5,27,Hebron,industrieteile,44.44,17.599999999999998
5,27,Hebron,energie,61.09,0.0
5,27,Hebron,luxus,84.82,55.02350200000001
5,27,Hebron,biotech,88.64,9.5
5,27,Hebron,core_daten,118.09,26.0
5,27,Hebron,relikte,148.29,26.0
5,27,Hyperion,nahrung,30.49,0.0
5,27,Hyperion,rohstoffe,28.13,14.460899635199986
5,27,Hyperion,industrieteile,46.32,9.479999999999993
5,27,Hyperion,energie,63.06,0.0
5,27,Hyperion,luxus,88.0,9.1
5,27,Hyperion,biotech,97.79,18.09999999999999
5,27,Hyperion,core_daten,115.41,24.0
5,27,Hyperion,relikte,155.33,43.23044981759997
5,28,Lusus,nahrung,44.16,8.1866
5,28,Lusus,rohstoffe,28.24,20.0
5,28,Lusus,industrieteile,41.36,10.7
5,28,Lusus,energie,55.31,1.372017187872001
5,28,Lusus,luxus,75.56,103.00919756264956
5,28,Lusus,biotech,80.73,32.0
5,28,Lusus,core_daten,109.52,93.68134504176635
5,28,Lusus,relikte,150.77,32.0
5,28,Tau Ceti,nahrung,21.84,10.3
5,28,Tau Ceti,rohstoffe,28.88,20.5
5,28,Tau Ceti,industrieteile,48.51,10.3
5,28,Tau Ceti,energie,66.74,0.0
5,28,Tau Ceti,luxus,82.87,26.221199999999993
5,28,Tau Ceti,biotech,76.73,69.72108377690236
5,28,Tau Ceti,core_daten,110.67,30.0
5,28,Tau Ceti,relikte,142.68,30.0
5,28,Maui-Covenant,nahrung,21.57,9.5
5,28,Maui-Covenant,rohstoffe,29.37,12.5
5,28,Maui-Covenant,industrieteile,42.27,14.399999999999999
5,28,Maui-Covenant,energie,62.01,0.0
5,28,Maui-Covenant,luxus,88.97,9.5
5,28,Maui-Covenant,biotech,75.95,90.01709999999997
5,28,Maui-Covenant,core_daten,114.74,26.0
5,28,Maui-Covenant,relikte,144.89,26.0
5,28,Marsim,nahrung,35.58,0.48015535380480046
5,28,Marsim,rohstoffe,37.04,10.5
5,28,Marsim,industrieteile,41.35,160.09920239319996
5,28,Marsim,energie,38.62,10.5
5,28,Marsim,luxus,79.94,26.1584
5,28,Marsim,biotech,86.57,29.4
5,28,Marsim,core_daten,119.46,31.0
5,28,Marsim,relikte,154.06,31.0
5,28,Qom-Riyadh,nahrung,31.74,0.0
5,28,Qom-Riyadh,rohstoffe,29.84,16.0
5,28,Qom-Riyadh,industrieteile,43.95,14.499999999999996
5,28,Qom-Riyadh,energie,68.58,4.564180521104001
5,28,Qom-Riyadh,luxus,83.28,55.71250291331259
5,28,Qom-Riyadh,biotech,77.31,24.799999999999997
5,28,Qom-Riyadh,core_daten,111.07,161.66601165325042
5,28,Qom-Riyadh,relikte,143.39,28.0
5,28,Bressia,nahrung,23.02,5.8574
5,28,Bressia,rohstoffe,26.77,81.23737325644795
5,28,Bressia,industrieteile,50.84,9.3
5,28,Bressia,energie,35.82,9.3
5,28,Bressia,luxus,77.48,16.732780000000005
5,28,Bressia,biotech,76.63,18.599999999999998
5,28,Bressia,core_daten,110.59,25.0
5,28,Bressia,relikte,152.36,25.0
5,28,Hebron,nahrung,29.63,0.0
5,28,Hebron,rohstoffe,27.76,9.5
5,28,Hebron,industrieteile,45.46,17.599999999999998
5,28,Hebron,energie,64.99,0.0
5,28,Hebron,luxus,83.18,56.30805800000001
5,28,Hebron,biotech,89.1,9.5
5,28,Hebron,core_daten,122.25,26.0
5,28,Hebron,relikte,153.99,26.0
5,28,Hyperion,nahrung,33.32,0.0
5,28,Hyperion,rohstoffe,29.46,15.806754713599986
5,28,Hyperion,industrieteile,48.38,9.479999999999993
5,28,Hyperion,energie,61.89,0.0
5,28,Hyperion,luxus,97.0,9.1
5,28,Hyperion,biotech,101.41,18.09999999999999
5,28,Hyperion,core_daten,132.91,24.0
5,28,Hyperion,relikte,138.36,43.90337735679997
5,29,Lusus,nahrung,31.46,1.7866
5,29,Lusus,rohstoffe,29.57,20.0
5,29,Lusus,industrieteile,41.15,10.7
5,29,Lusus,energie,78.55,4.546034721104
5,29,Lusus,luxus,78.68,106.17932006685436
5,29,Lusus,biotech,77.05,30.4
5,29,Lusus,core_daten,108.02,95.79476004456954
5,29,Lusus,relikte,147.84,32.0
5,29,Tau Ceti,nahrung,20.92,10.3
5,29,Tau Ceti,rohstoffe,27.85,17.5
5,29,Tau Ceti,industrieteile,47.32,10.3
5,29,Tau Ceti,energie,68.06,0.0
5,29,Tau Ceti,luxus,79.79,26.221199999999993
5,29,Tau Ceti,biotech,80.64,71.33345448382273
5,29,Tau Ceti,core_daten,119.69,30.0
5,29,Tau Ceti,relikte,146.66,30.0
5,29,Maui-Covenant,nahrung,20.09,9.5
5,29,Maui-Covenant,rohstoffe,27.29,9.5
5,29,Maui-Covenant,industrieteile,41.13,9.889999999999997
5,29,Maui-Covenant,energie,62.02,0.0
5,29,Maui-Covenant,luxus,87.46,9.5
5,29,Maui-Covenant,biotech,80.92,92.41047999999996
5,29,Maui-Covenant,core_daten,107.68,26.0
5,29,Maui-Covenant,relikte,146.66,26.0
5,29,Marsim,nahrung,34.7,8.175799999999999
5,29,Marsim,rohstoffe,37.77,10.5
5,29,Marsim,industrieteile,44.86,165.35003981759996
5,29,Marsim,energie,38.82,10.5
5,29,Marsim,luxus,75.03,23.590400000000002
5,29,Marsim,biotech,85.02,29.4
5,29,Marsim,core_daten,108.69,31.0
5,29,Marsim,relikte,150.43,31.0
5,29,Qom-Riyadh,nahrung,30.56,0.0
5,29,Qom-Riyadh,rohstoffe,29.51,16.0
5,29,Qom-Riyadh,industrieteile,42.44,14.499999999999996
5,29,Qom-Riyadh,energie,45.34,2.1641805211040013
5,29,Qom-Riyadh,luxus,79.47,56.85518511761698
5,29,Qom-Riyadh,biotech,80.86,24.799999999999997
5,29,Qom-Riyadh,core_daten,111.51,166.236740470468
5,29,Qom-Riyadh,relikte,152.88,28.0
5,29,Bressia,nahrung,23.39,3.5174
5,29,Bressia,rohstoffe,29.73,84.42716129407995
5,29,Bressia,industrieteile,48.93,9.3
5,29,Bressia,energie,37.14,9.3
5,29,Bressia,luxus,76.41,16.732780000000005
5,29,Bressia,biotech,77.77,18.599999999999998
5,29,Bressia,core_daten,113.67,25.0
5,29,Bressia,relikte,149.99,25.0
5,29,Hebron,nahrung,32.66,0.4494828276815035
5,29,Hebron,rohstoffe,33.03,9.5
5,29,Hebron,industrieteile,43.26,17.599999999999998
5,29,Hebron,energie,72.32,0.0
5,29,Hebron,luxus,82.07,57.57779400000001
5,29,Hebron,biotech,90.78,9.5
5,29,Hebron,core_daten,129.83,26.0
5,29,Hebron,relikte,162.5,26.0
5,29,Hyperion,nahrung,29.99,0.0
5,29,Hyperion,rohstoffe,33.53,17.137388991999984
5,29,Hyperion,industrieteile,48.04,9.479999999999993
5,29,Hyperion,energie,72.0,0.0
5,29,Hyperion,luxus,87.48,9.1
5,29,Hyperion,biotech,89.2,18.09999999999999
5,29,Hyperion,core_daten,133.96,24.0
5,29,Hyperion,relikte,151.39,44.56869449599997
5,30,Lusus,nahrung,44.68,8.165
5,30,Lusus,rohstoffe,27.16,20.0
5,30,Lusus,industrieteile,42.36,10.7
5,30,Lusus,energie,53.02,1.346034721104
5,30,Lusus,luxus,74.67,106.76465220199734
5,30,Lusus,biotech,80.38,30.4
5,30,Lusus,core_daten,109.23,97.89698146799819
5,30,Lusus,relikte,150.73,32.0
5,30,Tau Ceti,nahrung,21.37,10.3
5,30,Tau Ceti,rohstoffe,29.39,17.5
5,30,Tau Ceti,industrieteile,45.34,10.3
5,30,Tau Ceti,energie,69.09,0.0
5,30,Tau Ceti,luxus,83.42,26.221199999999993
5,30,Tau Ceti,biotech,81.19,72.9365551907431
5,30,Tau Ceti,core_daten,113.02,30.0
5,30,Tau Ceti,relikte,149.34,30.0
5,30,Maui-Covenant,nahrung,20.64,9.5
5,30,Maui-Covenant,rohstoffe,29.24,9.5
5,30,Maui-Covenant,industrieteile,41.29,9.889999999999997
5,30,Maui-Covenant,energie,60.42,0.0
5,30,Maui-Covenant,luxus,82.59,9.5
5,30,Maui-Covenant,biotech,78.25,94.79197999999997
5,30,Maui-Covenant,core_daten,119.51,26.0
5,30,Maui-Covenant,relikte,149.07,26.0
5,30,Marsim,nahrung,24.51,4.575799999999999
5,30,Marsim,rohstoffe,35.82,10.5
5,30,Marsim,industrieteile,43.76,170.56901770806138
5,30,Marsim,energie,35.64,10.5
5,30,Marsim,luxus,75.79,23.590400000000002
5,30,Marsim,biotech,77.66,29.4
5,30,Marsim,core_daten,116.32,31.0
5,30,Marsim,relikte,142.04,31.0
5,30,Qom-Riyadh,nahrung,33.64,0.0
5,30,Qom-Riyadh,rohstoffe,27.59,16.0
5,30,Qom-Riyadh,industrieteile,43.62,11.699999999999996
5,30,Qom-Riyadh,energie,69.49,4.526919000740849
5,30,Qom-Riyadh,luxus,82.72,57.991333321921374
5,30,Qom-Riyadh,biotech,83.39,24.799999999999997
5,30,Qom-Riyadh,core_daten,109.79,170.78133328768556
5,30,Qom-Riyadh,relikte,137.6,28.0
5,30,Bressia,nahrung,26.24,1.1773999999999996
5,30,Bressia,rohstoffe,26.11,81.61694933171195
5,30,Bressia,industrieteile,45.55,7.590000000000001
5,30,Bressia,energie,35.94,9.3
5,30,Bressia,luxus,75.66,16.732780000000005
5,30,Bressia,biotech,74.89,17.0
5,30,Bressia,core_daten,105.28,25.0
5,30,Bressia,relikte,135.98,25.0
5,30,Hebron,nahrung,32.72,0.0
5,30,Hebron,rohstoffe,30.4,9.5
5,30,Hebron,industrieteile,52.06,17.599999999999998
5,30,Hebron,energie,68.44,0.0
5,30,Hebron,luxus,81.07,58.83271000000001
5,30,Hebron,biotech,93.4,9.5
5,30,Hebron,core_daten,113.77,26.0
5,30,Hebron,relikte,148.16,26.0
5,30,Hyperion,nahrung,34.75,0.41240282768150394
5,30,Hyperion,rohstoffe,34.45,18.452802470399984
5,30,Hyperion,industrieteile,53.73,9.479999999999993
5,30,Hyperion,energie,69.01,0.0
5,30,Hyperion,luxus,95.01,9.1
5,30,Hyperion,biotech,106.68,18.09999999999999
5,30,Hyperion,core_daten,129.66,24.0
5,30,Hyperion,relikte,152.4,45.22640123519997
