scenario,run,seed,year,world,good,price,stock
baseline,1,7,1,Lusus,nahrung,22.59,25.6
baseline,1,7,1,Lusus,rohstoffe,30.06,32.0
baseline,1,7,1,Lusus,industrieteile,42.53,32.0
baseline,1,7,1,Lusus,energie,39.23,28.8
baseline,1,7,1,Lusus,luxus,74.17,35.324
baseline,1,7,1,Lusus,biotech,83.66,32.0
baseline,1,7,1,Lusus,core_daten,114.6,34.216
baseline,1,7,1,Lusus,relikte,153.97,32.0
baseline,1,7,1,Tau Ceti,nahrung,21.66,36.612
baseline,1,7,1,Tau Ceti,rohstoffe,27.67,30.0
baseline,1,7,1,Tau Ceti,industrieteile,43.42,27.2
baseline,1,7,1,Tau Ceti,energie,39.2,27.2
baseline,1,7,1,Tau Ceti,luxus,73.92,30.0
baseline,1,7,1,Tau Ceti,biotech,81.17,31.653
baseline,1,7,1,Tau Ceti,core_daten,107.85,30.0
baseline,1,7,1,Tau Ceti,relikte,137.91,30.0
baseline,1,7,1,Maui-Covenant,nahrung,19.65,28.240000000000002
baseline,1,7,1,Maui-Covenant,rohstoffe,29.46,26.0
baseline,1,7,1,Maui-Covenant,industrieteile,40.73,26.0
baseline,1,7,1,Maui-Covenant,energie,36.82,24.5
baseline,1,7,1,Maui-Covenant,luxus,78.97,25.0
baseline,1,7,1,Maui-Covenant,biotech,85.57,28.464
baseline,1,7,1,Maui-Covenant,core_daten,106.76,26.0
baseline,1,7,1,Maui-Covenant,relikte,144.52,26.0
baseline,1,7,1,Marsim,nahrung,21.39,27.4
baseline,1,7,1,Marsim,rohstoffe,31.6,25.0
baseline,1,7,1,Marsim,industrieteile,44.36,36.405
baseline,1,7,1,Marsim,energie,39.19,34.243
baseline,1,7,1,Marsim,luxus,76.47,31.0
baseline,1,7,1,Marsim,biotech,80.71,31.0
baseline,1,7,1,Marsim,core_daten,110.56,31.0
baseline,1,7,1,Marsim,relikte,152.04,31.0
baseline,1,7,1,Qom-Riyadh,nahrung,22.38,25.6
baseline,1,7,1,Qom-Riyadh,rohstoffe,27.2,28.0
baseline,1,7,1,Qom-Riyadh,industrieteile,40.95,28.0
baseline,1,7,1,Qom-Riyadh,energie,37.0,25.6
baseline,1,7,1,Qom-Riyadh,luxus,76.07,29.198999999999998
baseline,1,7,1,Qom-Riyadh,biotech,81.55,28.0
baseline,1,7,1,Qom-Riyadh,core_daten,113.81,32.796
baseline,1,7,1,Qom-Riyadh,relikte,140.81,28.0
baseline,1,7,1,Bressia,nahrung,19.17,22.66
baseline,1,7,1,Bressia,rohstoffe,28.02,28.3248
baseline,1,7,1,Bressia,industrieteile,42.65,23.29
baseline,1,7,1,Bressia,energie,37.99,26.4546
baseline,1,7,1,Bressia,luxus,85.79,25.0
baseline,1,7,1,Bressia,biotech,84.83,25.0
baseline,1,7,1,Bressia,core_daten,113.21,25.0
baseline,1,7,1,Bressia,relikte,148.89,25.0
baseline,1,7,1,Hebron,nahrung,21.86,23.8
baseline,1,7,1,Hebron,rohstoffe,26.05,26.0
baseline,1,7,1,Hebron,industrieteile,46.04,26.0
baseline,1,7,1,Hebron,energie,40.22,24.2
baseline,1,7,1,Hebron,luxus,84.49,27.378
baseline,1,7,1,Hebron,biotech,88.85,24.4
baseline,1,7,1,Hebron,core_daten,110.49,26.0
baseline,1,7,1,Hebron,relikte,142.64,26.0
baseline,1,7,1,Hyperion,nahrung,19.45,22.56
baseline,1,7,1,Hyperion,rohstoffe,29.23,25.4336
baseline,1,7,1,Hyperion,industrieteile,39.2,24.0
baseline,1,7,1,Hyperion,energie,35.02,22.32
baseline,1,7,1,Hyperion,luxus,75.99,22.432
baseline,1,7,1,Hyperion,biotech,76.58,24.0
baseline,1,7,1,Hyperion,core_daten,109.47,24.0
baseline,1,7,1,Hyperion,relikte,133.13,24.7168
baseline,1,7,2,Lusus,nahrung,22.9,19.200000000000003
baseline,1,7,2,Lusus,rohstoffe,28.36,32.0
baseline,1,7,2,Lusus,industrieteile,43.5,32.0
baseline,1,7,2,Lusus,energie,40.05,25.6
baseline,1,7,2,Lusus,luxus,74.35,38.647999999999996
baseline,1,7,2,Lusus,biotech,83.24,32.0
baseline,1,7,2,Lusus,core_daten,118.31,36.432
baseline,1,7,2,Lusus,relikte,150.06,32.0
baseline,1,7,2,Tau Ceti,nahrung,21.45,43.224000000000004
baseline,1,7,2,Tau Ceti,rohstoffe,28.37,30.0
baseline,1,7,2,Tau Ceti,industrieteile,42.44,24.4
baseline,1,7,2,Tau Ceti,energie,39.93,24.4
baseline,1,7,2,Tau Ceti,luxus,77.05,30.0
baseline,1,7,2,Tau Ceti,biotech,84.66,33.306
baseline,1,7,2,Tau Ceti,core_daten,119.43,30.0
baseline,1,7,2,Tau Ceti,relikte,143.08,30.0
baseline,1,7,2,Maui-Covenant,nahrung,20.55,30.480000000000004
baseline,1,7,2,Maui-Covenant,rohstoffe,30.11,26.0
baseline,1,7,2,Maui-Covenant,industrieteile,43.99,26.0
baseline,1,7,2,Maui-Covenant,energie,36.49,23.0
baseline,1,7,2,Maui-Covenant,luxus,76.35,24.0
baseline,1,7,2,Maui-Covenant,biotech,77.95,30.927999999999997
baseline,1,7,2,Maui-Covenant,core_daten,118.67,26.0
baseline,1,7,2,Maui-Covenant,relikte,151.17,26.0
baseline,1,7,2,Marsim,nahrung,20.37,23.799999999999997
baseline,1,7,2,Marsim,rohstoffe,31.98,19.0
baseline,1,7,2,Marsim,industrieteile,45.19,41.81
baseline,1,7,2,Marsim,energie,38.18,37.486000000000004
baseline,1,7,2,Marsim,luxus,77.2,31.0
baseline,1,7,2,Marsim,biotech,82.1,31.0
baseline,1,7,2,Marsim,core_daten,107.27,31.0
baseline,1,7,2,Marsim,relikte,135.91,31.0
baseline,1,7,2,Qom-Riyadh,nahrung,22.46,23.200000000000003
baseline,1,7,2,Qom-Riyadh,rohstoffe,29.01,28.0
baseline,1,7,2,Qom-Riyadh,industrieteile,42.87,28.0
baseline,1,7,2,Qom-Riyadh,energie,40.55,23.200000000000003
baseline,1,7,2,Qom-Riyadh,luxus,78.06,30.397999999999996
baseline,1,7,2,Qom-Riyadh,biotech,85.59,28.0
baseline,1,7,2,Qom-Riyadh,core_daten,117.08,37.592
baseline,1,7,2,Qom-Riyadh,relikte,139.85,28.0
baseline,1,7,2,Bressia,nahrung,20.23,20.32
baseline,1,7,2,Bressia,rohstoffe,27.31,31.6496
baseline,1,7,2,Bressia,industrieteile,41.68,21.58
baseline,1,7,2,Bressia,energie,38.12,27.9092
baseline,1,7,2,Bressia,luxus,75.28,25.0
baseline,1,7,2,Bressia,biotech,80.57,25.0
baseline,1,7,2,Bressia,core_daten,104.88,25.0
baseline,1,7,2,Bressia,relikte,157.06,25.0
baseline,1,7,2,Hebron,nahrung,20.59,21.6
baseline,1,7,2,Hebron,rohstoffe,28.26,26.0
baseline,1,7,2,Hebron,industrieteile,43.44,26.0
baseline,1,7,2,Hebron,energie,41.21,22.4
baseline,1,7,2,Hebron,luxus,77.58,28.756
baseline,1,7,2,Hebron,biotech,91.04,22.799999999999997
baseline,1,7,2,Hebron,core_daten,112.85,26.0
baseline,1,7,2,Hebron,relikte,146.35,26.0
baseline,1,7,2,Hyperion,nahrung,21.18,21.119999999999997
baseline,1,7,2,Hyperion,rohstoffe,25.85,26.867199999999997
baseline,1,7,2,Hyperion,industrieteile,42.31,24.0
baseline,1,7,2,Hyperion,energie,35.95,20.64
baseline,1,7,2,Hyperion,luxus,73.01,20.863999999999997
baseline,1,7,2,Hyperion,biotech,86.6,24.0
baseline,1,7,2,Hyperion,core_daten,105.83,24.0
baseline,1,7,2,Hyperion,relikte,144.8,25.4336
baseline,1,7,3,Lusus,nahrung,22.55,12.800000000000002
baseline,1,7,3,Lusus,rohstoffe,26.85,32.0
baseline,1,7,3,Lusus,industrieteile,45.32,32.0
baseline,1,7,3,Lusus,energie,40.19,22.400000000000002
baseline,1,7,3,Lusus,luxus,83.2,41.971999999999994
baseline,1,7,3,Lusus,biotech,77.43,32.0
baseline,1,7,3,Lusus,core_daten,108.99,38.648
baseline,1,7,3,Lusus,relikte,136.29,32.0
baseline,1,7,3,Tau Ceti,nahrung,21.52,49.836000000000006
baseline,1,7,3,Tau Ceti,rohstoffe,27.62,30.0
baseline,1,7,3,Tau Ceti,industrieteile,42.4,21.599999999999998
baseline,1,7,3,Tau Ceti,energie,38.28,21.599999999999998
baseline,1,7,3,Tau Ceti,luxus,82.88,30.0
baseline,1,7,3,Tau Ceti,biotech,84.8,34.958999999999996
baseline,1,7,3,Tau Ceti,core_daten,109.15,30.0
baseline,1,7,3,Tau Ceti,relikte,138.5,30.0
baseline,1,7,3,Maui-Covenant,nahrung,21.93,32.720000000000006
baseline,1,7,3,Maui-Covenant,rohstoffe,28.74,26.0
baseline,1,7,3,Maui-Covenant,industrieteile,43.85,26.0
baseline,1,7,3,Maui-Covenant,energie,36.16,21.5
baseline,1,7,3,Maui-Covenant,luxus,75.73,23.0
baseline,1,7,3,Maui-Covenant,biotech,83.48,33.391999999999996
baseline,1,7,3,Maui-Covenant,core_daten,111.74,26.0
baseline,1,7,3,Maui-Covenant,relikte,137.5,26.0
baseline,1,7,3,Marsim,nahrung,22.64,20.199999999999996
baseline,1,7,3,Marsim,rohstoffe,32.3,13.0
baseline,1,7,3,Marsim,industrieteile,44.18,47.215
baseline,1,7,3,Marsim,energie,35.41,40.729000000000006
baseline,1,7,3,Marsim,luxus,82.29,31.0
baseline,1,7,3,Marsim,biotech,77.07,31.0
baseline,1,7,3,Marsim,core_daten,117.82,31.0
baseline,1,7,3,Marsim,relikte,144.06,31.0
baseline,1,7,3,Qom-Riyadh,nahrung,20.8,20.800000000000004
baseline,1,7,3,Qom-Riyadh,rohstoffe,28.66,28.0
baseline,1,7,3,Qom-Riyadh,industrieteile,45.06,28.0
baseline,1,7,3,Qom-Riyadh,energie,37.41,20.800000000000004
baseline,1,7,3,Qom-Riyadh,luxus,74.95,31.596999999999994
baseline,1,7,3,Qom-Riyadh,biotech,81.99,28.0
baseline,1,7,3,Qom-Riyadh,core_daten,108.51,42.388
baseline,1,7,3,Qom-Riyadh,relikte,137.96,28.0
baseline,1,7,3,Bressia,nahrung,19.92,17.98
baseline,1,7,3,Bressia,rohstoffe,25.97,34.9744
baseline,1,7,3,Bressia,industrieteile,41.48,19.869999999999997
baseline,1,7,3,Bressia,energie,36.13,29.363799999999998
baseline,1,7,3,Bressia,luxus,75.97,25.0
baseline,1,7,3,Bressia,biotech,85.92,25.0
baseline,1,7,3,Bressia,core_daten,108.32,25.0
baseline,1,7,3,Bressia,relikte,145.6,25.0
baseline,1,7,3,Hebron,nahrung,19.92,19.400000000000002
baseline,1,7,3,Hebron,rohstoffe,27.65,26.0
baseline,1,7,3,Hebron,industrieteile,38.8,26.0
baseline,1,7,3,Hebron,energie,36.49,20.599999999999998
baseline,1,7,3,Hebron,luxus,71.41,30.134
baseline,1,7,3,Hebron,biotech,88.34,21.199999999999996
baseline,1,7,3,Hebron,core_daten,113.93,26.0
baseline,1,7,3,Hebron,relikte,136.79,26.0
baseline,1,7,3,Hyperion,nahrung,21.0,19.679999999999996
baseline,1,7,3,Hyperion,rohstoffe,30.84,28.300799999999995
baseline,1,7,3,Hyperion,industrieteile,39.56,24.0
baseline,1,7,3,Hyperion,energie,40.72,18.96
baseline,1,7,3,Hyperion,luxus,79.86,19.295999999999996
baseline,1,7,3,Hyperion,biotech,81.82,24.0
baseline,1,7,3,Hyperion,core_daten,120.19,24.0
baseline,1,7,3,Hyperion,relikte,142.46,26.150399999999998
baseline,1,7,4,Lusus,nahrung,21.79,10.7
baseline,1,7,4,Lusus,rohstoffe,28.52,32.0
baseline,1,7,4,Lusus,industrieteile,42.69,32.0
baseline,1,7,4,Lusus,energie,40.68,19.200000000000003
baseline,1,7,4,Lusus,luxus,81.47,45.29599999999999
baseline,1,7,4,Lusus,biotech,84.97,32.0
baseline,1,7,4,Lusus,core_daten,113.51,40.864000000000004
baseline,1,7,4,Lusus,relikte,152.11,32.0
baseline,1,7,4,Tau Ceti,nahrung,21.26,52.14800000000001
baseline,1,7,4,Tau Ceti,rohstoffe,29.19,26.5
baseline,1,7,4,Tau Ceti,industrieteile,43.28,18.799999999999997
baseline,1,7,4,Tau Ceti,energie,36.54,18.799999999999997
baseline,1,7,4,Tau Ceti,luxus,75.04,30.0
baseline,1,7,4,Tau Ceti,biotech,79.98,36.611999999999995
baseline,1,7,4,Tau Ceti,core_daten,106.94,30.0
baseline,1,7,4,Tau Ceti,relikte,151.25,30.0
baseline,1,7,4,Maui-Covenant,nahrung,20.96,34.96000000000001
baseline,1,7,4,Maui-Covenant,rohstoffe,28.95,26.0
baseline,1,7,4,Maui-Covenant,industrieteile,43.45,26.0
baseline,1,7,4,Maui-Covenant,energie,39.12,20.0
baseline,1,7,4,Maui-Covenant,luxus,80.28,22.0
baseline,1,7,4,Maui-Covenant,biotech,76.27,35.855999999999995
baseline,1,7,4,Maui-Covenant,core_daten,117.12,26.0
baseline,1,7,4,Maui-Covenant,relikte,150.09,26.0
baseline,1,7,4,Marsim,nahrung,21.6,16.599999999999994
baseline,1,7,4,Marsim,rohstoffe,32.67,10.5
baseline,1,7,4,Marsim,industrieteile,43.38,52.620000000000005
baseline,1,7,4,Marsim,energie,35.31,43.97200000000001
baseline,1,7,4,Marsim,luxus,81.09,31.0
baseline,1,7,4,Marsim,biotech,79.0,31.0
baseline,1,7,4,Marsim,core_daten,106.46,31.0
baseline,1,7,4,Marsim,relikte,140.57,31.0
baseline,1,7,4,Qom-Riyadh,nahrung,21.92,18.400000000000006
baseline,1,7,4,Qom-Riyadh,rohstoffe,27.39,28.0
baseline,1,7,4,Qom-Riyadh,industrieteile,44.04,28.0
baseline,1,7,4,Qom-Riyadh,energie,41.08,18.400000000000006
baseline,1,7,4,Qom-Riyadh,luxus,78.59,32.79599999999999
baseline,1,7,4,Qom-Riyadh,biotech,80.48,28.0
baseline,1,7,4,Qom-Riyadh,core_daten,111.88,47.184
baseline,1,7,4,Qom-Riyadh,relikte,148.64,28.0
baseline,1,7,4,Bressia,nahrung,22.48,15.64
baseline,1,7,4,Bressia,rohstoffe,29.04,38.2992
baseline,1,7,4,Bressia,industrieteile,45.36,18.159999999999997
baseline,1,7,4,Bressia,energie,34.43,30.818399999999997
baseline,1,7,4,Bressia,luxus,73.58,25.0
baseline,1,7,4,Bressia,biotech,77.97,25.0
baseline,1,7,4,Bressia,core_daten,118.15,25.0
baseline,1,7,4,Bressia,relikte,140.13,25.0
baseline,1,7,4,Hebron,nahrung,21.58,17.200000000000003
baseline,1,7,4,Hebron,rohstoffe,25.82,26.0
baseline,1,7,4,Hebron,industrieteile,39.15,26.0
baseline,1,7,4,Hebron,energie,36.72,18.799999999999997
baseline,1,7,4,Hebron,luxus,81.29,31.512
baseline,1,7,4,Hebron,biotech,88.0,19.599999999999994
baseline,1,7,4,Hebron,core_daten,116.63,26.0
baseline,1,7,4,Hebron,relikte,139.62,26.0
baseline,1,7,4,Hyperion,nahrung,21.2,18.239999999999995
baseline,1,7,4,Hyperion,rohstoffe,28.26,29.734399999999994
baseline,1,7,4,Hyperion,industrieteile,42.52,24.0
baseline,1,7,4,Hyperion,energie,35.66,17.28
baseline,1,7,4,Hyperion,luxus,87.32,17.727999999999994
baseline,1,7,4,Hyperion,biotech,77.17,24.0
baseline,1,7,4,Hyperion,core_daten,123.3,24.0
baseline,1,7,4,Hyperion,relikte,157.53,26.867199999999997
baseline,1,7,5,Lusus,nahrung,23.66,10.299999999999999
baseline,1,7,5,Lusus,rohstoffe,28.96,32.0
baseline,1,7,5,Lusus,industrieteile,41.5,32.0
baseline,1,7,5,Lusus,energie,37.08,16.000000000000004
baseline,1,7,5,Lusus,luxus,82.65,48.61999999999999
baseline,1,7,5,Lusus,biotech,77.67,32.0
baseline,1,7,5,Lusus,core_daten,111.86,43.080000000000005
baseline,1,7,5,Lusus,relikte,141.93,32.0
baseline,1,7,5,Tau Ceti,nahrung,20.23,52.76000000000001
baseline,1,7,5,Tau Ceti,rohstoffe,29.35,26.5
baseline,1,7,5,Tau Ceti,industrieteile,48.01,15.999999999999996
baseline,1,7,5,Tau Ceti,energie,37.94,15.999999999999996
baseline,1,7,5,Tau Ceti,luxus,80.31,30.0
baseline,1,7,5,Tau Ceti,biotech,79.32,38.26499999999999
baseline,1,7,5,Tau Ceti,core_daten,113.46,30.0
baseline,1,7,5,Tau Ceti,relikte,143.05,30.0
baseline,1,7,5,Maui-Covenant,nahrung,19.91,37.20000000000001
baseline,1,7,5,Maui-Covenant,rohstoffe,27.25,26.0
baseline,1,7,5,Maui-Covenant,industrieteile,41.16,26.0
baseline,1,7,5,Maui-Covenant,energie,40.3,18.5
baseline,1,7,5,Maui-Covenant,luxus,80.54,20.55
baseline,1,7,5,Maui-Covenant,biotech,78.47,38.31999999999999
baseline,1,7,5,Maui-Covenant,core_daten,118.69,26.0
baseline,1,7,5,Maui-Covenant,relikte,154.71,26.0
baseline,1,7,5,Marsim,nahrung,21.68,12.999999999999995
baseline,1,7,5,Marsim,rohstoffe,31.02,10.5
baseline,1,7,5,Marsim,industrieteile,40.82,58.025000000000006
baseline,1,7,5,Marsim,energie,35.42,47.21500000000001
baseline,1,7,5,Marsim,luxus,77.11,31.0
baseline,1,7,5,Marsim,biotech,77.32,31.0
baseline,1,7,5,Marsim,core_daten,108.83,31.0
baseline,1,7,5,Marsim,relikte,140.44,31.0
baseline,1,7,5,Qom-Riyadh,nahrung,21.57,16.000000000000007
baseline,1,7,5,Qom-Riyadh,rohstoffe,29.88,28.0
baseline,1,7,5,Qom-Riyadh,industrieteile,44.09,28.0
baseline,1,7,5,Qom-Riyadh,energie,38.51,16.000000000000007
baseline,1,7,5,Qom-Riyadh,luxus,77.76,33.99499999999999
baseline,1,7,5,Qom-Riyadh,biotech,81.96,28.0
baseline,1,7,5,Qom-Riyadh,core_daten,110.34,51.98
baseline,1,7,5,Qom-Riyadh,relikte,142.22,28.0
baseline,1,7,5,Bressia,nahrung,19.69,13.3
baseline,1,7,5,Bressia,rohstoffe,27.18,41.623999999999995
baseline,1,7,5,Bressia,industrieteile,48.32,16.449999999999996
baseline,1,7,5,Bressia,energie,34.77,32.272999999999996
baseline,1,7,5,Bressia,luxus,78.97,25.0
baseline,1,7,5,Bressia,biotech,83.88,25.0
baseline,1,7,5,Bressia,core_daten,120.74,25.0
baseline,1,7,5,Bressia,relikte,137.66,25.0
baseline,1,7,5,Hebron,nahrung,20.44,15.000000000000004
baseline,1,7,5,Hebron,rohstoffe,27.18,20.0
baseline,1,7,5,Hebron,industrieteile,41.93,26.0
baseline,1,7,5,Hebron,energie,38.15,16.999999999999996
baseline,1,7,5,Hebron,luxus,85.51,32.89
baseline,1,7,5,Hebron,biotech,90.94,17.999999999999993
baseline,1,7,5,Hebron,core_daten,120.9,26.0
baseline,1,7,5,Hebron,relikte,132.11,26.0
baseline,1,7,5,Hyperion,nahrung,19.27,16.799999999999994
baseline,1,7,5,Hyperion,rohstoffe,29.59,31.167999999999992
baseline,1,7,5,Hyperion,industrieteile,46.05,24.0
baseline,1,7,5,Hyperion,energie,38.41,15.600000000000001
baseline,1,7,5,Hyperion,luxus,83.02,15.454399999999994
baseline,1,7,5,Hyperion,biotech,74.04,24.0
baseline,1,7,5,Hyperion,core_daten,110.58,24.0
baseline,1,7,5,Hyperion,relikte,157.18,27.583999999999996
baseline,1,7,6,Lusus,nahrung,23.76,9.899999999999999
baseline,1,7,6,Lusus,rohstoffe,27.69,32.0
baseline,1,7,6,Lusus,industrieteile,45.14,32.0
baseline,1,7,6,Lusus,energie,39.83,12.800000000000004
baseline,1,7,6,Lusus,luxus,75.2,51.94399999999999
baseline,1,7,6,Lusus,biotech,78.67,32.0
baseline,1,7,6,Lusus,core_daten,111.02,45.29600000000001
baseline,1,7,6,Lusus,relikte,147.89,32.0
baseline,1,7,6,Tau Ceti,nahrung,21.96,53.372000000000014
baseline,1,7,6,Tau Ceti,rohstoffe,27.19,26.5
baseline,1,7,6,Tau Ceti,industrieteile,45.21,13.199999999999996
baseline,1,7,6,Tau Ceti,energie,38.08,13.199999999999996
baseline,1,7,6,Tau Ceti,luxus,83.51,30.0
baseline,1,7,6,Tau Ceti,biotech,77.63,39.91799999999999
baseline,1,7,6,Tau Ceti,core_daten,106.17,30.0
baseline,1,7,6,Tau Ceti,relikte,136.85,30.0
baseline,1,7,6,Maui-Covenant,nahrung,20.51,39.44000000000001
baseline,1,7,6,Maui-Covenant,rohstoffe,29.94,26.0
baseline,1,7,6,Maui-Covenant,industrieteile,44.86,26.0
baseline,1,7,6,Maui-Covenant,energie,39.55,17.0
baseline,1,7,6,Maui-Covenant,luxus,85.91,19.1
baseline,1,7,6,Maui-Covenant,biotech,85.83,40.78399999999999
baseline,1,7,6,Maui-Covenant,core_daten,110.35,26.0
baseline,1,7,6,Maui-Covenant,relikte,139.61,26.0
baseline,1,7,6,Marsim,nahrung,23.44,9.399999999999995
baseline,1,7,6,Marsim,rohstoffe,33.54,10.5
baseline,1,7,6,Marsim,industrieteile,39.93,63.43000000000001
baseline,1,7,6,Marsim,energie,38.15,50.45800000000001
baseline,1,7,6,Marsim,luxus,77.48,31.0
baseline,1,7,6,Marsim,biotech,80.28,31.0
baseline,1,7,6,Marsim,core_daten,110.17,31.0
baseline,1,7,6,Marsim,relikte,138.78,31.0
baseline,1,7,6,Qom-Riyadh,nahrung,20.13,13.600000000000007
baseline,1,7,6,Qom-Riyadh,rohstoffe,27.66,28.0
baseline,1,7,6,Qom-Riyadh,industrieteile,41.91,28.0
baseline,1,7,6,Qom-Riyadh,energie,41.51,13.600000000000007
baseline,1,7,6,Qom-Riyadh,luxus,74.81,35.19399999999999
baseline,1,7,6,Qom-Riyadh,biotech,86.56,28.0
baseline,1,7,6,Qom-Riyadh,core_daten,107.85,56.775999999999996
baseline,1,7,6,Qom-Riyadh,relikte,142.56,28.0
baseline,1,7,6,Bressia,nahrung,22.99,10.96
baseline,1,7,6,Bressia,rohstoffe,30.13,44.94879999999999
baseline,1,7,6,Bressia,industrieteile,43.98,14.739999999999995
baseline,1,7,6,Bressia,energie,34.21,33.727599999999995
baseline,1,7,6,Bressia,luxus,78.52,25.0
baseline,1,7,6,Bressia,biotech,79.84,25.0
baseline,1,7,6,Bressia,core_daten,121.97,25.0
baseline,1,7,6,Bressia,relikte,137.02,25.0
baseline,1,7,6,Hebron,nahrung,20.93,12.800000000000004
baseline,1,7,6,Hebron,rohstoffe,30.88,14.0
baseline,1,7,6,Hebron,industrieteile,38.9,26.0
baseline,1,7,6,Hebron,energie,38.04,15.199999999999996
baseline,1,7,6,Hebron,luxus,83.32,34.268
baseline,1,7,6,Hebron,biotech,90.06,16.39999999999999
baseline,1,7,6,Hebron,core_daten,102.87,26.0
baseline,1,7,6,Hebron,relikte,132.47,26.0
baseline,1,7,6,Hyperion,nahrung,19.43,15.359999999999994
baseline,1,7,6,Hyperion,rohstoffe,30.73,32.60159999999999
baseline,1,7,6,Hyperion,industrieteile,40.8,24.0
baseline,1,7,6,Hyperion,energie,40.6,13.920000000000002
baseline,1,7,6,Hyperion,luxus,88.58,13.180799999999994
baseline,1,7,6,Hyperion,biotech,79.36,24.0
baseline,1,7,6,Hyperion,core_daten,108.0,24.0
baseline,1,7,6,Hyperion,relikte,157.95,28.300799999999995
baseline,1,7,7,Lusus,nahrung,23.32,9.499999999999998
baseline,1,7,7,Lusus,rohstoffe,27.81,32.0
baseline,1,7,7,Lusus,industrieteile,42.1,32.0
baseline,1,7,7,Lusus,energie,42.87,10.7
baseline,1,7,7,Lusus,luxus,78.37,55.26799999999999
baseline,1,7,7,Lusus,biotech,78.76,32.0
baseline,1,7,7,Lusus,core_daten,116.61,47.51200000000001
baseline,1,7,7,Lusus,relikte,147.67,32.0
baseline,1,7,7,Tau Ceti,nahrung,22.07,59.984000000000016
baseline,1,7,7,Tau Ceti,rohstoffe,27.03,26.5
baseline,1,7,7,Tau Ceti,industrieteile,46.56,10.399999999999995
baseline,1,7,7,Tau Ceti,energie,41.74,10.399999999999995
baseline,1,7,7,Tau Ceti,luxus,82.17,30.0
baseline,1,7,7,Tau Ceti,biotech,85.64,41.57099999999999
baseline,1,7,7,Tau Ceti,core_daten,106.01,30.0
baseline,1,7,7,Tau Ceti,relikte,141.18,30.0
baseline,1,7,7,Maui-Covenant,nahrung,19.79,35.680000000000014
baseline,1,7,7,Maui-Covenant,rohstoffe,27.35,26.0
baseline,1,7,7,Maui-Covenant,industrieteile,45.35,26.0
baseline,1,7,7,Maui-Covenant,energie,38.93,15.5
baseline,1,7,7,Maui-Covenant,luxus,85.46,17.650000000000002
baseline,1,7,7,Maui-Covenant,biotech,79.96,43.24799999999999
baseline,1,7,7,Maui-Covenant,core_daten,118.11,26.0
baseline,1,7,7,Maui-Covenant,relikte,144.52,26.0
baseline,1,7,7,Marsim,nahrung,22.28,5.799999999999995
baseline,1,7,7,Marsim,rohstoffe,33.68,10.5
baseline,1,7,7,Marsim,industrieteile,44.88,68.83500000000001
baseline,1,7,7,Marsim,energie,35.47,52.60100000000002
baseline,1,7,7,Marsim,luxus,79.67,31.0
baseline,1,7,7,Marsim,biotech,82.85,31.0
baseline,1,7,7,Marsim,core_daten,108.52,31.0
baseline,1,7,7,Marsim,relikte,142.48,31.0
baseline,1,7,7,Qom-Riyadh,nahrung,20.65,11.200000000000006
baseline,1,7,7,Qom-Riyadh,rohstoffe,27.39,28.0
baseline,1,7,7,Qom-Riyadh,industrieteile,41.38,28.0
baseline,1,7,7,Qom-Riyadh,energie,40.13,11.200000000000006
baseline,1,7,7,Qom-Riyadh,luxus,80.09,36.39299999999999
baseline,1,7,7,Qom-Riyadh,biotech,78.6,28.0
baseline,1,7,7,Qom-Riyadh,core_daten,104.99,61.571999999999996
baseline,1,7,7,Qom-Riyadh,relikte,142.01,28.0
baseline,1,7,7,Bressia,nahrung,22.63,8.620000000000001
baseline,1,7,7,Bressia,rohstoffe,26.67,42.27359999999999
baseline,1,7,7,Bressia,industrieteile,43.22,13.029999999999994
baseline,1,7,7,Bressia,energie,35.3,35.182199999999995
baseline,1,7,7,Bressia,luxus,83.4,25.0
baseline,1,7,7,Bressia,biotech,82.6,25.0
baseline,1,7,7,Bressia,core_daten,103.41,25.0
baseline,1,7,7,Bressia,relikte,134.46,25.0
baseline,1,7,7,Hebron,nahrung,21.2,10.600000000000005
baseline,1,7,7,Hebron,rohstoffe,28.97,14.0
baseline,1,7,7,Hebron,industrieteile,43.9,26.0
baseline,1,7,7,Hebron,energie,35.84,13.399999999999995
baseline,1,7,7,Hebron,luxus,73.51,35.646
baseline,1,7,7,Hebron,biotech,89.43,14.799999999999992
baseline,1,7,7,Hebron,core_daten,110.87,26.0
baseline,1,7,7,Hebron,relikte,139.41,26.0
baseline,1,7,7,Hyperion,nahrung,20.47,13.919999999999995
baseline,1,7,7,Hyperion,rohstoffe,30.9,34.03519999999999
baseline,1,7,7,Hyperion,industrieteile,41.26,24.0
baseline,1,7,7,Hyperion,energie,39.46,12.240000000000002
baseline,1,7,7,Hyperion,luxus,80.86,10.907199999999994
baseline,1,7,7,Hyperion,biotech,80.58,24.0
baseline,1,7,7,Hyperion,core_daten,120.83,24.0
baseline,1,7,7,Hyperion,relikte,158.95,29.017599999999995
baseline,1,7,8,Lusus,nahrung,26.41,3.099999999999998
baseline,1,7,8,Lusus,rohstoffe,27.96,32.0
baseline,1,7,8,Lusus,industrieteile,42.69,32.0
baseline,1,7,8,Lusus,energie,38.67,10.7
baseline,1,7,8,Lusus,luxus,73.29,58.591999999999985
baseline,1,7,8,Lusus,biotech,86.63,32.0
baseline,1,7,8,Lusus,core_daten,111.64,49.72800000000001
baseline,1,7,8,Lusus,relikte,143.84,32.0
baseline,1,7,8,Tau Ceti,nahrung,21.07,66.59600000000002
baseline,1,7,8,Tau Ceti,rohstoffe,29.64,26.5
baseline,1,7,8,Tau Ceti,industrieteile,48.77,10.3
baseline,1,7,8,Tau Ceti,energie,42.59,7.800000000000001
baseline,1,7,8,Tau Ceti,luxus,77.73,30.0
baseline,1,7,8,Tau Ceti,biotech,76.79,43.22399999999999
baseline,1,7,8,Tau Ceti,core_daten,110.59,30.0
baseline,1,7,8,Tau Ceti,relikte,142.51,30.0
baseline,1,7,8,Maui-Covenant,nahrung,21.62,31.920000000000016
baseline,1,7,8,Maui-Covenant,rohstoffe,28.5,26.0
baseline,1,7,8,Maui-Covenant,industrieteile,43.62,26.0
baseline,1,7,8,Maui-Covenant,energie,36.96,9.5
baseline,1,7,8,Maui-Covenant,luxus,77.34,16.650000000000002
baseline,1,7,8,Maui-Covenant,biotech,85.64,45.71199999999999
baseline,1,7,8,Maui-Covenant,core_daten,110.13,26.0
baseline,1,7,8,Maui-Covenant,relikte,149.57,26.0
baseline,1,7,8,Marsim,nahrung,21.19,8.199999999999996
baseline,1,7,8,Marsim,rohstoffe,33.57,10.5
baseline,1,7,8,Marsim,industrieteile,44.59,71.54
baseline,1,7,8,Marsim,energie,38.08,55.84400000000002
baseline,1,7,8,Marsim,luxus,81.57,31.0
baseline,1,7,8,Marsim,biotech,76.64,31.0
baseline,1,7,8,Marsim,core_daten,106.34,31.0
baseline,1,7,8,Marsim,relikte,147.03,31.0
baseline,1,7,8,Qom-Riyadh,nahrung,22.42,8.800000000000006
baseline,1,7,8,Qom-Riyadh,rohstoffe,27.04,28.0
baseline,1,7,8,Qom-Riyadh,industrieteile,40.71,28.0
baseline,1,7,8,Qom-Riyadh,energie,41.89,9.9
baseline,1,7,8,Qom-Riyadh,luxus,76.41,37.591999999999985
baseline,1,7,8,Qom-Riyadh,biotech,84.96,28.0
baseline,1,7,8,Qom-Riyadh,core_daten,116.18,66.368
baseline,1,7,8,Qom-Riyadh,relikte,148.68,28.0
baseline,1,7,8,Bressia,nahrung,23.2,6.280000000000001
baseline,1,7,8,Bressia,rohstoffe,26.88,39.598399999999984
baseline,1,7,8,Bressia,industrieteile,48.09,11.319999999999993
baseline,1,7,8,Bressia,energie,38.22,36.636799999999994
baseline,1,7,8,Bressia,luxus,75.17,25.0
baseline,1,7,8,Bressia,biotech,79.07,25.0
baseline,1,7,8,Bressia,core_daten,115.34,25.0
baseline,1,7,8,Bressia,relikte,156.92,25.0
baseline,1,7,8,Hebron,nahrung,21.67,8.400000000000006
baseline,1,7,8,Hebron,rohstoffe,27.34,14.0
baseline,1,7,8,Hebron,industrieteile,46.57,26.0
baseline,1,7,8,Hebron,energie,38.98,11.599999999999994
baseline,1,7,8,Hebron,luxus,79.94,37.024
baseline,1,7,8,Hebron,biotech,88.76,13.199999999999992
baseline,1,7,8,Hebron,core_daten,107.13,26.0
baseline,1,7,8,Hebron,relikte,141.9,26.0
baseline,1,7,8,Hyperion,nahrung,20.09,12.479999999999995
baseline,1,7,8,Hyperion,rohstoffe,27.89,35.43519999999999
baseline,1,7,8,Hyperion,industrieteile,43.92,24.0
baseline,1,7,8,Hyperion,energie,37.55,10.560000000000002
baseline,1,7,8,Hyperion,luxus,81.19,9.339199999999995
baseline,1,7,8,Hyperion,biotech,79.96,24.0
baseline,1,7,8,Hyperion,core_daten,119.27,24.0
baseline,1,7,8,Hyperion,relikte,138.48,29.717599999999994
baseline,1,7,9,Lusus,nahrung,24.59,6.0
baseline,1,7,9,Lusus,rohstoffe,28.5,32.0
baseline,1,7,9,Lusus,industrieteile,42.63,32.0
baseline,1,7,9,Lusus,energie,39.73,7.499999999999999
baseline,1,7,9,Lusus,luxus,73.24,61.91599999999998
baseline,1,7,9,Lusus,biotech,76.98,32.0
baseline,1,7,9,Lusus,core_daten,105.3,51.94400000000001
baseline,1,7,9,Lusus,relikte,139.0,32.0
baseline,1,7,9,Tau Ceti,nahrung,19.85,73.20800000000001
baseline,1,7,9,Tau Ceti,rohstoffe,29.98,26.5
baseline,1,7,9,Tau Ceti,industrieteile,44.39,10.3
baseline,1,7,9,Tau Ceti,energie,40.71,10.3
baseline,1,7,9,Tau Ceti,luxus,80.32,30.0
baseline,1,7,9,Tau Ceti,biotech,78.12,44.87699999999999
baseline,1,7,9,Tau Ceti,core_daten,111.38,30.0
baseline,1,7,9,Tau Ceti,relikte,145.35,30.0
baseline,1,7,9,Maui-Covenant,nahrung,21.2,28.160000000000018
baseline,1,7,9,Maui-Covenant,rohstoffe,29.04,24.5
baseline,1,7,9,Maui-Covenant,industrieteile,42.29,26.0
baseline,1,7,9,Maui-Covenant,energie,40.02,8.7
baseline,1,7,9,Maui-Covenant,luxus,81.48,15.650000000000002
baseline,1,7,9,Maui-Covenant,biotech,76.68,48.17599999999999
baseline,1,7,9,Maui-Covenant,core_daten,114.64,26.0
baseline,1,7,9,Maui-Covenant,relikte,154.66,26.0
baseline,1,7,9,Marsim,nahrung,24.15,4.599999999999996
baseline,1,7,9,Marsim,rohstoffe,32.43,10.5
baseline,1,7,9,Marsim,industrieteile,42.64,76.94500000000001
baseline,1,7,9,Marsim,energie,36.76,53.087000000000025
baseline,1,7,9,Marsim,luxus,78.07,31.0
baseline,1,7,9,Marsim,biotech,85.9,31.0
baseline,1,7,9,Marsim,core_daten,106.55,31.0
baseline,1,7,9,Marsim,relikte,147.8,31.0
baseline,1,7,9,Qom-Riyadh,nahrung,21.33,6.400000000000006
baseline,1,7,9,Qom-Riyadh,rohstoffe,30.28,28.0
baseline,1,7,9,Qom-Riyadh,industrieteile,41.47,25.2
baseline,1,7,9,Qom-Riyadh,energie,41.44,7.5
baseline,1,7,9,Qom-Riyadh,luxus,74.73,38.79099999999998
baseline,1,7,9,Qom-Riyadh,biotech,85.8,28.0
baseline,1,7,9,Qom-Riyadh,core_daten,118.0,71.16399999999999
baseline,1,7,9,Qom-Riyadh,relikte,153.46,28.0
baseline,1,7,9,Bressia,nahrung,21.94,3.940000000000001
baseline,1,7,9,Bressia,rohstoffe,25.95,42.92319999999998
baseline,1,7,9,Bressia,industrieteile,46.86,9.609999999999992
baseline,1,7,9,Bressia,energie,38.71,38.09139999999999
baseline,1,7,9,Bressia,luxus,81.8,23.671199999999995
baseline,1,7,9,Bressia,biotech,88.4,25.0
baseline,1,7,9,Bressia,core_daten,123.1,25.0
baseline,1,7,9,Bressia,relikte,139.89,25.0
baseline,1,7,9,Hebron,nahrung,24.03,6.2000000000000055
baseline,1,7,9,Hebron,rohstoffe,31.08,9.5
baseline,1,7,9,Hebron,industrieteile,39.35,26.0
baseline,1,7,9,Hebron,energie,39.51,9.799999999999994
baseline,1,7,9,Hebron,luxus,73.55,38.402
baseline,1,7,9,Hebron,biotech,94.44,11.599999999999993
baseline,1,7,9,Hebron,core_daten,120.22,26.0
baseline,1,7,9,Hebron,relikte,137.16,26.0
baseline,1,7,9,Hyperion,nahrung,19.99,11.039999999999996
baseline,1,7,9,Hyperion,rohstoffe,30.67,36.835199999999986
baseline,1,7,9,Hyperion,industrieteile,40.27,24.0
baseline,1,7,9,Hyperion,energie,38.72,8.880000000000003
baseline,1,7,9,Hyperion,luxus,85.74,9.1
baseline,1,7,9,Hyperion,biotech,80.0,24.0
baseline,1,7,9,Hyperion,core_daten,120.57,24.0
baseline,1,7,9,Hyperion,relikte,156.71,30.417599999999993
baseline,1,7,10,Lusus,nahrung,24.33,6.0
baseline,1,7,10,Lusus,rohstoffe,26.98,32.0
baseline,1,7,10,Lusus,industrieteile,42.54,29.2
baseline,1,7,10,Lusus,energie,38.1,10.299999999999999
baseline,1,7,10,Lusus,luxus,78.89,63.65255999999998
baseline,1,7,10,Lusus,biotech,83.8,32.0
baseline,1,7,10,Lusus,core_daten,116.78,54.14704000000001
baseline,1,7,10,Lusus,relikte,146.21,32.0
baseline,1,7,10,Tau Ceti,nahrung,20.19,79.82000000000001
baseline,1,7,10,Tau Ceti,rohstoffe,28.25,26.5
baseline,1,7,10,Tau Ceti,industrieteile,46.89,10.3
baseline,1,7,10,Tau Ceti,energie,39.98,7.500000000000001
baseline,1,7,10,Tau Ceti,luxus,81.26,30.0
baseline,1,7,10,Tau Ceti,biotech,76.6,46.52999999999999
baseline,1,7,10,Tau Ceti,core_daten,110.44,30.0
baseline,1,7,10,Tau Ceti,relikte,137.51,30.0
baseline,1,7,10,Maui-Covenant,nahrung,21.36,24.40000000000002
baseline,1,7,10,Maui-Covenant,rohstoffe,29.78,18.5
baseline,1,7,10,Maui-Covenant,industrieteile,45.31,26.0
baseline,1,7,10,Maui-Covenant,energie,40.33,7.199999999999999
baseline,1,7,10,Maui-Covenant,luxus,86.4,14.650000000000002
baseline,1,7,10,Maui-Covenant,biotech,81.34,50.639999999999986
baseline,1,7,10,Maui-Covenant,core_daten,113.95,26.0
baseline,1,7,10,Maui-Covenant,relikte,139.11,26.0
baseline,1,7,10,Marsim,nahrung,29.61,0.9999999999999964
baseline,1,7,10,Marsim,rohstoffe,34.34,10.5
baseline,1,7,10,Marsim,industrieteile,40.97,82.35000000000001
baseline,1,7,10,Marsim,energie,35.77,50.33000000000003
baseline,1,7,10,Marsim,luxus,83.12,31.0
baseline,1,7,10,Marsim,biotech,84.38,31.0
baseline,1,7,10,Marsim,core_daten,112.45,31.0
baseline,1,7,10,Marsim,relikte,154.03,31.0
baseline,1,7,10,Qom-Riyadh,nahrung,23.18,4.000000000000005
baseline,1,7,10,Qom-Riyadh,rohstoffe,27.03,28.0
baseline,1,7,10,Qom-Riyadh,industrieteile,41.82,25.2
baseline,1,7,10,Qom-Riyadh,energie,39.88,5.1
baseline,1,7,10,Qom-Riyadh,luxus,82.8,39.98999999999998
baseline,1,7,10,Qom-Riyadh,biotech,85.8,28.0
baseline,1,7,10,Qom-Riyadh,core_daten,115.39,75.95999999999998
baseline,1,7,10,Qom-Riyadh,relikte,143.78,28.0
baseline,1,7,10,Bressia,nahrung,25.74,1.6000000000000005
baseline,1,7,10,Bressia,rohstoffe,27.68,46.247999999999976
baseline,1,7,10,Bressia,industrieteile,44.58,7.899999999999992
baseline,1,7,10,Bressia,energie,36.89,39.54599999999999
baseline,1,7,10,Bressia,luxus,79.67,23.671199999999995
baseline,1,7,10,Bressia,biotech,76.67,25.0
baseline,1,7,10,Bressia,core_daten,123.33,25.0
baseline,1,7,10,Bressia,relikte,149.25,25.0
baseline,1,7,10,Hebron,nahrung,24.82,4.000000000000005
baseline,1,7,10,Hebron,rohstoffe,26.83,9.5
baseline,1,7,10,Hebron,industrieteile,43.53,26.0
baseline,1,7,10,Hebron,energie,41.36,7.999999999999994
baseline,1,7,10,Hebron,luxus,80.09,39.78
baseline,1,7,10,Hebron,biotech,80.73,9.999999999999993
baseline,1,7,10,Hebron,core_daten,114.59,26.0
baseline,1,7,10,Hebron,relikte,146.07,26.0
baseline,1,7,10,Hyperion,nahrung,23.0,9.599999999999996
baseline,1,7,10,Hyperion,rohstoffe,28.13,38.235199999999985
baseline,1,7,10,Hyperion,industrieteile,43.24,24.0
baseline,1,7,10,Hyperion,energie,38.69,7.200000000000003
baseline,1,7,10,Hyperion,luxus,83.51,9.1
baseline,1,7,10,Hyperion,biotech,84.87,24.0
baseline,1,7,10,Hyperion,core_daten,107.67,24.0
baseline,1,7,10,Hyperion,relikte,137.42,31.117599999999992
baseline,1,7,11,Lusus,nahrung,27.89,6.0
baseline,1,7,11,Lusus,rohstoffe,28.65,32.0
baseline,1,7,11,Lusus,industrieteile,45.57,29.2
baseline,1,7,11,Lusus,energie,46.58,10.7
baseline,1,7,11,Lusus,luxus,91.04,66.94289999999998
baseline,1,7,11,Lusus,biotech,75.73,32.0
baseline,1,7,11,Lusus,core_daten,89.24,56.34060000000001
baseline,1,7,11,Lusus,relikte,164.82,32.0
baseline,1,7,11,Tau Ceti,nahrung,24.27,86.432
baseline,1,7,11,Tau Ceti,rohstoffe,23.82,26.5
baseline,1,7,11,Tau Ceti,industrieteile,41.91,10.3
baseline,1,7,11,Tau Ceti,energie,37.96,4.700000000000001
baseline,1,7,11,Tau Ceti,luxus,85.82,30.0
baseline,1,7,11,Tau Ceti,biotech,96.46,48.182999999999986
baseline,1,7,11,Tau Ceti,core_daten,98.57,30.0
baseline,1,7,11,Tau Ceti,relikte,135.86,30.0
baseline,1,7,11,Maui-Covenant,nahrung,23.88,20.640000000000022
baseline,1,7,11,Maui-Covenant,rohstoffe,28.07,18.5
baseline,1,7,11,Maui-Covenant,industrieteile,37.51,26.0
baseline,1,7,11,Maui-Covenant,energie,40.04,5.699999999999999
baseline,1,7,11,Maui-Covenant,luxus,65.4,13.650000000000002
baseline,1,7,11,Maui-Covenant,biotech,91.03,53.103999999999985
baseline,1,7,11,Maui-Covenant,core_daten,106.71,26.0
baseline,1,7,11,Maui-Covenant,relikte,135.96,26.0
baseline,1,7,11,Marsim,nahrung,39.86,0.0
baseline,1,7,11,Marsim,rohstoffe,31.94,10.5
baseline,1,7,11,Marsim,industrieteile,51.06,87.75500000000001
baseline,1,7,11,Marsim,energie,32.45,49.97300000000003
baseline,1,7,11,Marsim,luxus,79.16,31.0
baseline,1,7,11,Marsim,biotech,96.32,29.89999999999999
baseline,1,7,11,Marsim,core_daten,123.32,31.0
baseline,1,7,11,Marsim,relikte,151.79,31.0
baseline,1,7,11,Qom-Riyadh,nahrung,26.55,1.6000000000000054
baseline,1,7,11,Qom-Riyadh,rohstoffe,25.54,28.0
baseline,1,7,11,Qom-Riyadh,industrieteile,40.67,25.2
baseline,1,7,11,Qom-Riyadh,energie,36.97,2.6999999999999997
baseline,1,7,11,Qom-Riyadh,luxus,64.61,41.18899999999998
baseline,1,7,11,Qom-Riyadh,biotech,95.82,28.0
baseline,1,7,11,Qom-Riyadh,core_daten,117.83,80.75599999999997
baseline,1,7,11,Qom-Riyadh,relikte,155.79,28.0
baseline,1,7,11,Bressia,nahrung,33.57,0.0
baseline,1,7,11,Bressia,rohstoffe,21.45,49.57279999999997
baseline,1,7,11,Bressia,industrieteile,40.16,9.3
baseline,1,7,11,Bressia,energie,35.08,41.00059999999999
baseline,1,7,11,Bressia,luxus,101.34,23.671199999999995
baseline,1,7,11,Bressia,biotech,105.92,25.0
baseline,1,7,11,Bressia,core_daten,147.69,25.0
baseline,1,7,11,Bressia,relikte,187.47,25.0
baseline,1,7,11,Hebron,nahrung,23.98,1.8000000000000052
baseline,1,7,11,Hebron,rohstoffe,22.85,9.5
baseline,1,7,11,Hebron,industrieteile,54.39,20.089999999999993
baseline,1,7,11,Hebron,energie,29.67,6.199999999999994
baseline,1,7,11,Hebron,luxus,93.09,41.158
baseline,1,7,11,Hebron,biotech,72.01,9.5
baseline,1,7,11,Hebron,core_daten,122.83,26.0
baseline,1,7,11,Hebron,relikte,165.5,26.0
baseline,1,7,11,Hyperion,nahrung,25.85,8.159999999999997
baseline,1,7,11,Hyperion,rohstoffe,22.15,33.63519999999998
baseline,1,7,11,Hyperion,industrieteile,47.23,24.0
baseline,1,7,11,Hyperion,energie,49.2,5.520000000000003
baseline,1,7,11,Hyperion,luxus,100.98,7.532
baseline,1,7,11,Hyperion,biotech,77.46,24.0
baseline,1,7,11,Hyperion,core_daten,147.9,24.0
baseline,1,7,11,Hyperion,relikte,168.33,31.81759999999999
baseline,1,7,12,Lusus,nahrung,20.89,6.0
baseline,1,7,12,Lusus,rohstoffe,29.67,26.0
baseline,1,7,12,Lusus,industrieteile,46.87,29.2
baseline,1,7,12,Lusus,energie,35.64,7.499999999999999
baseline,1,7,12,Lusus,luxus,72.35,70.21901999999999
baseline,1,7,12,Lusus,biotech,88.21,32.0
baseline,1,7,12,Lusus,core_daten,111.92,58.52468000000001
baseline,1,7,12,Lusus,relikte,132.59,32.0
baseline,1,7,12,Tau Ceti,nahrung,20.45,93.044
baseline,1,7,12,Tau Ceti,rohstoffe,27.6,26.5
baseline,1,7,12,Tau Ceti,industrieteile,56.48,10.3
baseline,1,7,12,Tau Ceti,energie,52.19,1.9000000000000012
baseline,1,7,12,Tau Ceti,luxus,68.27,30.0
baseline,1,7,12,Tau Ceti,biotech,76.48,49.835999999999984
baseline,1,7,12,Tau Ceti,core_daten,119.5,30.0
baseline,1,7,12,Tau Ceti,relikte,116.09,30.0
baseline,1,7,12,Maui-Covenant,nahrung,16.95,16.880000000000024
baseline,1,7,12,Maui-Covenant,rohstoffe,31.4,18.5
baseline,1,7,12,Maui-Covenant,industrieteile,51.63,26.0
baseline,1,7,12,Maui-Covenant,energie,46.7,4.199999999999999
baseline,1,7,12,Maui-Covenant,luxus,68.31,12.650000000000002
baseline,1,7,12,Maui-Covenant,biotech,80.61,53.96799999999998
baseline,1,7,12,Maui-Covenant,core_daten,124.89,26.0
baseline,1,7,12,Maui-Covenant,relikte,123.95,26.0
baseline,1,7,12,Marsim,nahrung,31.9,0.0
baseline,1,7,12,Marsim,rohstoffe,31.38,10.5
baseline,1,7,12,Marsim,industrieteile,35.82,93.12970000000001
baseline,1,7,12,Marsim,energie,31.07,47.19782000000003
baseline,1,7,12,Marsim,luxus,83.91,31.0
baseline,1,7,12,Marsim,biotech,76.24,29.89999999999999
baseline,1,7,12,Marsim,core_daten,125.64,31.0
baseline,1,7,12,Marsim,relikte,148.18,31.0
baseline,1,7,12,Qom-Riyadh,nahrung,37.69,0.0
baseline,1,7,12,Qom-Riyadh,rohstoffe,25.91,28.0
baseline,1,7,12,Qom-Riyadh,industrieteile,39.96,25.2
baseline,1,7,12,Qom-Riyadh,energie,36.99,6.3
baseline,1,7,12,Qom-Riyadh,luxus,63.86,42.38799999999998
baseline,1,7,12,Qom-Riyadh,biotech,74.54,28.0
baseline,1,7,12,Qom-Riyadh,core_daten,105.09,85.55199999999996
baseline,1,7,12,Qom-Riyadh,relikte,144.84,28.0
baseline,1,7,12,Bressia,nahrung,28.65,0.0
baseline,1,7,12,Bressia,rohstoffe,36.92,52.88177919999997
baseline,1,7,12,Bressia,industrieteile,56.43,9.3
baseline,1,7,12,Bressia,energie,33.77,42.44827839999999
baseline,1,7,12,Bressia,luxus,64.52,20.535199999999996
baseline,1,7,12,Bressia,biotech,81.44,25.0
baseline,1,7,12,Bressia,core_daten,85.96,25.0
baseline,1,7,12,Bressia,relikte,117.64,25.0
baseline,1,7,12,Hebron,nahrung,35.69,0.0
baseline,1,7,12,Hebron,rohstoffe,22.18,9.5
baseline,1,7,12,Hebron,industrieteile,55.77,15.579999999999991
baseline,1,7,12,Hebron,energie,30.98,4.399999999999994
baseline,1,7,12,Hebron,luxus,102.76,42.536
baseline,1,7,12,Hebron,biotech,83.44,9.5
baseline,1,7,12,Hebron,core_daten,116.64,26.0
baseline,1,7,12,Hebron,relikte,136.94,26.0
baseline,1,7,12,Hyperion,nahrung,22.78,6.719999999999996
baseline,1,7,12,Hyperion,rohstoffe,26.62,35.03519999999998
baseline,1,7,12,Hyperion,industrieteile,32.34,24.0
baseline,1,7,12,Hyperion,energie,30.13,3.840000000000003
baseline,1,7,12,Hyperion,luxus,101.0,9.1
baseline,1,7,12,Hyperion,biotech,80.62,24.0
baseline,1,7,12,Hyperion,core_daten,131.68,24.0
baseline,1,7,12,Hyperion,relikte,105.05,32.517599999999995
baseline,1,7,13,Lusus,nahrung,25.08,6.0
baseline,1,7,13,Lusus,rohstoffe,27.8,20.0
baseline,1,7,13,Lusus,industrieteile,43.07,26.4
baseline,1,7,13,Lusus,energie,44.1,4.299999999999999
baseline,1,7,13,Lusus,luxus,79.86,73.48091999999998
baseline,1,7,13,Lusus,biotech,85.63,32.0
baseline,1,7,13,Lusus,core_daten,117.93,60.69928000000001
baseline,1,7,13,Lusus,relikte,136.54,32.0
baseline,1,7,13,Tau Ceti,nahrung,19.5,99.65599999999999
baseline,1,7,13,Tau Ceti,rohstoffe,26.88,26.5
baseline,1,7,13,Tau Ceti,industrieteile,49.05,10.3
baseline,1,7,13,Tau Ceti,energie,42.93,6.0
baseline,1,7,13,Tau Ceti,luxus,79.93,30.0
baseline,1,7,13,Tau Ceti,biotech,80.02,51.48899999999998
baseline,1,7,13,Tau Ceti,core_daten,109.93,30.0
baseline,1,7,13,Tau Ceti,relikte,146.87,30.0
baseline,1,7,13,Maui-Covenant,nahrung,22.17,13.120000000000026
baseline,1,7,13,Maui-Covenant,rohstoffe,29.81,18.5
baseline,1,7,13,Maui-Covenant,industrieteile,43.35,26.0
baseline,1,7,13,Maui-Covenant,energie,42.08,2.6999999999999993
baseline,1,7,13,Maui-Covenant,luxus,87.28,11.650000000000002
baseline,1,7,13,Maui-Covenant,biotech,83.48,56.43199999999998
baseline,1,7,13,Maui-Covenant,core_daten,112.38,26.0
baseline,1,7,13,Maui-Covenant,relikte,139.26,26.0
baseline,1,7,13,Marsim,nahrung,38.38,0.0
baseline,1,7,13,Marsim,rohstoffe,30.92,10.5
baseline,1,7,13,Marsim,industrieteile,44.86,98.4711
baseline,1,7,13,Marsim,energie,35.76,50.402660000000026
baseline,1,7,13,Marsim,luxus,81.75,31.0
baseline,1,7,13,Marsim,biotech,81.39,29.89999999999999
baseline,1,7,13,Marsim,core_daten,116.6,31.0
baseline,1,7,13,Marsim,relikte,144.04,31.0
baseline,1,7,13,Qom-Riyadh,nahrung,31.23,0.0
baseline,1,7,13,Qom-Riyadh,rohstoffe,29.4,28.0
baseline,1,7,13,Qom-Riyadh,industrieteile,41.86,25.2
baseline,1,7,13,Qom-Riyadh,energie,42.03,3.9
baseline,1,7,13,Qom-Riyadh,luxus,79.66,43.58152199999998
baseline,1,7,13,Qom-Riyadh,biotech,83.28,28.0
baseline,1,7,13,Qom-Riyadh,core_daten,116.12,90.32608799999997
baseline,1,7,13,Qom-Riyadh,relikte,147.08,28.0
baseline,1,7,13,Bressia,nahrung,34.24,0.0
baseline,1,7,13,Bressia,rohstoffe,29.58,56.17186559999997
baseline,1,7,13,Bressia,industrieteile,42.15,7.590000000000001
baseline,1,7,13,Bressia,energie,34.91,37.88769119999999
baseline,1,7,13,Bressia,luxus,84.22,20.535199999999996
baseline,1,7,13,Bressia,biotech,83.17,25.0
baseline,1,7,13,Bressia,core_daten,123.2,25.0
baseline,1,7,13,Bressia,relikte,138.5,25.0
baseline,1,7,13,Hebron,nahrung,30.82,0.0
baseline,1,7,13,Hebron,rohstoffe,28.21,9.5
baseline,1,7,13,Hebron,industrieteile,45.31,15.579999999999991
baseline,1,7,13,Hebron,energie,41.74,2.5999999999999943
baseline,1,7,13,Hebron,luxus,77.72,42.339838
baseline,1,7,13,Hebron,biotech,93.87,7.9
baseline,1,7,13,Hebron,core_daten,108.95,26.0
baseline,1,7,13,Hebron,relikte,138.99,26.0
baseline,1,7,13,Hyperion,nahrung,20.57,5.279999999999996
baseline,1,7,13,Hyperion,rohstoffe,30.71,36.43519999999998
baseline,1,7,13,Hyperion,industrieteile,44.96,24.0
baseline,1,7,13,Hyperion,energie,47.02,2.160000000000003
baseline,1,7,13,Hyperion,luxus,80.69,9.1
baseline,1,7,13,Hyperion,biotech,76.24,24.0
baseline,1,7,13,Hyperion,core_daten,121.41,24.0
baseline,1,7,13,Hyperion,relikte,158.42,33.2176
baseline,1,7,14,Lusus,nahrung,22.98,6.0
baseline,1,7,14,Lusus,rohstoffe,26.92,20.0
baseline,1,7,14,Lusus,industrieteile,43.06,26.4
baseline,1,7,14,Lusus,energie,57.24,1.0999999999999988
baseline,1,7,14,Lusus,luxus,77.73,76.72859999999999
baseline,1,7,14,Lusus,biotech,86.23,32.0
baseline,1,7,14,Lusus,core_daten,117.86,62.86440000000001
baseline,1,7,14,Lusus,relikte,136.75,32.0
baseline,1,7,14,Tau Ceti,nahrung,21.0,106.09776000000002
baseline,1,7,14,Tau Ceti,rohstoffe,28.18,20.5
baseline,1,7,14,Tau Ceti,industrieteile,44.56,10.080000000000002
baseline,1,7,14,Tau Ceti,energie,47.74,3.2
baseline,1,7,14,Tau Ceti,luxus,76.29,30.0
baseline,1,7,14,Tau Ceti,biotech,81.82,53.134439999999984
baseline,1,7,14,Tau Ceti,core_daten,114.66,30.0
baseline,1,7,14,Tau Ceti,relikte,153.48,30.0
baseline,1,7,14,Maui-Covenant,nahrung,21.49,9.5
baseline,1,7,14,Maui-Covenant,rohstoffe,28.19,18.5
baseline,1,7,14,Maui-Covenant,industrieteile,42.62,20.0
baseline,1,7,14,Maui-Covenant,energie,45.06,1.1999999999999993
baseline,1,7,14,Maui-Covenant,luxus,87.9,10.650000000000002
baseline,1,7,14,Maui-Covenant,biotech,86.19,58.89599999999998
baseline,1,7,14,Maui-Covenant,core_daten,108.8,26.0
baseline,1,7,14,Maui-Covenant,relikte,136.87,26.0
baseline,1,7,14,Marsim,nahrung,35.08,0.0
baseline,1,7,14,Marsim,rohstoffe,31.9,10.5
baseline,1,7,14,Marsim,industrieteile,44.58,103.7792
baseline,1,7,14,Marsim,energie,39.29,53.587520000000026
baseline,1,7,14,Marsim,luxus,82.1,31.0
baseline,1,7,14,Marsim,biotech,76.9,29.89999999999999
baseline,1,7,14,Marsim,core_daten,116.72,31.0
baseline,1,7,14,Marsim,relikte,148.81,31.0
baseline,1,7,14,Qom-Riyadh,nahrung,32.77,0.0
baseline,1,7,14,Qom-Riyadh,rohstoffe,30.24,28.0
baseline,1,7,14,Qom-Riyadh,industrieteile,40.34,25.2
baseline,1,7,14,Qom-Riyadh,energie,46.83,1.5
baseline,1,7,14,Qom-Riyadh,luxus,81.0,43.359230435555496
baseline,1,7,14,Qom-Riyadh,biotech,86.45,24.8
baseline,1,7,14,Qom-Riyadh,core_daten,114.31,95.07403999999997
baseline,1,7,14,Qom-Riyadh,relikte,141.48,28.0
baseline,1,7,14,Bressia,nahrung,32.53,0.0
baseline,1,7,14,Bressia,rohstoffe,29.74,59.443059199999965
baseline,1,7,14,Bressia,industrieteile,42.31,9.3
baseline,1,7,14,Bressia,energie,36.18,33.31883839999999
baseline,1,7,14,Bressia,luxus,75.47,20.535199999999996
baseline,1,7,14,Bressia,biotech,75.94,25.0
baseline,1,7,14,Bressia,core_daten,112.47,25.0
baseline,1,7,14,Bressia,relikte,136.34,25.0
baseline,1,7,14,Hebron,nahrung,29.91,0.0
baseline,1,7,14,Hebron,rohstoffe,26.92,9.5
baseline,1,7,14,Hebron,industrieteile,44.54,15.579999999999991
baseline,1,7,14,Hebron,energie,46.02,0.7999999999999943
baseline,1,7,14,Hebron,luxus,81.71,43.70411
baseline,1,7,14,Hebron,biotech,83.84,9.5
baseline,1,7,14,Hebron,core_daten,102.77,26.0
baseline,1,7,14,Hebron,relikte,157.41,26.0
baseline,1,7,14,Hyperion,nahrung,22.41,3.8399999999999954
baseline,1,7,14,Hyperion,rohstoffe,32.83,37.541871999999984
baseline,1,7,14,Hyperion,industrieteile,49.1,24.0
baseline,1,7,14,Hyperion,energie,46.66,6.480000000000002
baseline,1,7,14,Hyperion,luxus,81.43,8.941279564444484
baseline,1,7,14,Hyperion,biotech,87.72,24.0
baseline,1,7,14,Hyperion,core_daten,110.13,24.0
baseline,1,7,14,Hyperion,relikte,162.01,33.770936
baseline,1,7,15,Lusus,nahrung,24.26,6.0
baseline,1,7,15,Lusus,rohstoffe,27.73,20.0
baseline,1,7,15,Lusus,industrieteile,41.2,23.38
baseline,1,7,15,Lusus,energie,43.04,6.0
baseline,1,7,15,Lusus,luxus,80.21,79.96205999999998
baseline,1,7,15,Lusus,biotech,84.81,32.0
baseline,1,7,15,Lusus,core_daten,113.15,65.02004000000001
baseline,1,7,15,Lusus,relikte,139.31,32.0
baseline,1,7,15,Tau Ceti,nahrung,19.59,106.67952000000002
baseline,1,7,15,Tau Ceti,rohstoffe,29.4,20.5
baseline,1,7,15,Tau Ceti,industrieteile,46.2,10.3
baseline,1,7,15,Tau Ceti,energie,62.6,0.40000000000000036
baseline,1,7,15,Tau Ceti,luxus,74.25,30.0
baseline,1,7,15,Tau Ceti,biotech,84.36,54.779879999999984
baseline,1,7,15,Tau Ceti,core_daten,110.26,30.0
baseline,1,7,15,Tau Ceti,relikte,151.36,30.0
baseline,1,7,15,Maui-Covenant,nahrung,21.95,11.74
baseline,1,7,15,Maui-Covenant,rohstoffe,28.56,18.5
baseline,1,7,15,Maui-Covenant,industrieteile,40.24,20.0
baseline,1,7,15,Maui-Covenant,energie,62.11,0.0
baseline,1,7,15,Maui-Covenant,luxus,83.19,9.650000000000002
baseline,1,7,15,Maui-Covenant,biotech,84.93,61.35999999999998
baseline,1,7,15,Maui-Covenant,core_daten,109.44,26.0
baseline,1,7,15,Maui-Covenant,relikte,139.62,26.0
baseline,1,7,15,Marsim,nahrung,37.75,0.0
baseline,1,7,15,Marsim,rohstoffe,31.97,10.5
baseline,1,7,15,Marsim,industrieteile,40.56,109.054
baseline,1,7,15,Marsim,energie,36.75,50.75240000000002
baseline,1,7,15,Marsim,luxus,79.66,31.0
baseline,1,7,15,Marsim,biotech,76.45,29.89999999999999
baseline,1,7,15,Marsim,core_daten,112.88,31.0
baseline,1,7,15,Marsim,relikte,143.91,31.0
baseline,1,7,15,Qom-Riyadh,nahrung,32.24,0.0
baseline,1,7,15,Qom-Riyadh,rohstoffe,27.15,22.0
baseline,1,7,15,Qom-Riyadh,industrieteile,43.95,25.2
baseline,1,7,15,Qom-Riyadh,energie,69.57,0.0
baseline,1,7,15,Qom-Riyadh,luxus,82.09,44.53968443555549
baseline,1,7,15,Qom-Riyadh,biotech,80.06,23.200000000000003
baseline,1,7,15,Qom-Riyadh,core_daten,114.78,99.79585599999997
baseline,1,7,15,Qom-Riyadh,relikte,143.02,28.0
baseline,1,7,15,Bressia,nahrung,33.51,0.0
baseline,1,7,15,Bressia,rohstoffe,25.95,62.695359999999965
baseline,1,7,15,Bressia,industrieteile,49.8,7.590000000000001
baseline,1,7,15,Bressia,energie,40.7,34.74171999999999
baseline,1,7,15,Bressia,luxus,79.09,20.535199999999996
baseline,1,7,15,Bressia,biotech,82.05,25.0
baseline,1,7,15,Bressia,core_daten,113.54,25.0
baseline,1,7,15,Bressia,relikte,146.64,25.0
baseline,1,7,15,Hebron,nahrung,28.6,0.0
baseline,1,7,15,Hebron,rohstoffe,31.49,9.5
baseline,1,7,15,Hebron,industrieteile,40.78,15.579999999999991
baseline,1,7,15,Hebron,energie,57.87,0.0
baseline,1,7,15,Hebron,luxus,72.43,45.060816
baseline,1,7,15,Hebron,biotech,84.79,9.5
baseline,1,7,15,Hebron,core_daten,119.69,26.0
baseline,1,7,15,Hebron,relikte,132.34,26.0
baseline,1,7,15,Hyperion,nahrung,22.55,2.399999999999995
baseline,1,7,15,Hyperion,rohstoffe,31.45,38.64854399999999
baseline,1,7,15,Hyperion,industrieteile,43.18,24.0
baseline,1,7,15,Hyperion,energie,40.28,4.8000000000000025
baseline,1,7,15,Hyperion,luxus,90.43,7.373279564444484
baseline,1,7,15,Hyperion,biotech,89.92,24.0
baseline,1,7,15,Hyperion,core_daten,119.89,24.0
baseline,1,7,15,Hyperion,relikte,155.47,34.324272
baseline,1,7,16,Lusus,nahrung,24.07,6.0
baseline,1,7,16,Lusus,rohstoffe,30.35,14.0
baseline,1,7,16,Lusus,industrieteile,41.72,20.58
baseline,1,7,16,Lusus,energie,45.67,2.8
baseline,1,7,16,Lusus,luxus,79.6,82.31401999999999
baseline,1,7,16,Lusus,biotech,77.6,32.0
baseline,1,7,16,Lusus,core_daten,113.3,67.15468000000001
baseline,1,7,16,Lusus,relikte,153.28,32.0
baseline,1,7,16,Tau Ceti,nahrung,20.78,107.26128000000003
baseline,1,7,16,Tau Ceti,rohstoffe,27.71,20.5
baseline,1,7,16,Tau Ceti,industrieteile,46.55,10.3
baseline,1,7,16,Tau Ceti,energie,70.65,0.0
baseline,1,7,16,Tau Ceti,luxus,75.19,30.0
baseline,1,7,16,Tau Ceti,biotech,77.21,56.425319999999985
baseline,1,7,16,Tau Ceti,core_daten,107.32,30.0
baseline,1,7,16,Tau Ceti,relikte,141.18,30.0
baseline,1,7,16,Maui-Covenant,nahrung,20.68,13.97064
baseline,1,7,16,Maui-Covenant,rohstoffe,27.81,18.5
baseline,1,7,16,Maui-Covenant,industrieteile,41.49,20.0
baseline,1,7,16,Maui-Covenant,energie,55.89,0.0
baseline,1,7,16,Maui-Covenant,luxus,84.02,9.5
baseline,1,7,16,Maui-Covenant,biotech,84.57,63.81370399999998
baseline,1,7,16,Maui-Covenant,core_daten,114.41,26.0
baseline,1,7,16,Maui-Covenant,relikte,146.77,26.0
baseline,1,7,16,Marsim,nahrung,36.91,0.0
baseline,1,7,16,Marsim,rohstoffe,31.28,10.5
baseline,1,7,16,Marsim,industrieteile,43.52,114.2955
baseline,1,7,16,Marsim,energie,37.17,53.89730000000002
baseline,1,7,16,Marsim,luxus,79.19,31.0
baseline,1,7,16,Marsim,biotech,82.81,29.89999999999999
baseline,1,7,16,Marsim,core_daten,112.15,31.0
baseline,1,7,16,Marsim,relikte,141.4,31.0
baseline,1,7,16,Qom-Riyadh,nahrung,31.11,0.0
baseline,1,7,16,Qom-Riyadh,rohstoffe,27.51,22.0
baseline,1,7,16,Qom-Riyadh,industrieteile,42.84,25.2
baseline,1,7,16,Qom-Riyadh,energie,40.81,6.0
baseline,1,7,16,Qom-Riyadh,luxus,79.27,45.708060435555495
baseline,1,7,16,Qom-Riyadh,biotech,76.82,23.200000000000003
baseline,1,7,16,Qom-Riyadh,core_daten,109.63,104.46935999999997
baseline,1,7,16,Qom-Riyadh,relikte,151.95,28.0
baseline,1,7,16,Bressia,nahrung,30.36,0.0
baseline,1,7,16,Bressia,rohstoffe,28.64,65.92876799999996
baseline,1,7,16,Bressia,industrieteile,47.44,5.880000000000001
baseline,1,7,16,Bressia,energie,35.93,30.15633599999999
baseline,1,7,16,Bressia,luxus,86.57,20.535199999999996
baseline,1,7,16,Bressia,biotech,78.71,23.4
baseline,1,7,16,Bressia,core_daten,118.77,25.0
baseline,1,7,16,Bressia,relikte,136.06,25.0
baseline,1,7,16,Hebron,nahrung,28.88,0.0
baseline,1,7,16,Hebron,rohstoffe,30.96,9.5
baseline,1,7,16,Hebron,industrieteile,42.57,15.579999999999991
baseline,1,7,16,Hebron,energie,56.44,0.0
baseline,1,7,16,Hebron,luxus,76.71,46.403326
baseline,1,7,16,Hebron,biotech,88.03,9.5
baseline,1,7,16,Hebron,core_daten,117.92,26.0
baseline,1,7,16,Hebron,relikte,134.55,26.0
baseline,1,7,16,Hyperion,nahrung,24.94,0.9599999999999949
baseline,1,7,16,Hyperion,rohstoffe,32.96,39.99814399999999
baseline,1,7,16,Hyperion,industrieteile,47.97,24.0
baseline,1,7,16,Hyperion,energie,43.1,3.1200000000000023
baseline,1,7,16,Hyperion,luxus,87.74,5.805279564444485
baseline,1,7,16,Hyperion,biotech,86.11,24.0
baseline,1,7,16,Hyperion,core_daten,123.39,24.0
baseline,1,7,16,Hyperion,relikte,152.93,34.999072
baseline,1,7,17,Lusus,nahrung,24.82,6.0
baseline,1,7,17,Lusus,rohstoffe,28.79,14.0
baseline,1,7,17,Lusus,industrieteile,40.68,20.58
baseline,1,7,17,Lusus,energie,41.75,6.0
baseline,1,7,17,Lusus,luxus,77.12,85.50175999999999
baseline,1,7,17,Lusus,biotech,82.2,32.0
baseline,1,7,17,Lusus,core_daten,112.99,69.27984000000001
baseline,1,7,17,Lusus,relikte,151.87,32.0
baseline,1,7,17,Tau Ceti,nahrung,21.97,113.80740000000003
baseline,1,7,17,Tau Ceti,rohstoffe,28.63,14.5
baseline,1,7,17,Tau Ceti,industrieteile,47.31,8.370000000000001
baseline,1,7,17,Tau Ceti,energie,71.47,0.0
baseline,1,7,17,Tau Ceti,luxus,83.74,30.0
baseline,1,7,17,Tau Ceti,biotech,79.47,58.061849999999986
baseline,1,7,17,Tau Ceti,core_daten,113.07,30.0
baseline,1,7,17,Tau Ceti,relikte,150.88,30.0
baseline,1,7,17,Maui-Covenant,nahrung,20.12,10.19048
baseline,1,7,17,Maui-Covenant,rohstoffe,27.92,18.5
baseline,1,7,17,Maui-Covenant,industrieteile,45.53,20.0
baseline,1,7,17,Maui-Covenant,energie,61.47,0.0
baseline,1,7,17,Maui-Covenant,luxus,83.65,9.5
baseline,1,7,17,Maui-Covenant,biotech,76.99,66.25552799999998
baseline,1,7,17,Maui-Covenant,core_daten,118.52,26.0
baseline,1,7,17,Maui-Covenant,relikte,149.0,26.0
baseline,1,7,17,Marsim,nahrung,37.7,0.0
baseline,1,7,17,Marsim,rohstoffe,34.56,10.5
baseline,1,7,17,Marsim,industrieteile,44.48,119.50370000000001
baseline,1,7,17,Marsim,energie,36.98,51.02222000000002
baseline,1,7,17,Marsim,luxus,75.24,31.0
baseline,1,7,17,Marsim,biotech,79.44,29.89999999999999
baseline,1,7,17,Marsim,core_daten,112.76,31.0
baseline,1,7,17,Marsim,relikte,145.01,31.0
baseline,1,7,17,Qom-Riyadh,nahrung,30.89,0.0
baseline,1,7,17,Qom-Riyadh,rohstoffe,27.37,22.0
baseline,1,7,17,Qom-Riyadh,industrieteile,43.64,19.2
baseline,1,7,17,Qom-Riyadh,energie,44.22,3.6
baseline,1,7,17,Qom-Riyadh,luxus,76.93,45.86336843555549
baseline,1,7,17,Qom-Riyadh,biotech,87.12,23.200000000000003
baseline,1,7,17,Qom-Riyadh,core_daten,113.68,109.09059199999997
baseline,1,7,17,Qom-Riyadh,relikte,136.72,28.0
baseline,1,7,17,Bressia,nahrung,31.42,0.0
baseline,1,7,17,Bressia,rohstoffe,29.89,69.14328319999996
baseline,1,7,17,Bressia,industrieteile,44.08,9.3
baseline,1,7,17,Bressia,energie,38.83,31.56268639999999
baseline,1,7,17,Bressia,luxus,71.62,20.535199999999996
baseline,1,7,17,Bressia,biotech,78.95,21.799999999999997
baseline,1,7,17,Bressia,core_daten,120.29,25.0
baseline,1,7,17,Bressia,relikte,148.01,25.0
baseline,1,7,17,Hebron,nahrung,32.51,0.0
baseline,1,7,17,Hebron,rohstoffe,27.21,9.5
baseline,1,7,17,Hebron,industrieteile,43.05,15.579999999999991
baseline,1,7,17,Hebron,energie,62.25,0.0
baseline,1,7,17,Hebron,luxus,74.86,47.731016
baseline,1,7,17,Hebron,biotech,91.57,9.5
baseline,1,7,17,Hebron,core_daten,113.5,26.0
baseline,1,7,17,Hebron,relikte,159.35,26.0
baseline,1,7,17,Hyperion,nahrung,31.4,0.0
baseline,1,7,17,Hyperion,rohstoffe,30.19,41.34774399999999
baseline,1,7,17,Hyperion,industrieteile,43.18,24.0
baseline,1,7,17,Hyperion,energie,47.82,1.4400000000000022
baseline,1,7,17,Hyperion,luxus,99.0,4.237279564444485
baseline,1,7,17,Hyperion,biotech,83.34,24.0
baseline,1,7,17,Hyperion,core_daten,111.56,24.0
baseline,1,7,17,Hyperion,relikte,141.15,35.673871999999996
baseline,1,7,18,Lusus,nahrung,23.78,6.0
baseline,1,7,18,Lusus,rohstoffe,27.43,14.0
baseline,1,7,18,Lusus,industrieteile,44.01,20.58
baseline,1,7,18,Lusus,energie,44.4,2.8
baseline,1,7,18,Lusus,luxus,75.8,87.66105999999999
baseline,1,7,18,Lusus,biotech,85.06,32.0
baseline,1,7,18,Lusus,core_daten,106.58,71.38604000000001
baseline,1,7,18,Lusus,relikte,143.78,32.0
baseline,1,7,18,Tau Ceti,nahrung,21.63,114.31644000000003
baseline,1,7,18,Tau Ceti,rohstoffe,29.8,14.5
baseline,1,7,18,Tau Ceti,industrieteile,44.89,9.860000000000001
baseline,1,7,18,Tau Ceti,energie,41.14,6.0
baseline,1,7,18,Tau Ceti,luxus,80.98,30.0
baseline,1,7,18,Tau Ceti,biotech,79.8,59.689109999999985
baseline,1,7,18,Tau Ceti,core_daten,119.24,30.0
baseline,1,7,18,Tau Ceti,relikte,139.59,30.0
baseline,1,7,18,Maui-Covenant,nahrung,22.17,12.39952
baseline,1,7,18,Maui-Covenant,rohstoffe,28.76,12.5
baseline,1,7,18,Maui-Covenant,industrieteile,41.4,20.0
baseline,1,7,18,Maui-Covenant,energie,58.65,0.0
baseline,1,7,18,Maui-Covenant,luxus,79.57,9.5
baseline,1,7,18,Maui-Covenant,biotech,83.15,68.68547199999999
baseline,1,7,18,Maui-Covenant,core_daten,109.36,26.0
baseline,1,7,18,Maui-Covenant,relikte,152.91,26.0
baseline,1,7,18,Marsim,nahrung,36.62,0.0
baseline,1,7,18,Marsim,rohstoffe,31.97,10.5
baseline,1,7,18,Marsim,industrieteile,40.99,124.6786
baseline,1,7,18,Marsim,energie,37.87,54.12716000000002
baseline,1,7,18,Marsim,luxus,75.81,31.0
baseline,1,7,18,Marsim,biotech,85.52,29.89999999999999
baseline,1,7,18,Marsim,core_daten,107.16,31.0
baseline,1,7,18,Marsim,relikte,145.16,31.0
baseline,1,7,18,Qom-Riyadh,nahrung,32.35,0.0
baseline,1,7,18,Qom-Riyadh,rohstoffe,27.69,22.0
baseline,1,7,18,Qom-Riyadh,industrieteile,44.42,19.2
baseline,1,7,18,Qom-Riyadh,energie,49.93,1.2000000000000002
baseline,1,7,18,Qom-Riyadh,luxus,79.97,47.012142435555496
baseline,1,7,18,Qom-Riyadh,biotech,82.65,23.200000000000003
baseline,1,7,18,Qom-Riyadh,core_daten,109.01,113.68568799999997
baseline,1,7,18,Qom-Riyadh,relikte,143.18,28.0
baseline,1,7,18,Bressia,nahrung,29.43,0.0
baseline,1,7,18,Bressia,rohstoffe,26.56,72.33890559999996
baseline,1,7,18,Bressia,industrieteile,48.86,9.3
baseline,1,7,18,Bressia,energie,36.22,26.96077119999999
baseline,1,7,18,Bressia,luxus,81.64,20.535199999999996
baseline,1,7,18,Bressia,biotech,75.97,20.199999999999996
baseline,1,7,18,Bressia,core_daten,114.22,25.0
baseline,1,7,18,Bressia,relikte,141.73,25.0
baseline,1,7,18,Hebron,nahrung,31.5,0.0
baseline,1,7,18,Hebron,rohstoffe,27.77,9.5
baseline,1,7,18,Hebron,industrieteile,39.9,9.579999999999991
baseline,1,7,18,Hebron,energie,59.39,0.0
baseline,1,7,18,Hebron,luxus,74.25,49.04388599999999
baseline,1,7,18,Hebron,biotech,82.67,9.5
baseline,1,7,18,Hebron,core_daten,117.51,26.0
baseline,1,7,18,Hebron,relikte,139.39,26.0
baseline,1,7,18,Hyperion,nahrung,31.16,0.0
baseline,1,7,18,Hyperion,rohstoffe,34.09,42.69064079999999
baseline,1,7,18,Hyperion,industrieteile,50.56,24.0
baseline,1,7,18,Hyperion,energie,73.55,0.0
baseline,1,7,18,Hyperion,luxus,108.59,2.6692795644444853
baseline,1,7,18,Hyperion,biotech,86.76,24.0
baseline,1,7,18,Hyperion,core_daten,118.59,24.0
baseline,1,7,18,Hyperion,relikte,139.2,36.3453204
baseline,1,7,19,Lusus,nahrung,27.41,3.726476195923654
baseline,1,7,19,Lusus,rohstoffe,27.33,14.0
baseline,1,7,19,Lusus,industrieteile,44.32,20.58
baseline,1,7,19,Lusus,energie,69.53,0.0
baseline,1,7,19,Lusus,luxus,80.12,90.80614
baseline,1,7,19,Lusus,biotech,84.75,32.0
baseline,1,7,19,Lusus,core_daten,108.48,73.48276000000001
baseline,1,7,19,Lusus,relikte,145.69,32.0
baseline,1,7,19,Tau Ceti,nahrung,21.98,119.88616000000002
baseline,1,7,19,Tau Ceti,rohstoffe,29.36,10.3
baseline,1,7,19,Tau Ceti,industrieteile,47.01,10.3
baseline,1,7,19,Tau Ceti,energie,43.64,3.2
baseline,1,7,19,Tau Ceti,luxus,74.29,30.0
baseline,1,7,19,Tau Ceti,biotech,79.59,61.307099999999984
baseline,1,7,19,Tau Ceti,core_daten,111.36,30.0
baseline,1,7,19,Tau Ceti,relikte,139.47,30.0
baseline,1,7,19,Maui-Covenant,nahrung,20.52,9.5
baseline,1,7,19,Maui-Covenant,rohstoffe,27.49,10.7
baseline,1,7,19,Maui-Covenant,industrieteile,44.04,20.0
baseline,1,7,19,Maui-Covenant,energie,60.29,0.0
baseline,1,7,19,Maui-Covenant,luxus,80.72,9.5
baseline,1,7,19,Maui-Covenant,biotech,78.31,71.10353599999999
baseline,1,7,19,Maui-Covenant,core_daten,113.04,26.0
baseline,1,7,19,Maui-Covenant,relikte,144.44,26.0
baseline,1,7,19,Marsim,nahrung,26.87,2.273523804076346
baseline,1,7,19,Marsim,rohstoffe,31.9,10.5
baseline,1,7,19,Marsim,industrieteile,41.28,129.8202
baseline,1,7,19,Marsim,energie,39.2,51.21212000000002
baseline,1,7,19,Marsim,luxus,75.13,30.0
baseline,1,7,19,Marsim,biotech,82.29,29.89999999999999
baseline,1,7,19,Marsim,core_daten,110.19,31.0
baseline,1,7,19,Marsim,relikte,150.77,31.0
baseline,1,7,19,Qom-Riyadh,nahrung,32.37,0.0
baseline,1,7,19,Qom-Riyadh,rohstoffe,29.48,22.0
baseline,1,7,19,Qom-Riyadh,industrieteile,41.23,15.96
baseline,1,7,19,Qom-Riyadh,energie,42.32,6.0
baseline,1,7,19,Qom-Riyadh,luxus,79.37,48.1543824355555
baseline,1,7,19,Qom-Riyadh,biotech,81.53,23.200000000000003
baseline,1,7,19,Qom-Riyadh,core_daten,115.5,118.25464799999997
baseline,1,7,19,Qom-Riyadh,relikte,151.38,28.0
baseline,1,7,19,Bressia,nahrung,29.6,0.0
baseline,1,7,19,Bressia,rohstoffe,27.17,75.51563519999996
baseline,1,7,19,Bressia,industrieteile,45.23,7.590000000000001
baseline,1,7,19,Bressia,energie,35.38,28.350590399999987
baseline,1,7,19,Bressia,luxus,72.48,20.535199999999996
baseline,1,7,19,Bressia,biotech,78.81,18.599999999999994
baseline,1,7,19,Bressia,core_daten,106.31,25.0
baseline,1,7,19,Bressia,relikte,151.24,25.0
baseline,1,7,19,Hebron,nahrung,31.18,0.0
baseline,1,7,19,Hebron,rohstoffe,26.75,9.5
baseline,1,7,19,Hebron,industrieteile,42.06,9.579999999999991
baseline,1,7,19,Hebron,energie,61.25,0.0
baseline,1,7,19,Hebron,luxus,76.29,50.341936
baseline,1,7,19,Hebron,biotech,83.38,9.5
baseline,1,7,19,Hebron,core_daten,103.54,26.0
baseline,1,7,19,Hebron,relikte,131.8,26.0
baseline,1,7,19,Hyperion,nahrung,35.68,0.0
baseline,1,7,19,Hyperion,rohstoffe,34.15,44.01952639999999
baseline,1,7,19,Hyperion,industrieteile,45.65,24.0
baseline,1,7,19,Hyperion,energie,73.88,0.0
baseline,1,7,19,Hyperion,luxus,128.47,1.1012795644444855
baseline,1,7,19,Hyperion,biotech,98.02,24.0
baseline,1,7,19,Hyperion,core_daten,117.68,24.0
baseline,1,7,19,Hyperion,relikte,155.23,37.0097632
baseline,1,7,20,Lusus,nahrung,48.32,0.0
baseline,1,7,20,Lusus,rohstoffe,27.63,10.7
baseline,1,7,20,Lusus,industrieteile,44.12,20.58
baseline,1,7,20,Lusus,energie,47.91,2.194310470131856
baseline,1,7,20,Lusus,luxus,73.12,93.92278
baseline,1,7,20,Lusus,biotech,84.73,32.0
baseline,1,7,20,Lusus,core_daten,114.39,75.56052000000001
baseline,1,7,20,Lusus,relikte,146.08,32.0
baseline,1,7,20,Tau Ceti,nahrung,20.65,120.35812000000001
baseline,1,7,20,Tau Ceti,rohstoffe,29.01,10.3
baseline,1,7,20,Tau Ceti,industrieteile,46.94,10.080000000000002
baseline,1,7,20,Tau Ceti,energie,60.32,0.40000000000000036
baseline,1,7,20,Tau Ceti,luxus,79.09,30.0
baseline,1,7,20,Tau Ceti,biotech,82.36,62.92508999999998
baseline,1,7,20,Tau Ceti,core_daten,107.65,30.0
baseline,1,7,20,Tau Ceti,relikte,143.18,30.0
baseline,1,7,20,Maui-Covenant,nahrung,21.27,11.68744
baseline,1,7,20,Maui-Covenant,rohstoffe,27.35,9.5
baseline,1,7,20,Maui-Covenant,industrieteile,44.6,20.0
baseline,1,7,20,Maui-Covenant,energie,42.92,3.805689529868144
baseline,1,7,20,Maui-Covenant,luxus,81.72,9.5
baseline,1,7,20,Maui-Covenant,biotech,82.62,73.50971999999999
baseline,1,7,20,Maui-Covenant,core_daten,113.76,26.0
baseline,1,7,20,Maui-Covenant,relikte,144.0,26.0
baseline,1,7,20,Marsim,nahrung,22.54,6.0
baseline,1,7,20,Marsim,rohstoffe,33.17,10.5
baseline,1,7,20,Marsim,industrieteile,40.4,128.92849999999999
baseline,1,7,20,Marsim,energie,39.1,54.27710000000002
baseline,1,7,20,Marsim,luxus,79.04,30.0
baseline,1,7,20,Marsim,biotech,83.03,29.89999999999999
baseline,1,7,20,Marsim,core_daten,117.61,31.0
baseline,1,7,20,Marsim,relikte,139.77,31.0
baseline,1,7,20,Qom-Riyadh,nahrung,33.16,0.0
baseline,1,7,20,Qom-Riyadh,rohstoffe,29.25,20.5
baseline,1,7,20,Qom-Riyadh,industrieteile,41.1,15.96
baseline,1,7,20,Qom-Riyadh,energie,44.09,3.6
baseline,1,7,20,Qom-Riyadh,luxus,78.92,48.2843464355555
baseline,1,7,20,Qom-Riyadh,biotech,86.59,23.200000000000003
baseline,1,7,20,Qom-Riyadh,core_daten,109.68,122.77450399999998
baseline,1,7,20,Qom-Riyadh,relikte,140.39,28.0
baseline,1,7,20,Bressia,nahrung,31.96,0.0
baseline,1,7,20,Bressia,rohstoffe,27.36,78.67347199999996
baseline,1,7,20,Bressia,industrieteile,43.98,9.3
baseline,1,7,20,Bressia,energie,41.54,23.732143999999987
baseline,1,7,20,Bressia,luxus,75.21,20.535199999999996
baseline,1,7,20,Bressia,biotech,87.76,16.999999999999993
baseline,1,7,20,Bressia,core_daten,108.02,25.0
baseline,1,7,20,Bressia,relikte,156.07,25.0
baseline,1,7,20,Hebron,nahrung,33.22,0.0
baseline,1,7,20,Hebron,rohstoffe,27.96,9.5
baseline,1,7,20,Hebron,industrieteile,46.37,9.579999999999991
baseline,1,7,20,Hebron,energie,66.28,0.0
baseline,1,7,20,Hebron,luxus,75.51,51.625166
baseline,1,7,20,Hebron,biotech,91.55,9.5
baseline,1,7,20,Hebron,core_daten,116.58,26.0
baseline,1,7,20,Hebron,relikte,153.27,26.0
baseline,1,7,20,Hyperion,nahrung,36.4,0.0
baseline,1,7,20,Hyperion,rohstoffe,37.89,45.29959119999999
baseline,1,7,20,Hyperion,industrieteile,54.44,24.0
baseline,1,7,20,Hyperion,energie,82.41,0.0
baseline,1,7,20,Hyperion,luxus,167.14,0.0
baseline,1,7,20,Hyperion,biotech,112.01,24.0
baseline,1,7,20,Hyperion,core_daten,126.37,24.0
baseline,1,7,20,Hyperion,relikte,162.36,37.649795600000004
baseline,2,8,1,Lusus,nahrung,20.35,25.6
baseline,2,8,1,Lusus,rohstoffe,27.55,32.0
baseline,2,8,1,Lusus,industrieteile,41.57,32.0
baseline,2,8,1,Lusus,energie,39.44,28.8
baseline,2,8,1,Lusus,luxus,77.76,35.324
baseline,2,8,1,Lusus,biotech,83.2,32.0
baseline,2,8,1,Lusus,core_daten,106.96,34.216
baseline,2,8,1,Lusus,relikte,152.85,32.0
baseline,2,8,1,Tau Ceti,nahrung,21.74,36.612
baseline,2,8,1,Tau Ceti,rohstoffe,26.72,30.0
baseline,2,8,1,Tau Ceti,industrieteile,46.73,27.2
baseline,2,8,1,Tau Ceti,energie,36.7,27.2
baseline,2,8,1,Tau Ceti,luxus,74.87,30.0
baseline,2,8,1,Tau Ceti,biotech,84.67,31.653
baseline,2,8,1,Tau Ceti,core_daten,110.91,30.0
baseline,2,8,1,Tau Ceti,relikte,151.26,30.0
baseline,2,8,1,Maui-Covenant,nahrung,21.01,28.240000000000002
baseline,2,8,1,Maui-Covenant,rohstoffe,29.96,26.0
baseline,2,8,1,Maui-Covenant,industrieteile,40.78,26.0
baseline,2,8,1,Maui-Covenant,energie,38.36,24.5
baseline,2,8,1,Maui-Covenant,luxus,79.13,25.0
baseline,2,8,1,Maui-Covenant,biotech,77.3,28.464
baseline,2,8,1,Maui-Covenant,core_daten,106.61,26.0
baseline,2,8,1,Maui-Covenant,relikte,149.5,26.0
baseline,2,8,1,Marsim,nahrung,19.99,27.4
baseline,2,8,1,Marsim,rohstoffe,30.75,25.0
baseline,2,8,1,Marsim,industrieteile,44.06,36.405
baseline,2,8,1,Marsim,energie,37.57,34.243
baseline,2,8,1,Marsim,luxus,75.22,31.0
baseline,2,8,1,Marsim,biotech,86.15,31.0
baseline,2,8,1,Marsim,core_daten,112.42,31.0
baseline,2,8,1,Marsim,relikte,138.4,31.0
baseline,2,8,1,Qom-Riyadh,nahrung,21.42,25.6
baseline,2,8,1,Qom-Riyadh,rohstoffe,27.34,28.0
baseline,2,8,1,Qom-Riyadh,industrieteile,44.98,28.0
baseline,2,8,1,Qom-Riyadh,energie,37.53,25.6
baseline,2,8,1,Qom-Riyadh,luxus,80.36,29.198999999999998
baseline,2,8,1,Qom-Riyadh,biotech,77.74,28.0
baseline,2,8,1,Qom-Riyadh,core_daten,109.64,32.796
baseline,2,8,1,Qom-Riyadh,relikte,141.98,28.0
baseline,2,8,1,Bressia,nahrung,20.64,22.66
baseline,2,8,1,Bressia,rohstoffe,29.27,27.631872
baseline,2,8,1,Bressia,industrieteile,43.74,23.29
baseline,2,8,1,Bressia,energie,34.35,26.151444
baseline,2,8,1,Bressia,luxus,80.7,25.0
baseline,2,8,1,Bressia,biotech,87.86,25.0
baseline,2,8,1,Bressia,core_daten,120.87,25.0
baseline,2,8,1,Bressia,relikte,154.22,25.0
baseline,2,8,1,Hebron,nahrung,22.43,23.8
baseline,2,8,1,Hebron,rohstoffe,26.69,26.0
baseline,2,8,1,Hebron,industrieteile,41.42,26.0
baseline,2,8,1,Hebron,energie,37.66,24.2
baseline,2,8,1,Hebron,luxus,73.09,27.378
baseline,2,8,1,Hebron,biotech,79.21,24.4
baseline,2,8,1,Hebron,core_daten,106.84,26.0
baseline,2,8,1,Hebron,relikte,154.16,26.0
baseline,2,8,1,Hyperion,nahrung,22.23,22.56
baseline,2,8,1,Hyperion,rohstoffe,27.84,25.4336
baseline,2,8,1,Hyperion,industrieteile,39.58,24.0
baseline,2,8,1,Hyperion,energie,39.82,22.32
baseline,2,8,1,Hyperion,luxus,82.78,22.432
baseline,2,8,1,Hyperion,biotech,85.34,24.0
baseline,2,8,1,Hyperion,core_daten,113.25,24.0
baseline,2,8,1,Hyperion,relikte,134.19,24.7168
baseline,2,8,2,Lusus,nahrung,22.73,19.200000000000003
baseline,2,8,2,Lusus,rohstoffe,28.89,32.0
baseline,2,8,2,Lusus,industrieteile,44.44,32.0
baseline,2,8,2,Lusus,energie,40.98,25.6
baseline,2,8,2,Lusus,luxus,76.25,38.647999999999996
baseline,2,8,2,Lusus,biotech,84.96,32.0
baseline,2,8,2,Lusus,core_daten,109.09,36.432
baseline,2,8,2,Lusus,relikte,154.01,32.0
baseline,2,8,2,Tau Ceti,nahrung,21.14,43.224000000000004
baseline,2,8,2,Tau Ceti,rohstoffe,27.52,30.0
baseline,2,8,2,Tau Ceti,industrieteile,42.82,24.4
baseline,2,8,2,Tau Ceti,energie,37.26,24.4
baseline,2,8,2,Tau Ceti,luxus,78.78,30.0
baseline,2,8,2,Tau Ceti,biotech,81.08,33.306
baseline,2,8,2,Tau Ceti,core_daten,108.8,30.0
baseline,2,8,2,Tau Ceti,relikte,150.78,30.0
baseline,2,8,2,Maui-Covenant,nahrung,20.88,30.480000000000004
baseline,2,8,2,Maui-Covenant,rohstoffe,27.37,26.0
baseline,2,8,2,Maui-Covenant,industrieteile,42.74,26.0
baseline,2,8,2,Maui-Covenant,energie,36.18,23.0
baseline,2,8,2,Maui-Covenant,luxus,76.19,24.0
baseline,2,8,2,Maui-Covenant,biotech,77.25,30.927999999999997
baseline,2,8,2,Maui-Covenant,core_daten,108.06,26.0
baseline,2,8,2,Maui-Covenant,relikte,146.71,26.0
baseline,2,8,2,Marsim,nahrung,21.14,23.799999999999997
baseline,2,8,2,Marsim,rohstoffe,28.91,19.0
baseline,2,8,2,Marsim,industrieteile,44.81,41.81
baseline,2,8,2,Marsim,energie,35.13,37.486000000000004
baseline,2,8,2,Marsim,luxus,75.59,31.0
baseline,2,8,2,Marsim,biotech,79.13,31.0
baseline,2,8,2,Marsim,core_daten,106.76,31.0
baseline,2,8,2,Marsim,relikte,144.17,31.0
baseline,2,8,2,Qom-Riyadh,nahrung,21.64,23.200000000000003
baseline,2,8,2,Qom-Riyadh,rohstoffe,27.67,28.0
baseline,2,8,2,Qom-Riyadh,industrieteile,43.09,28.0
baseline,2,8,2,Qom-Riyadh,energie,36.58,23.200000000000003
baseline,2,8,2,Qom-Riyadh,luxus,77.29,30.397999999999996
baseline,2,8,2,Qom-Riyadh,biotech,86.73,28.0
baseline,2,8,2,Qom-Riyadh,core_daten,106.14,37.592
baseline,2,8,2,Qom-Riyadh,relikte,150.63,28.0
baseline,2,8,2,Bressia,nahrung,22.61,20.32
baseline,2,8,2,Bressia,rohstoffe,26.18,30.263744000000003
baseline,2,8,2,Bressia,industrieteile,40.81,21.58
baseline,2,8,2,Bressia,energie,39.7,27.302888000000003
baseline,2,8,2,Bressia,luxus,86.42,25.0
baseline,2,8,2,Bressia,biotech,75.16,25.0
baseline,2,8,2,Bressia,core_daten,107.04,25.0
baseline,2,8,2,Bressia,relikte,132.66,25.0
baseline,2,8,2,Hebron,nahrung,22.37,21.6
baseline,2,8,2,Hebron,rohstoffe,26.97,26.0
baseline,2,8,2,Hebron,industrieteile,44.76,26.0
baseline,2,8,2,Hebron,energie,41.67,22.4
baseline,2,8,2,Hebron,luxus,72.21,28.756
baseline,2,8,2,Hebron,biotech,90.76,22.799999999999997
baseline,2,8,2,Hebron,core_daten,121.84,26.0
baseline,2,8,2,Hebron,relikte,148.52,26.0
baseline,2,8,2,Hyperion,nahrung,20.82,21.119999999999997
baseline,2,8,2,Hyperion,rohstoffe,26.6,26.867199999999997
baseline,2,8,2,Hyperion,industrieteile,46.03,24.0
baseline,2,8,2,Hyperion,energie,35.69,20.64
baseline,2,8,2,Hyperion,luxus,84.22,20.863999999999997
baseline,2,8,2,Hyperion,biotech,75.06,24.0
baseline,2,8,2,Hyperion,core_daten,113.68,24.0
baseline,2,8,2,Hyperion,relikte,133.86,25.4336
baseline,2,8,3,Lusus,nahrung,23.29,12.800000000000002
baseline,2,8,3,Lusus,rohstoffe,29.68,32.0
baseline,2,8,3,Lusus,industrieteile,43.02,32.0
baseline,2,8,3,Lusus,energie,39.15,22.400000000000002
baseline,2,8,3,Lusus,luxus,82.25,41.971999999999994
baseline,2,8,3,Lusus,biotech,80.23,32.0
baseline,2,8,3,Lusus,core_daten,112.39,38.648
baseline,2,8,3,Lusus,relikte,153.87,32.0
baseline,2,8,3,Tau Ceti,nahrung,21.35,49.836000000000006
baseline,2,8,3,Tau Ceti,rohstoffe,27.97,30.0
baseline,2,8,3,Tau Ceti,industrieteile,47.27,21.599999999999998
baseline,2,8,3,Tau Ceti,energie,36.71,21.599999999999998
baseline,2,8,3,Tau Ceti,luxus,76.92,30.0
baseline,2,8,3,Tau Ceti,biotech,77.32,34.958999999999996
baseline,2,8,3,Tau Ceti,core_daten,117.58,30.0
baseline,2,8,3,Tau Ceti,relikte,147.73,30.0
baseline,2,8,3,Maui-Covenant,nahrung,20.75,32.720000000000006
baseline,2,8,3,Maui-Covenant,rohstoffe,28.76,26.0
baseline,2,8,3,Maui-Covenant,industrieteile,45.13,26.0
baseline,2,8,3,Maui-Covenant,energie,39.4,21.5
baseline,2,8,3,Maui-Covenant,luxus,79.56,23.0
baseline,2,8,3,Maui-Covenant,biotech,84.05,33.391999999999996
baseline,2,8,3,Maui-Covenant,core_daten,115.28,26.0
baseline,2,8,3,Maui-Covenant,relikte,149.83,26.0
baseline,2,8,3,Marsim,nahrung,22.62,20.199999999999996
baseline,2,8,3,Marsim,rohstoffe,32.41,13.0
baseline,2,8,3,Marsim,industrieteile,43.36,47.215
baseline,2,8,3,Marsim,energie,35.3,40.729000000000006
baseline,2,8,3,Marsim,luxus,83.33,31.0
baseline,2,8,3,Marsim,biotech,81.7,31.0
baseline,2,8,3,Marsim,core_daten,112.36,31.0
baseline,2,8,3,Marsim,relikte,144.47,31.0
baseline,2,8,3,Qom-Riyadh,nahrung,20.35,20.800000000000004
baseline,2,8,3,Qom-Riyadh,rohstoffe,27.15,28.0
baseline,2,8,3,Qom-Riyadh,industrieteile,41.45,28.0
baseline,2,8,3,Qom-Riyadh,energie,36.2,20.800000000000004
baseline,2,8,3,Qom-Riyadh,luxus,78.09,31.596999999999994
baseline,2,8,3,Qom-Riyadh,biotech,79.48,28.0
baseline,2,8,3,Qom-Riyadh,core_daten,114.92,42.388
baseline,2,8,3,Qom-Riyadh,relikte,144.37,28.0
baseline,2,8,3,Bressia,nahrung,20.47,17.98
baseline,2,8,3,Bressia,rohstoffe,27.9,33.473344000000004
baseline,2,8,3,Bressia,industrieteile,43.97,19.869999999999997
baseline,2,8,3,Bressia,energie,38.62,28.707088000000002
baseline,2,8,3,Bressia,luxus,72.7,25.0
baseline,2,8,3,Bressia,biotech,88.1,25.0
baseline,2,8,3,Bressia,core_daten,111.55,25.0
baseline,2,8,3,Bressia,relikte,135.42,25.0
baseline,2,8,3,Hebron,nahrung,23.16,19.400000000000002
baseline,2,8,3,Hebron,rohstoffe,26.34,26.0
baseline,2,8,3,Hebron,industrieteile,44.54,26.0
baseline,2,8,3,Hebron,energie,39.55,20.599999999999998
baseline,2,8,3,Hebron,luxus,76.64,30.134
baseline,2,8,3,Hebron,biotech,85.74,21.199999999999996
baseline,2,8,3,Hebron,core_daten,106.39,26.0
baseline,2,8,3,Hebron,relikte,146.12,26.0
baseline,2,8,3,Hyperion,nahrung,21.47,19.679999999999996
baseline,2,8,3,Hyperion,rohstoffe,30.01,28.300799999999995
baseline,2,8,3,Hyperion,industrieteile,42.83,24.0
baseline,2,8,3,Hyperion,energie,34.94,18.96
baseline,2,8,3,Hyperion,luxus,81.67,19.295999999999996
baseline,2,8,3,Hyperion,biotech,84.49,24.0
baseline,2,8,3,Hyperion,core_daten,108.85,24.0
baseline,2,8,3,Hyperion,relikte,135.6,26.150399999999998
baseline,2,8,4,Lusus,nahrung,22.99,10.7
baseline,2,8,4,Lusus,rohstoffe,28.46,28.5
baseline,2,8,4,Lusus,industrieteile,42.47,32.0
baseline,2,8,4,Lusus,energie,39.57,19.200000000000003
baseline,2,8,4,Lusus,luxus,77.06,45.29599999999999
baseline,2,8,4,Lusus,biotech,77.77,32.0
baseline,2,8,4,Lusus,core_daten,107.5,40.864000000000004
baseline,2,8,4,Lusus,relikte,137.35,32.0
baseline,2,8,4,Tau Ceti,nahrung,20.82,52.14800000000001
baseline,2,8,4,Tau Ceti,rohstoffe,27.86,30.0
baseline,2,8,4,Tau Ceti,industrieteile,47.38,18.799999999999997
baseline,2,8,4,Tau Ceti,energie,39.14,18.799999999999997
baseline,2,8,4,Tau Ceti,luxus,83.19,30.0
baseline,2,8,4,Tau Ceti,biotech,80.66,36.611999999999995
baseline,2,8,4,Tau Ceti,core_daten,115.17,30.0
baseline,2,8,4,Tau Ceti,relikte,152.8,30.0
baseline,2,8,4,Maui-Covenant,nahrung,20.37,34.96000000000001
baseline,2,8,4,Maui-Covenant,rohstoffe,27.13,26.0
baseline,2,8,4,Maui-Covenant,industrieteile,44.26,26.0
baseline,2,8,4,Maui-Covenant,energie,36.14,20.0
baseline,2,8,4,Maui-Covenant,luxus,78.57,22.0
baseline,2,8,4,Maui-Covenant,biotech,82.19,35.855999999999995
baseline,2,8,4,Maui-Covenant,core_daten,115.14,26.0
baseline,2,8,4,Maui-Covenant,relikte,149.56,26.0
baseline,2,8,4,Marsim,nahrung,21.31,16.599999999999994
baseline,2,8,4,Marsim,rohstoffe,30.53,10.5
baseline,2,8,4,Marsim,industrieteile,41.51,52.620000000000005
baseline,2,8,4,Marsim,energie,36.7,43.97200000000001
baseline,2,8,4,Marsim,luxus,76.79,31.0
baseline,2,8,4,Marsim,biotech,77.6,31.0
baseline,2,8,4,Marsim,core_daten,115.16,31.0
baseline,2,8,4,Marsim,relikte,152.8,31.0
baseline,2,8,4,Qom-Riyadh,nahrung,22.28,18.400000000000006
baseline,2,8,4,Qom-Riyadh,rohstoffe,28.14,28.0
baseline,2,8,4,Qom-Riyadh,industrieteile,40.05,28.0
baseline,2,8,4,Qom-Riyadh,energie,37.92,18.400000000000006
baseline,2,8,4,Qom-Riyadh,luxus,80.83,32.79599999999999
baseline,2,8,4,Qom-Riyadh,biotech,85.47,28.0
baseline,2,8,4,Qom-Riyadh,core_daten,118.12,47.184
baseline,2,8,4,Qom-Riyadh,relikte,136.23,28.0
baseline,2,8,4,Bressia,nahrung,20.34,15.64
baseline,2,8,4,Bressia,rohstoffe,31.22,36.010752000000004
baseline,2,8,4,Bressia,industrieteile,48.55,18.159999999999997
baseline,2,8,4,Bressia,energie,38.56,29.817204000000004
baseline,2,8,4,Bressia,luxus,84.77,25.0
baseline,2,8,4,Bressia,biotech,93.93,25.0
baseline,2,8,4,Bressia,core_daten,109.37,25.0
baseline,2,8,4,Bressia,relikte,140.57,25.0
baseline,2,8,4,Hebron,nahrung,19.48,17.200000000000003
baseline,2,8,4,Hebron,rohstoffe,28.18,26.0
baseline,2,8,4,Hebron,industrieteile,39.32,26.0
baseline,2,8,4,Hebron,energie,34.95,18.799999999999997
baseline,2,8,4,Hebron,luxus,74.89,31.512
baseline,2,8,4,Hebron,biotech,91.73,19.599999999999994
baseline,2,8,4,Hebron,core_daten,103.29,26.0
baseline,2,8,4,Hebron,relikte,141.13,26.0
baseline,2,8,4,Hyperion,nahrung,21.98,18.239999999999995
baseline,2,8,4,Hyperion,rohstoffe,30.77,29.734399999999994
baseline,2,8,4,Hyperion,industrieteile,43.66,24.0
baseline,2,8,4,Hyperion,energie,41.91,17.28
baseline,2,8,4,Hyperion,luxus,84.87,17.727999999999994
baseline,2,8,4,Hyperion,biotech,78.35,24.0
baseline,2,8,4,Hyperion,core_daten,122.52,24.0
baseline,2,8,4,Hyperion,relikte,156.29,26.867199999999997
baseline,2,8,5,Lusus,nahrung,22.77,10.299999999999999
baseline,2,8,5,Lusus,rohstoffe,29.16,28.5
baseline,2,8,5,Lusus,industrieteile,40.65,32.0
baseline,2,8,5,Lusus,energie,38.61,16.000000000000004
baseline,2,8,5,Lusus,luxus,77.26,48.61999999999999
baseline,2,8,5,Lusus,biotech,85.71,32.0
baseline,2,8,5,Lusus,core_daten,114.7,43.080000000000005
baseline,2,8,5,Lusus,relikte,152.46,32.0
baseline,2,8,5,Tau Ceti,nahrung,20.56,58.76000000000001
baseline,2,8,5,Tau Ceti,rohstoffe,27.03,30.0
baseline,2,8,5,Tau Ceti,industrieteile,44.55,15.999999999999996
baseline,2,8,5,Tau Ceti,energie,41.42,15.999999999999996
baseline,2,8,5,Tau Ceti,luxus,80.09,30.0
baseline,2,8,5,Tau Ceti,biotech,84.86,38.26499999999999
baseline,2,8,5,Tau Ceti,core_daten,116.63,30.0
baseline,2,8,5,Tau Ceti,relikte,149.07,30.0
baseline,2,8,5,Maui-Covenant,nahrung,20.11,31.20000000000001
baseline,2,8,5,Maui-Covenant,rohstoffe,27.4,26.0
baseline,2,8,5,Maui-Covenant,industrieteile,43.34,26.0
baseline,2,8,5,Maui-Covenant,energie,39.97,18.5
baseline,2,8,5,Maui-Covenant,luxus,83.97,21.0
baseline,2,8,5,Maui-Covenant,biotech,85.69,38.31999999999999
baseline,2,8,5,Maui-Covenant,core_daten,108.66,26.0
baseline,2,8,5,Maui-Covenant,relikte,145.87,26.0
baseline,2,8,5,Marsim,nahrung,22.7,12.999999999999995
baseline,2,8,5,Marsim,rohstoffe,31.83,10.5
baseline,2,8,5,Marsim,industrieteile,44.77,58.025000000000006
baseline,2,8,5,Marsim,energie,35.4,47.21500000000001
baseline,2,8,5,Marsim,luxus,75.33,31.0
baseline,2,8,5,Marsim,biotech,79.71,31.0
baseline,2,8,5,Marsim,core_daten,117.35,31.0
baseline,2,8,5,Marsim,relikte,143.37,31.0
baseline,2,8,5,Qom-Riyadh,nahrung,22.0,16.000000000000007
baseline,2,8,5,Qom-Riyadh,rohstoffe,27.14,28.0
baseline,2,8,5,Qom-Riyadh,industrieteile,42.05,28.0
baseline,2,8,5,Qom-Riyadh,energie,36.51,16.000000000000007
baseline,2,8,5,Qom-Riyadh,luxus,74.67,33.99499999999999
baseline,2,8,5,Qom-Riyadh,biotech,78.09,28.0
baseline,2,8,5,Qom-Riyadh,core_daten,105.86,51.98
baseline,2,8,5,Qom-Riyadh,relikte,150.21,28.0
baseline,2,8,5,Bressia,nahrung,23.17,13.3
baseline,2,8,5,Bressia,rohstoffe,29.99,38.54816
baseline,2,8,5,Bressia,industrieteile,50.44,16.449999999999996
baseline,2,8,5,Bressia,energie,40.27,30.927320000000005
baseline,2,8,5,Bressia,luxus,75.1,25.0
baseline,2,8,5,Bressia,biotech,91.15,25.0
baseline,2,8,5,Bressia,core_daten,128.79,25.0
baseline,2,8,5,Bressia,relikte,146.6,25.0
baseline,2,8,5,Hebron,nahrung,23.11,15.000000000000004
baseline,2,8,5,Hebron,rohstoffe,28.13,26.0
baseline,2,8,5,Hebron,industrieteile,42.63,26.0
baseline,2,8,5,Hebron,energie,36.58,16.999999999999996
baseline,2,8,5,Hebron,luxus,84.73,32.89
baseline,2,8,5,Hebron,biotech,77.77,17.999999999999993
baseline,2,8,5,Hebron,core_daten,121.9,26.0
baseline,2,8,5,Hebron,relikte,150.44,26.0
baseline,2,8,5,Hyperion,nahrung,19.22,16.799999999999994
baseline,2,8,5,Hyperion,rohstoffe,30.74,25.167999999999992
baseline,2,8,5,Hyperion,industrieteile,41.66,24.0
baseline,2,8,5,Hyperion,energie,40.11,15.600000000000001
baseline,2,8,5,Hyperion,luxus,73.87,16.159999999999993
baseline,2,8,5,Hyperion,biotech,78.09,24.0
baseline,2,8,5,Hyperion,core_daten,122.64,24.0
baseline,2,8,5,Hyperion,relikte,141.65,27.583999999999996
baseline,2,8,6,Lusus,nahrung,23.33,9.899999999999999
baseline,2,8,6,Lusus,rohstoffe,27.54,22.5
baseline,2,8,6,Lusus,industrieteile,42.79,32.0
baseline,2,8,6,Lusus,energie,40.74,12.800000000000004
baseline,2,8,6,Lusus,luxus,81.37,51.94399999999999
baseline,2,8,6,Lusus,biotech,79.68,32.0
baseline,2,8,6,Lusus,core_daten,106.26,45.29600000000001
baseline,2,8,6,Lusus,relikte,140.34,32.0
baseline,2,8,6,Tau Ceti,nahrung,20.95,59.372000000000014
baseline,2,8,6,Tau Ceti,rohstoffe,29.07,30.0
baseline,2,8,6,Tau Ceti,industrieteile,48.0,13.199999999999996
baseline,2,8,6,Tau Ceti,energie,38.73,13.199999999999996
baseline,2,8,6,Tau Ceti,luxus,78.79,30.0
baseline,2,8,6,Tau Ceti,biotech,79.0,39.91799999999999
baseline,2,8,6,Tau Ceti,core_daten,105.43,30.0
baseline,2,8,6,Tau Ceti,relikte,144.4,30.0
baseline,2,8,6,Maui-Covenant,nahrung,20.55,33.44000000000001
baseline,2,8,6,Maui-Covenant,rohstoffe,29.91,26.0
baseline,2,8,6,Maui-Covenant,industrieteile,45.25,26.0
baseline,2,8,6,Maui-Covenant,energie,40.27,17.0
baseline,2,8,6,Maui-Covenant,luxus,81.48,20.0
baseline,2,8,6,Maui-Covenant,biotech,78.22,40.78399999999999
baseline,2,8,6,Maui-Covenant,core_daten,105.8,26.0
baseline,2,8,6,Maui-Covenant,relikte,136.16,26.0
baseline,2,8,6,Marsim,nahrung,23.07,9.399999999999995
baseline,2,8,6,Marsim,rohstoffe,32.76,10.5
baseline,2,8,6,Marsim,industrieteile,44.57,63.43000000000001
baseline,2,8,6,Marsim,energie,38.98,50.45800000000001
baseline,2,8,6,Marsim,luxus,79.3,31.0
baseline,2,8,6,Marsim,biotech,82.96,31.0
baseline,2,8,6,Marsim,core_daten,116.54,31.0
baseline,2,8,6,Marsim,relikte,145.95,31.0
baseline,2,8,6,Qom-Riyadh,nahrung,22.7,13.600000000000007
baseline,2,8,6,Qom-Riyadh,rohstoffe,28.43,28.0
baseline,2,8,6,Qom-Riyadh,industrieteile,44.12,28.0
baseline,2,8,6,Qom-Riyadh,energie,38.75,13.600000000000007
baseline,2,8,6,Qom-Riyadh,luxus,83.05,35.19399999999999
baseline,2,8,6,Qom-Riyadh,biotech,81.9,28.0
baseline,2,8,6,Qom-Riyadh,core_daten,118.08,56.775999999999996
baseline,2,8,6,Qom-Riyadh,relikte,143.84,28.0
baseline,2,8,6,Bressia,nahrung,24.19,10.96
baseline,2,8,6,Bressia,rohstoffe,31.66,41.64256
baseline,2,8,6,Bressia,industrieteile,50.4,14.739999999999995
baseline,2,8,6,Bressia,energie,40.15,32.28112000000001
baseline,2,8,6,Bressia,luxus,80.38,25.0
baseline,2,8,6,Bressia,biotech,93.16,25.0
baseline,2,8,6,Bressia,core_daten,119.43,25.0
baseline,2,8,6,Bressia,relikte,152.86,25.0
baseline,2,8,6,Hebron,nahrung,19.68,12.800000000000004
baseline,2,8,6,Hebron,rohstoffe,28.66,26.0
baseline,2,8,6,Hebron,industrieteile,45.87,26.0
baseline,2,8,6,Hebron,energie,40.77,15.199999999999996
baseline,2,8,6,Hebron,luxus,74.07,34.268
baseline,2,8,6,Hebron,biotech,81.29,16.39999999999999
baseline,2,8,6,Hebron,core_daten,105.45,26.0
baseline,2,8,6,Hebron,relikte,143.1,26.0
baseline,2,8,6,Hyperion,nahrung,20.16,15.359999999999994
baseline,2,8,6,Hyperion,rohstoffe,28.75,26.60159999999999
baseline,2,8,6,Hyperion,industrieteile,45.27,24.0
baseline,2,8,6,Hyperion,energie,35.12,13.920000000000002
baseline,2,8,6,Hyperion,luxus,78.72,14.591999999999993
baseline,2,8,6,Hyperion,biotech,80.62,24.0
baseline,2,8,6,Hyperion,core_daten,113.72,24.0
baseline,2,8,6,Hyperion,relikte,154.8,28.300799999999995
baseline,2,8,7,Lusus,nahrung,22.28,9.499999999999998
baseline,2,8,7,Lusus,rohstoffe,27.08,22.5
baseline,2,8,7,Lusus,industrieteile,44.78,32.0
baseline,2,8,7,Lusus,energie,38.16,10.7
baseline,2,8,7,Lusus,luxus,79.46,55.26799999999999
baseline,2,8,7,Lusus,biotech,82.56,32.0
baseline,2,8,7,Lusus,core_daten,107.62,47.51200000000001
baseline,2,8,7,Lusus,relikte,143.75,32.0
baseline,2,8,7,Tau Ceti,nahrung,21.72,65.98400000000001
baseline,2,8,7,Tau Ceti,rohstoffe,30.26,30.0
baseline,2,8,7,Tau Ceti,industrieteile,44.17,10.399999999999995
baseline,2,8,7,Tau Ceti,energie,37.7,10.399999999999995
baseline,2,8,7,Tau Ceti,luxus,76.31,30.0
baseline,2,8,7,Tau Ceti,biotech,76.64,41.57099999999999
baseline,2,8,7,Tau Ceti,core_daten,118.81,30.0
baseline,2,8,7,Tau Ceti,relikte,137.22,30.0
baseline,2,8,7,Maui-Covenant,nahrung,20.45,34.50000000000001
baseline,2,8,7,Maui-Covenant,rohstoffe,29.86,20.0
baseline,2,8,7,Maui-Covenant,industrieteile,42.56,26.0
baseline,2,8,7,Maui-Covenant,energie,37.2,15.5
baseline,2,8,7,Maui-Covenant,luxus,76.26,19.0
baseline,2,8,7,Maui-Covenant,biotech,78.45,43.24799999999999
baseline,2,8,7,Maui-Covenant,core_daten,110.08,26.0
baseline,2,8,7,Maui-Covenant,relikte,151.93,26.0
baseline,2,8,7,Marsim,nahrung,22.79,5.799999999999995
baseline,2,8,7,Marsim,rohstoffe,32.74,10.5
baseline,2,8,7,Marsim,industrieteile,41.17,68.83500000000001
baseline,2,8,7,Marsim,energie,36.92,52.60100000000002
baseline,2,8,7,Marsim,luxus,83.02,31.0
baseline,2,8,7,Marsim,biotech,77.56,31.0
baseline,2,8,7,Marsim,core_daten,115.49,31.0
baseline,2,8,7,Marsim,relikte,141.46,31.0
baseline,2,8,7,Qom-Riyadh,nahrung,21.42,11.200000000000006
baseline,2,8,7,Qom-Riyadh,rohstoffe,29.27,28.0
baseline,2,8,7,Qom-Riyadh,industrieteile,41.9,28.0
baseline,2,8,7,Qom-Riyadh,energie,39.57,11.200000000000006
baseline,2,8,7,Qom-Riyadh,luxus,78.45,36.39299999999999
baseline,2,8,7,Qom-Riyadh,biotech,81.54,28.0
baseline,2,8,7,Qom-Riyadh,core_daten,105.89,61.571999999999996
baseline,2,8,7,Qom-Riyadh,relikte,143.23,28.0
baseline,2,8,7,Bressia,nahrung,22.42,8.620000000000001
baseline,2,8,7,Bressia,rohstoffe,29.54,44.73696
baseline,2,8,7,Bressia,industrieteile,45.65,13.029999999999994
baseline,2,8,7,Bressia,energie,39.52,33.63492000000001
baseline,2,8,7,Bressia,luxus,85.32,25.0
baseline,2,8,7,Bressia,biotech,80.43,25.0
baseline,2,8,7,Bressia,core_daten,108.73,25.0
baseline,2,8,7,Bressia,relikte,150.93,25.0
baseline,2,8,7,Hebron,nahrung,21.96,10.600000000000005
baseline,2,8,7,Hebron,rohstoffe,30.12,26.0
baseline,2,8,7,Hebron,industrieteile,38.92,26.0
baseline,2,8,7,Hebron,energie,35.23,13.399999999999995
baseline,2,8,7,Hebron,luxus,80.21,35.646
baseline,2,8,7,Hebron,biotech,81.48,14.799999999999992
baseline,2,8,7,Hebron,core_daten,112.69,26.0
baseline,2,8,7,Hebron,relikte,139.71,26.0
baseline,2,8,7,Hyperion,nahrung,19.82,9.1
baseline,2,8,7,Hyperion,rohstoffe,28.8,28.03519999999999
baseline,2,8,7,Hyperion,industrieteile,41.28,24.0
baseline,2,8,7,Hyperion,energie,38.86,12.240000000000002
baseline,2,8,7,Hyperion,luxus,88.17,13.023999999999994
baseline,2,8,7,Hyperion,biotech,81.11,24.0
baseline,2,8,7,Hyperion,core_daten,120.36,24.0
baseline,2,8,7,Hyperion,relikte,139.34,29.017599999999995
baseline,2,8,8,Lusus,nahrung,23.36,9.099999999999998
baseline,2,8,8,Lusus,rohstoffe,28.2,22.5
baseline,2,8,8,Lusus,industrieteile,41.63,29.299999999999994
baseline,2,8,8,Lusus,energie,41.49,10.7
baseline,2,8,8,Lusus,luxus,78.42,58.591999999999985
baseline,2,8,8,Lusus,biotech,82.25,32.0
baseline,2,8,8,Lusus,core_daten,114.89,49.72800000000001
baseline,2,8,8,Lusus,relikte,143.37,32.0
baseline,2,8,8,Tau Ceti,nahrung,20.79,72.596
baseline,2,8,8,Tau Ceti,rohstoffe,30.23,30.0
baseline,2,8,8,Tau Ceti,industrieteile,44.73,10.3
baseline,2,8,8,Tau Ceti,energie,39.95,10.3
baseline,2,8,8,Tau Ceti,luxus,79.87,30.0
baseline,2,8,8,Tau Ceti,biotech,84.04,43.22399999999999
baseline,2,8,8,Tau Ceti,core_daten,106.71,30.0
baseline,2,8,8,Tau Ceti,relikte,137.87,30.0
baseline,2,8,8,Maui-Covenant,nahrung,20.2,30.74000000000001
baseline,2,8,8,Maui-Covenant,rohstoffe,29.17,20.0
baseline,2,8,8,Maui-Covenant,industrieteile,41.17,26.0
baseline,2,8,8,Maui-Covenant,energie,36.35,14.0
baseline,2,8,8,Maui-Covenant,luxus,80.18,17.55
baseline,2,8,8,Maui-Covenant,biotech,77.66,45.71199999999999
baseline,2,8,8,Maui-Covenant,core_daten,115.52,26.0
baseline,2,8,8,Maui-Covenant,relikte,153.83,26.0
baseline,2,8,8,Marsim,nahrung,26.38,2.1999999999999957
baseline,2,8,8,Marsim,rohstoffe,32.8,10.5
baseline,2,8,8,Marsim,industrieteile,41.94,74.24000000000001
baseline,2,8,8,Marsim,energie,35.1,52.04400000000001
baseline,2,8,8,Marsim,luxus,78.05,31.0
baseline,2,8,8,Marsim,biotech,81.81,31.0
baseline,2,8,8,Marsim,core_daten,109.72,31.0
baseline,2,8,8,Marsim,relikte,143.21,31.0
baseline,2,8,8,Qom-Riyadh,nahrung,23.12,8.800000000000006
baseline,2,8,8,Qom-Riyadh,rohstoffe,28.07,22.0
baseline,2,8,8,Qom-Riyadh,industrieteile,41.42,28.0
baseline,2,8,8,Qom-Riyadh,energie,39.92,8.800000000000006
baseline,2,8,8,Qom-Riyadh,luxus,82.92,37.591999999999985
baseline,2,8,8,Qom-Riyadh,biotech,76.91,28.0
baseline,2,8,8,Qom-Riyadh,core_daten,111.47,66.368
baseline,2,8,8,Qom-Riyadh,relikte,154.32,28.0
baseline,2,8,8,Bressia,nahrung,23.47,6.280000000000001
baseline,2,8,8,Bressia,rohstoffe,28.94,47.831360000000004
baseline,2,8,8,Bressia,industrieteile,46.43,11.319999999999993
baseline,2,8,8,Bressia,energie,41.37,34.98872000000001
baseline,2,8,8,Bressia,luxus,75.79,25.0
baseline,2,8,8,Bressia,biotech,95.18,25.0
baseline,2,8,8,Bressia,core_daten,122.76,25.0
baseline,2,8,8,Bressia,relikte,161.75,25.0
baseline,2,8,8,Hebron,nahrung,20.44,8.400000000000006
baseline,2,8,8,Hebron,rohstoffe,25.85,26.0
baseline,2,8,8,Hebron,industrieteile,41.29,26.0
baseline,2,8,8,Hebron,energie,39.27,9.5
baseline,2,8,8,Hebron,luxus,78.98,37.024
baseline,2,8,8,Hebron,biotech,88.87,13.199999999999992
baseline,2,8,8,Hebron,core_daten,102.75,26.0
baseline,2,8,8,Hebron,relikte,157.65,26.0
baseline,2,8,8,Hyperion,nahrung,20.21,7.659999999999999
baseline,2,8,8,Hyperion,rohstoffe,26.74,29.468799999999987
baseline,2,8,8,Hyperion,industrieteile,39.73,24.0
baseline,2,8,8,Hyperion,energie,38.32,10.560000000000002
baseline,2,8,8,Hyperion,luxus,77.8,10.750399999999994
baseline,2,8,8,Hyperion,biotech,85.26,24.0
baseline,2,8,8,Hyperion,core_daten,109.74,24.0
baseline,2,8,8,Hyperion,relikte,134.62,29.734399999999994
baseline,2,8,9,Lusus,nahrung,28.27,2.6999999999999975
baseline,2,8,9,Lusus,rohstoffe,27.21,22.5
baseline,2,8,9,Lusus,industrieteile,45.24,29.299999999999994
baseline,2,8,9,Lusus,energie,40.52,10.7
baseline,2,8,9,Lusus,luxus,76.13,61.91599999999998
baseline,2,8,9,Lusus,biotech,82.63,32.0
baseline,2,8,9,Lusus,core_daten,105.89,51.94400000000001
baseline,2,8,9,Lusus,relikte,150.91,32.0
baseline,2,8,9,Tau Ceti,nahrung,20.85,79.208
baseline,2,8,9,Tau Ceti,rohstoffe,27.37,30.0
baseline,2,8,9,Tau Ceti,industrieteile,44.06,10.3
baseline,2,8,9,Tau Ceti,energie,40.3,10.3
baseline,2,8,9,Tau Ceti,luxus,81.74,30.0
baseline,2,8,9,Tau Ceti,biotech,78.55,44.87699999999999
baseline,2,8,9,Tau Ceti,core_daten,119.21,30.0
baseline,2,8,9,Tau Ceti,relikte,147.03,30.0
baseline,2,8,9,Maui-Covenant,nahrung,20.86,26.98000000000001
baseline,2,8,9,Maui-Covenant,rohstoffe,30.27,20.0
baseline,2,8,9,Maui-Covenant,industrieteile,42.02,23.2
baseline,2,8,9,Maui-Covenant,energie,39.81,12.5
baseline,2,8,9,Maui-Covenant,luxus,80.02,16.1
baseline,2,8,9,Maui-Covenant,biotech,79.65,48.17599999999999
baseline,2,8,9,Maui-Covenant,core_daten,113.19,26.0
baseline,2,8,9,Maui-Covenant,relikte,153.86,26.0
baseline,2,8,9,Marsim,nahrung,21.74,6.0
baseline,2,8,9,Marsim,rohstoffe,32.1,10.5
baseline,2,8,9,Marsim,industrieteile,40.01,79.64500000000001
baseline,2,8,9,Marsim,energie,36.95,49.28700000000001
baseline,2,8,9,Marsim,luxus,74.33,31.0
baseline,2,8,9,Marsim,biotech,84.76,31.0
baseline,2,8,9,Marsim,core_daten,115.17,31.0
baseline,2,8,9,Marsim,relikte,153.47,31.0
baseline,2,8,9,Qom-Riyadh,nahrung,22.92,6.400000000000006
baseline,2,8,9,Qom-Riyadh,rohstoffe,27.97,22.0
baseline,2,8,9,Qom-Riyadh,industrieteile,43.37,28.0
baseline,2,8,9,Qom-Riyadh,energie,39.41,6.400000000000006
baseline,2,8,9,Qom-Riyadh,luxus,77.86,38.79099999999998
baseline,2,8,9,Qom-Riyadh,biotech,77.58,28.0
baseline,2,8,9,Qom-Riyadh,core_daten,118.61,71.16399999999999
baseline,2,8,9,Qom-Riyadh,relikte,148.32,28.0
baseline,2,8,9,Bressia,nahrung,22.97,3.940000000000001
baseline,2,8,9,Bressia,rohstoffe,30.2,50.925760000000004
baseline,2,8,9,Bressia,industrieteile,47.47,9.609999999999992
baseline,2,8,9,Bressia,energie,42.87,36.34252000000001
baseline,2,8,9,Bressia,luxus,84.3,25.0
baseline,2,8,9,Bressia,biotech,91.05,25.0
baseline,2,8,9,Bressia,core_daten,121.22,25.0
baseline,2,8,9,Bressia,relikte,139.89,25.0
baseline,2,8,9,Hebron,nahrung,22.51,6.2000000000000055
baseline,2,8,9,Hebron,rohstoffe,30.47,20.0
baseline,2,8,9,Hebron,industrieteile,41.7,26.0
baseline,2,8,9,Hebron,energie,36.2,7.7
baseline,2,8,9,Hebron,luxus,75.66,38.402
baseline,2,8,9,Hebron,biotech,79.53,11.599999999999993
baseline,2,8,9,Hebron,core_daten,114.29,26.0
baseline,2,8,9,Hebron,relikte,144.83,26.0
baseline,2,8,9,Hyperion,nahrung,20.21,6.219999999999999
baseline,2,8,9,Hyperion,rohstoffe,30.44,30.902399999999986
baseline,2,8,9,Hyperion,industrieteile,40.75,24.0
baseline,2,8,9,Hyperion,energie,39.13,8.880000000000003
baseline,2,8,9,Hyperion,luxus,78.82,8.476799999999994
baseline,2,8,9,Hyperion,biotech,82.28,24.0
baseline,2,8,9,Hyperion,core_daten,114.47,24.0
baseline,2,8,9,Hyperion,relikte,150.71,30.451199999999993
baseline,2,8,10,Lusus,nahrung,23.72,6.0
baseline,2,8,10,Lusus,rohstoffe,30.39,16.5
baseline,2,8,10,Lusus,industrieteile,44.69,29.299999999999994
baseline,2,8,10,Lusus,energie,43.9,7.600000000000004
baseline,2,8,10,Lusus,luxus,75.35,65.23999999999998
baseline,2,8,10,Lusus,biotech,83.58,32.0
baseline,2,8,10,Lusus,core_daten,109.36,54.16000000000001
baseline,2,8,10,Lusus,relikte,148.59,32.0
baseline,2,8,10,Tau Ceti,nahrung,21.61,79.82
baseline,2,8,10,Tau Ceti,rohstoffe,29.03,30.0
baseline,2,8,10,Tau Ceti,industrieteile,48.24,7.500000000000001
baseline,2,8,10,Tau Ceti,energie,41.9,7.500000000000001
baseline,2,8,10,Tau Ceti,luxus,80.63,30.0
baseline,2,8,10,Tau Ceti,biotech,77.74,46.52999999999999
baseline,2,8,10,Tau Ceti,core_daten,115.68,30.0
baseline,2,8,10,Tau Ceti,relikte,138.08,30.0
baseline,2,8,10,Maui-Covenant,nahrung,21.76,29.220000000000013
baseline,2,8,10,Maui-Covenant,rohstoffe,27.99,20.0
baseline,2,8,10,Maui-Covenant,industrieteile,40.57,23.2
baseline,2,8,10,Maui-Covenant,energie,36.61,11.0
baseline,2,8,10,Maui-Covenant,luxus,82.73,14.650000000000002
baseline,2,8,10,Maui-Covenant,biotech,76.72,50.639999999999986
baseline,2,8,10,Maui-Covenant,core_daten,111.46,26.0
baseline,2,8,10,Maui-Covenant,relikte,136.96,26.0
baseline,2,8,10,Marsim,nahrung,25.88,2.4000000000000004
baseline,2,8,10,Marsim,rohstoffe,34.03,10.5
baseline,2,8,10,Marsim,industrieteile,39.84,85.0233
baseline,2,8,10,Marsim,energie,37.92,46.513980000000004
baseline,2,8,10,Marsim,luxus,80.19,31.0
baseline,2,8,10,Marsim,biotech,82.19,31.0
baseline,2,8,10,Marsim,core_daten,119.33,31.0
baseline,2,8,10,Marsim,relikte,141.42,31.0
baseline,2,8,10,Qom-Riyadh,nahrung,24.16,4.000000000000005
baseline,2,8,10,Qom-Riyadh,rohstoffe,28.67,22.0
baseline,2,8,10,Qom-Riyadh,industrieteile,41.21,28.0
baseline,2,8,10,Qom-Riyadh,energie,38.78,9.9
baseline,2,8,10,Qom-Riyadh,luxus,74.5,39.98999999999998
baseline,2,8,10,Qom-Riyadh,biotech,84.46,28.0
baseline,2,8,10,Qom-Riyadh,core_daten,107.9,75.95999999999998
baseline,2,8,10,Qom-Riyadh,relikte,146.86,28.0
baseline,2,8,10,Bressia,nahrung,27.64,1.6000000000000005
baseline,2,8,10,Bressia,rohstoffe,28.57,54.020160000000004
baseline,2,8,10,Bressia,industrieteile,50.0,9.3
baseline,2,8,10,Bressia,energie,41.26,37.69632000000001
baseline,2,8,10,Bressia,luxus,80.44,25.0
baseline,2,8,10,Bressia,biotech,92.36,25.0
baseline,2,8,10,Bressia,core_daten,116.75,25.0
baseline,2,8,10,Bressia,relikte,139.7,25.0
baseline,2,8,10,Hebron,nahrung,21.07,4.000000000000005
baseline,2,8,10,Hebron,rohstoffe,26.62,20.0
baseline,2,8,10,Hebron,industrieteile,44.64,24.59999999999999
baseline,2,8,10,Hebron,energie,40.77,5.9
baseline,2,8,10,Hebron,luxus,73.09,39.78
baseline,2,8,10,Hebron,biotech,96.26,9.999999999999993
baseline,2,8,10,Hebron,core_daten,102.24,26.0
baseline,2,8,10,Hebron,relikte,148.05,26.0
baseline,2,8,10,Hyperion,nahrung,22.04,4.7799999999999985
baseline,2,8,10,Hyperion,rohstoffe,30.56,32.335999999999984
baseline,2,8,10,Hyperion,industrieteile,43.62,24.0
baseline,2,8,10,Hyperion,energie,42.69,7.200000000000003
baseline,2,8,10,Hyperion,luxus,82.05,6.203199999999994
baseline,2,8,10,Hyperion,biotech,82.38,24.0
baseline,2,8,10,Hyperion,core_daten,119.02,24.0
baseline,2,8,10,Hyperion,relikte,141.35,31.167999999999992
baseline,2,8,11,Lusus,nahrung,23.76,6.0
baseline,2,8,11,Lusus,rohstoffe,30.65,10.7
baseline,2,8,11,Lusus,industrieteile,45.11,29.299999999999994
baseline,2,8,11,Lusus,energie,38.28,10.400000000000004
baseline,2,8,11,Lusus,luxus,73.94,68.54383999999997
baseline,2,8,11,Lusus,biotech,80.6,32.0
baseline,2,8,11,Lusus,core_daten,108.66,56.36256000000001
baseline,2,8,11,Lusus,relikte,142.9,32.0
baseline,2,8,11,Tau Ceti,nahrung,19.9,80.43199999999999
baseline,2,8,11,Tau Ceti,rohstoffe,29.37,30.0
baseline,2,8,11,Tau Ceti,industrieteile,44.33,10.3
baseline,2,8,11,Tau Ceti,energie,43.55,4.700000000000001
baseline,2,8,11,Tau Ceti,luxus,77.15,25.535199999999996
baseline,2,8,11,Tau Ceti,biotech,79.51,48.182999999999986
baseline,2,8,11,Tau Ceti,core_daten,114.15,30.0
baseline,2,8,11,Tau Ceti,relikte,136.04,30.0
baseline,2,8,11,Maui-Covenant,nahrung,21.48,31.460000000000015
baseline,2,8,11,Maui-Covenant,rohstoffe,28.44,20.0
baseline,2,8,11,Maui-Covenant,industrieteile,44.13,23.2
baseline,2,8,11,Maui-Covenant,energie,40.89,9.5
baseline,2,8,11,Maui-Covenant,luxus,86.27,13.650000000000002
baseline,2,8,11,Maui-Covenant,biotech,76.07,53.103999999999985
baseline,2,8,11,Maui-Covenant,core_daten,109.39,26.0
baseline,2,8,11,Maui-Covenant,relikte,142.57,26.0
baseline,2,8,11,Marsim,nahrung,36.42,0.0
baseline,2,8,11,Marsim,rohstoffe,31.67,10.5
baseline,2,8,11,Marsim,industrieteile,42.06,90.4016
baseline,2,8,11,Marsim,energie,37.4,43.74096
baseline,2,8,11,Marsim,luxus,81.4,31.0
baseline,2,8,11,Marsim,biotech,77.25,31.0
baseline,2,8,11,Marsim,core_daten,110.78,31.0
baseline,2,8,11,Marsim,relikte,140.03,31.0
baseline,2,8,11,Qom-Riyadh,nahrung,24.88,1.6000000000000054
baseline,2,8,11,Qom-Riyadh,rohstoffe,28.01,22.0
baseline,2,8,11,Qom-Riyadh,industrieteile,41.31,28.0
baseline,2,8,11,Qom-Riyadh,energie,42.95,7.5
baseline,2,8,11,Qom-Riyadh,luxus,73.47,41.18899999999998
baseline,2,8,11,Qom-Riyadh,biotech,76.85,28.0
baseline,2,8,11,Qom-Riyadh,core_daten,115.15,80.75599999999997
baseline,2,8,11,Qom-Riyadh,relikte,139.91,28.0
baseline,2,8,11,Bressia,nahrung,36.69,0.0
baseline,2,8,11,Bressia,rohstoffe,31.21,56.91456000000001
baseline,2,8,11,Bressia,industrieteile,53.29,7.590000000000001
baseline,2,8,11,Bressia,energie,44.1,39.05012000000001
baseline,2,8,11,Bressia,luxus,86.23,25.0
baseline,2,8,11,Bressia,biotech,97.15,25.0
baseline,2,8,11,Bressia,core_daten,112.45,25.0
baseline,2,8,11,Bressia,relikte,142.48,25.0
baseline,2,8,11,Hebron,nahrung,22.32,1.8000000000000052
baseline,2,8,11,Hebron,rohstoffe,25.82,20.0
baseline,2,8,11,Hebron,industrieteile,45.25,24.59999999999999
baseline,2,8,11,Hebron,energie,43.66,4.1000000000000005
baseline,2,8,11,Hebron,luxus,75.46,41.158
baseline,2,8,11,Hebron,biotech,83.91,8.399999999999993
baseline,2,8,11,Hebron,core_daten,104.14,26.0
baseline,2,8,11,Hebron,relikte,145.82,26.0
baseline,2,8,11,Hyperion,nahrung,24.73,3.339999999999998
baseline,2,8,11,Hyperion,rohstoffe,25.7,33.76959999999998
baseline,2,8,11,Hyperion,industrieteile,43.46,18.4
baseline,2,8,11,Hyperion,energie,42.34,5.520000000000003
baseline,2,8,11,Hyperion,luxus,80.08,9.1
baseline,2,8,11,Hyperion,biotech,76.5,24.0
baseline,2,8,11,Hyperion,core_daten,122.02,24.0
baseline,2,8,11,Hyperion,relikte,152.63,31.88479999999999
baseline,2,8,12,Lusus,nahrung,23.0,6.0
baseline,2,8,12,Lusus,rohstoffe,30.39,10.7
baseline,2,8,12,Lusus,industrieteile,44.61,29.299999999999994
baseline,2,8,12,Lusus,energie,42.25,7.200000000000004
baseline,2,8,12,Lusus,luxus,76.97,71.83345999999997
baseline,2,8,12,Lusus,biotech,86.09,32.0
baseline,2,8,12,Lusus,core_daten,109.1,58.55564000000001
baseline,2,8,12,Lusus,relikte,147.62,32.0
baseline,2,8,12,Tau Ceti,nahrung,19.63,81.04399999999998
baseline,2,8,12,Tau Ceti,rohstoffe,29.53,30.0
baseline,2,8,12,Tau Ceti,industrieteile,47.06,10.080000000000002
baseline,2,8,12,Tau Ceti,energie,41.29,7.900000000000001
baseline,2,8,12,Tau Ceti,luxus,75.53,25.535199999999996
baseline,2,8,12,Tau Ceti,biotech,84.11,49.835999999999984
baseline,2,8,12,Tau Ceti,core_daten,114.88,30.0
baseline,2,8,12,Tau Ceti,relikte,148.85,30.0
baseline,2,8,12,Maui-Covenant,nahrung,20.99,33.70000000000002
baseline,2,8,12,Maui-Covenant,rohstoffe,27.6,20.0
baseline,2,8,12,Maui-Covenant,industrieteile,43.01,23.2
baseline,2,8,12,Maui-Covenant,energie,38.51,8.0
baseline,2,8,12,Maui-Covenant,luxus,85.23,12.650000000000002
baseline,2,8,12,Maui-Covenant,biotech,83.72,52.86799999999998
baseline,2,8,12,Maui-Covenant,core_daten,115.42,26.0
baseline,2,8,12,Maui-Covenant,relikte,143.08,26.0
baseline,2,8,12,Marsim,nahrung,34.62,0.0
baseline,2,8,12,Marsim,rohstoffe,34.46,10.5
baseline,2,8,12,Marsim,industrieteile,39.8,95.7538
baseline,2,8,12,Marsim,energie,38.63,40.95228
baseline,2,8,12,Marsim,luxus,79.16,31.0
baseline,2,8,12,Marsim,biotech,78.3,31.0
baseline,2,8,12,Marsim,core_daten,113.75,31.0
baseline,2,8,12,Marsim,relikte,151.95,31.0
baseline,2,8,12,Qom-Riyadh,nahrung,30.43,0.0
baseline,2,8,12,Qom-Riyadh,rohstoffe,26.86,22.0
baseline,2,8,12,Qom-Riyadh,industrieteile,40.27,28.0
baseline,2,8,12,Qom-Riyadh,energie,41.11,5.1
baseline,2,8,12,Qom-Riyadh,luxus,81.34,42.38799999999998
baseline,2,8,12,Qom-Riyadh,biotech,79.27,28.0
baseline,2,8,12,Qom-Riyadh,core_daten,105.53,85.55199999999996
baseline,2,8,12,Qom-Riyadh,relikte,150.79,28.0
baseline,2,8,12,Bressia,nahrung,34.19,0.0
baseline,2,8,12,Bressia,rohstoffe,29.69,59.99313920000001
baseline,2,8,12,Bressia,industrieteile,48.47,9.3
baseline,2,8,12,Bressia,energie,42.48,40.39699840000001
baseline,2,8,12,Bressia,luxus,86.88,25.0
baseline,2,8,12,Bressia,biotech,90.57,25.0
baseline,2,8,12,Bressia,core_daten,111.35,25.0
baseline,2,8,12,Bressia,relikte,143.2,25.0
baseline,2,8,12,Hebron,nahrung,32.42,0.0
baseline,2,8,12,Hebron,rohstoffe,30.77,20.0
baseline,2,8,12,Hebron,industrieteile,45.12,24.59999999999999
baseline,2,8,12,Hebron,energie,41.61,2.3000000000000007
baseline,2,8,12,Hebron,luxus,80.92,40.681584
baseline,2,8,12,Hebron,biotech,94.66,9.5
baseline,2,8,12,Hebron,core_daten,115.74,26.0
baseline,2,8,12,Hebron,relikte,135.21,26.0
baseline,2,8,12,Hyperion,nahrung,22.63,1.899999999999998
baseline,2,8,12,Hyperion,rohstoffe,31.14,29.20319999999998
baseline,2,8,12,Hyperion,industrieteile,41.01,12.399999999999999
baseline,2,8,12,Hyperion,energie,43.65,3.840000000000003
baseline,2,8,12,Hyperion,luxus,80.42,9.1
baseline,2,8,12,Hyperion,biotech,81.99,24.0
baseline,2,8,12,Hyperion,core_daten,117.7,24.0
baseline,2,8,12,Hyperion,relikte,134.83,32.60159999999999
baseline,2,8,13,Lusus,nahrung,23.52,6.0
baseline,2,8,13,Lusus,rohstoffe,27.48,10.7
baseline,2,8,13,Lusus,industrieteile,40.09,29.299999999999994
baseline,2,8,13,Lusus,energie,46.47,4.0000000000000036
baseline,2,8,13,Lusus,luxus,73.17,75.10885999999998
baseline,2,8,13,Lusus,biotech,80.24,32.0
baseline,2,8,13,Lusus,core_daten,112.0,60.73924000000001
baseline,2,8,13,Lusus,relikte,142.53,32.0
baseline,2,8,13,Tau Ceti,nahrung,21.5,87.65599999999998
baseline,2,8,13,Tau Ceti,rohstoffe,26.99,24.0
baseline,2,8,13,Tau Ceti,industrieteile,45.42,10.3
baseline,2,8,13,Tau Ceti,energie,43.68,5.100000000000001
baseline,2,8,13,Tau Ceti,luxus,78.37,25.535199999999996
baseline,2,8,13,Tau Ceti,biotech,78.66,51.48899999999998
baseline,2,8,13,Tau Ceti,core_daten,109.46,30.0
baseline,2,8,13,Tau Ceti,relikte,152.19,30.0
baseline,2,8,13,Maui-Covenant,nahrung,21.53,29.94000000000002
baseline,2,8,13,Maui-Covenant,rohstoffe,30.2,20.0
baseline,2,8,13,Maui-Covenant,industrieteile,44.95,23.2
baseline,2,8,13,Maui-Covenant,energie,39.48,6.5
baseline,2,8,13,Maui-Covenant,luxus,81.61,11.200000000000003
baseline,2,8,13,Maui-Covenant,biotech,78.7,55.33199999999998
baseline,2,8,13,Maui-Covenant,core_daten,105.88,26.0
baseline,2,8,13,Maui-Covenant,relikte,142.03,26.0
baseline,2,8,13,Marsim,nahrung,36.04,0.0
baseline,2,8,13,Marsim,rohstoffe,33.56,10.5
baseline,2,8,13,Marsim,industrieteile,40.4,96.34270000000001
baseline,2,8,13,Marsim,energie,35.35,38.14362
baseline,2,8,13,Marsim,luxus,78.65,31.0
baseline,2,8,13,Marsim,biotech,79.04,31.0
baseline,2,8,13,Marsim,core_daten,110.05,31.0
baseline,2,8,13,Marsim,relikte,136.91,31.0
baseline,2,8,13,Qom-Riyadh,nahrung,31.52,0.0
baseline,2,8,13,Qom-Riyadh,rohstoffe,28.87,22.0
baseline,2,8,13,Qom-Riyadh,industrieteile,41.1,28.0
baseline,2,8,13,Qom-Riyadh,energie,47.93,2.6999999999999997
baseline,2,8,13,Qom-Riyadh,luxus,80.81,43.58152199999998
baseline,2,8,13,Qom-Riyadh,biotech,82.23,28.0
baseline,2,8,13,Qom-Riyadh,core_daten,114.84,90.32608799999997
baseline,2,8,13,Qom-Riyadh,relikte,151.94,28.0
baseline,2,8,13,Bressia,nahrung,32.06,0.0
baseline,2,8,13,Bressia,rohstoffe,31.57,63.052825600000006
baseline,2,8,13,Bressia,industrieteile,47.41,9.3
baseline,2,8,13,Bressia,energie,41.79,41.73561120000001
baseline,2,8,13,Bressia,luxus,80.27,25.0
baseline,2,8,13,Bressia,biotech,99.97,25.0
baseline,2,8,13,Bressia,core_daten,131.71,25.0
baseline,2,8,13,Bressia,relikte,163.3,25.0
baseline,2,8,13,Hebron,nahrung,32.99,0.0
baseline,2,8,13,Hebron,rohstoffe,29.79,20.0
baseline,2,8,13,Hebron,industrieteile,43.12,24.59999999999999
baseline,2,8,13,Hebron,energie,44.27,6.500000000000001
baseline,2,8,13,Hebron,luxus,75.55,39.49451516
baseline,2,8,13,Hebron,biotech,91.02,9.5
baseline,2,8,13,Hebron,core_daten,119.11,26.0
baseline,2,8,13,Hebron,relikte,142.55,26.0
baseline,2,8,13,Hyperion,nahrung,25.38,0.45999999999999774
baseline,2,8,13,Hyperion,rohstoffe,30.7,30.63679999999998
baseline,2,8,13,Hyperion,industrieteile,44.16,12.399999999999999
baseline,2,8,13,Hyperion,energie,48.13,2.160000000000003
baseline,2,8,13,Hyperion,luxus,88.18,9.1
baseline,2,8,13,Hyperion,biotech,78.52,22.4
baseline,2,8,13,Hyperion,core_daten,116.95,24.0
baseline,2,8,13,Hyperion,relikte,146.0,33.31839999999999
baseline,2,8,14,Lusus,nahrung,24.47,6.0
baseline,2,8,14,Lusus,rohstoffe,28.58,10.7
baseline,2,8,14,Lusus,industrieteile,44.15,29.299999999999994
baseline,2,8,14,Lusus,energie,54.54,0.8000000000000034
baseline,2,8,14,Lusus,luxus,79.37,78.37003999999997
baseline,2,8,14,Lusus,biotech,83.68,32.0
baseline,2,8,14,Lusus,core_daten,111.04,62.91336000000001
baseline,2,8,14,Lusus,relikte,146.48,32.0
baseline,2,8,14,Tau Ceti,nahrung,20.28,88.26799999999997
baseline,2,8,14,Tau Ceti,rohstoffe,29.28,24.0
baseline,2,8,14,Tau Ceti,industrieteile,48.87,10.3
baseline,2,8,14,Tau Ceti,energie,44.63,2.3000000000000016
baseline,2,8,14,Tau Ceti,luxus,80.48,25.535199999999996
baseline,2,8,14,Tau Ceti,biotech,79.09,53.14199999999998
baseline,2,8,14,Tau Ceti,core_daten,113.46,30.0
baseline,2,8,14,Tau Ceti,relikte,149.0,30.0
baseline,2,8,14,Maui-Covenant,nahrung,21.15,32.18000000000002
baseline,2,8,14,Maui-Covenant,rohstoffe,27.05,20.0
baseline,2,8,14,Maui-Covenant,industrieteile,44.95,23.2
baseline,2,8,14,Maui-Covenant,energie,39.24,5.0
baseline,2,8,14,Maui-Covenant,luxus,80.62,9.750000000000004
baseline,2,8,14,Maui-Covenant,biotech,82.3,57.79599999999998
baseline,2,8,14,Maui-Covenant,core_daten,106.27,26.0
baseline,2,8,14,Maui-Covenant,relikte,151.89,26.0
baseline,2,8,14,Marsim,nahrung,38.36,0.0
baseline,2,8,14,Marsim,rohstoffe,33.56,10.5
baseline,2,8,14,Marsim,industrieteile,44.59,98.82830000000001
baseline,2,8,14,Marsim,energie,36.75,35.31498
baseline,2,8,14,Marsim,luxus,83.55,31.0
baseline,2,8,14,Marsim,biotech,83.32,31.0
baseline,2,8,14,Marsim,core_daten,114.41,31.0
baseline,2,8,14,Marsim,relikte,146.13,31.0
baseline,2,8,14,Qom-Riyadh,nahrung,31.64,0.0
baseline,2,8,14,Qom-Riyadh,rohstoffe,28.49,16.0
baseline,2,8,14,Qom-Riyadh,industrieteile,44.44,28.0
baseline,2,8,14,Qom-Riyadh,energie,38.81,6.3
baseline,2,8,14,Qom-Riyadh,luxus,77.9,42.494909999999976
baseline,2,8,14,Qom-Riyadh,biotech,82.43,26.4
baseline,2,8,14,Qom-Riyadh,core_daten,111.36,95.07403999999997
baseline,2,8,14,Qom-Riyadh,relikte,153.24,28.0
baseline,2,8,14,Bressia,nahrung,38.56,0.0
baseline,2,8,14,Bressia,rohstoffe,33.45,66.0936192
baseline,2,8,14,Bressia,industrieteile,49.14,7.590000000000001
baseline,2,8,14,Bressia,energie,40.58,43.06595840000001
baseline,2,8,14,Bressia,luxus,88.63,25.0
baseline,2,8,14,Bressia,biotech,100.5,25.0
baseline,2,8,14,Bressia,core_daten,116.11,25.0
baseline,2,8,14,Bressia,relikte,168.96,25.0
baseline,2,8,14,Hebron,nahrung,32.53,0.0
baseline,2,8,14,Hebron,rohstoffe,29.89,20.0
baseline,2,8,14,Hebron,industrieteile,38.8,24.59999999999999
baseline,2,8,14,Hebron,energie,43.63,4.700000000000001
baseline,2,8,14,Hebron,luxus,81.73,40.81198716
baseline,2,8,14,Hebron,biotech,86.61,9.5
baseline,2,8,14,Hebron,core_daten,103.68,26.0
baseline,2,8,14,Hebron,relikte,153.41,26.0
baseline,2,8,14,Hyperion,nahrung,26.61,0.0
baseline,2,8,14,Hyperion,rohstoffe,30.11,32.07039999999998
baseline,2,8,14,Hyperion,industrieteile,43.59,12.399999999999999
baseline,2,8,14,Hyperion,energie,51.9,0.48000000000000265
baseline,2,8,14,Hyperion,luxus,86.4,9.1
baseline,2,8,14,Hyperion,biotech,79.52,22.4
baseline,2,8,14,Hyperion,core_daten,119.62,24.0
baseline,2,8,14,Hyperion,relikte,143.72,34.03519999999999
baseline,2,8,15,Lusus,nahrung,23.61,6.0
baseline,2,8,15,Lusus,rohstoffe,30.46,10.7
baseline,2,8,15,Lusus,industrieteile,42.72,29.299999999999994
baseline,2,8,15,Lusus,energie,41.66,4.502564146630696
baseline,2,8,15,Lusus,luxus,82.6,78.14339999999999
baseline,2,8,15,Lusus,biotech,83.69,32.0
baseline,2,8,15,Lusus,core_daten,117.46,65.07800000000002
baseline,2,8,15,Lusus,relikte,146.4,32.0
baseline,2,8,15,Tau Ceti,nahrung,20.86,88.87999999999997
baseline,2,8,15,Tau Ceti,rohstoffe,27.43,18.0
baseline,2,8,15,Tau Ceti,industrieteile,45.31,10.080000000000002
baseline,2,8,15,Tau Ceti,energie,49.61,1.4974358533693044
baseline,2,8,15,Tau Ceti,luxus,79.89,25.535199999999996
baseline,2,8,15,Tau Ceti,biotech,84.79,54.79499999999998
baseline,2,8,15,Tau Ceti,core_daten,110.71,30.0
baseline,2,8,15,Tau Ceti,relikte,150.6,30.0
baseline,2,8,15,Maui-Covenant,nahrung,21.79,34.42000000000002
baseline,2,8,15,Maui-Covenant,rohstoffe,28.05,20.0
baseline,2,8,15,Maui-Covenant,industrieteile,43.52,23.2
baseline,2,8,15,Maui-Covenant,energie,44.25,3.5
baseline,2,8,15,Maui-Covenant,luxus,78.45,9.5
baseline,2,8,15,Maui-Covenant,biotech,81.52,60.25999999999998
baseline,2,8,15,Maui-Covenant,core_daten,106.67,26.0
baseline,2,8,15,Maui-Covenant,relikte,139.07,26.0
baseline,2,8,15,Marsim,nahrung,36.89,0.0
baseline,2,8,15,Marsim,rohstoffe,33.45,10.5
baseline,2,8,15,Marsim,industrieteile,45.02,98.08060000000002
baseline,2,8,15,Marsim,energie,37.22,32.466359999999995
baseline,2,8,15,Marsim,luxus,75.87,31.0
baseline,2,8,15,Marsim,biotech,81.28,31.0
baseline,2,8,15,Marsim,core_daten,109.65,31.0
baseline,2,8,15,Marsim,relikte,138.04,31.0
baseline,2,8,15,Qom-Riyadh,nahrung,30.48,0.0
baseline,2,8,15,Qom-Riyadh,rohstoffe,29.63,16.0
baseline,2,8,15,Qom-Riyadh,industrieteile,43.55,28.0
baseline,2,8,15,Qom-Riyadh,energie,43.84,3.9
baseline,2,8,15,Qom-Riyadh,luxus,77.76,43.67536399999997
baseline,2,8,15,Qom-Riyadh,biotech,86.51,26.4
baseline,2,8,15,Qom-Riyadh,core_daten,112.46,99.79585599999997
baseline,2,8,15,Qom-Riyadh,relikte,145.78,28.0
baseline,2,8,15,Bressia,nahrung,39.06,0.0
baseline,2,8,15,Bressia,rohstoffe,35.52,69.11552
baseline,2,8,15,Bressia,industrieteile,51.48,9.3
baseline,2,8,15,Bressia,energie,47.41,44.388040000000004
baseline,2,8,15,Bressia,luxus,79.41,25.0
baseline,2,8,15,Bressia,biotech,95.89,25.0
baseline,2,8,15,Bressia,core_daten,126.59,25.0
baseline,2,8,15,Bressia,relikte,165.57,25.0
baseline,2,8,15,Hebron,nahrung,33.6,0.0
baseline,2,8,15,Hebron,rohstoffe,30.75,20.0
baseline,2,8,15,Hebron,industrieteile,45.21,24.59999999999999
baseline,2,8,15,Hebron,energie,44.84,2.9000000000000012
baseline,2,8,15,Hebron,luxus,74.24,42.12189316
baseline,2,8,15,Hebron,biotech,91.44,9.5
baseline,2,8,15,Hebron,core_daten,118.87,26.0
baseline,2,8,15,Hebron,relikte,149.04,26.0
baseline,2,8,15,Hyperion,nahrung,30.36,0.0
baseline,2,8,15,Hyperion,rohstoffe,26.48,33.49687679999998
baseline,2,8,15,Hyperion,industrieteile,45.91,12.399999999999999
baseline,2,8,15,Hyperion,energie,58.67,0.0
baseline,2,8,15,Hyperion,luxus,77.28,9.1
baseline,2,8,15,Hyperion,biotech,80.66,20.799999999999997
baseline,2,8,15,Hyperion,core_daten,108.06,24.0
baseline,2,8,15,Hyperion,relikte,137.3,34.74843839999999
baseline,2,8,16,Lusus,nahrung,23.6,6.0
baseline,2,8,16,Lusus,rohstoffe,29.71,10.7
baseline,2,8,16,Lusus,industrieteile,41.65,29.299999999999994
baseline,2,8,16,Lusus,energie,55.25,1.3025641466306954
baseline,2,8,16,Lusus,luxus,81.72,81.35831999999999
baseline,2,8,16,Lusus,biotech,78.78,32.0
baseline,2,8,16,Lusus,core_daten,106.91,67.22128000000002
baseline,2,8,16,Lusus,relikte,144.98,32.0
baseline,2,8,16,Tau Ceti,nahrung,20.78,95.46319999999997
baseline,2,8,16,Tau Ceti,rohstoffe,29.98,18.0
baseline,2,8,16,Tau Ceti,industrieteile,44.26,10.3
baseline,2,8,16,Tau Ceti,energie,74.02,0.0
baseline,2,8,16,Tau Ceti,luxus,81.47,25.535199999999996
baseline,2,8,16,Tau Ceti,biotech,78.36,56.44079999999998
baseline,2,8,16,Tau Ceti,core_daten,112.65,30.0
baseline,2,8,16,Tau Ceti,relikte,135.77,30.0
baseline,2,8,16,Maui-Covenant,nahrung,19.79,30.660000000000025
baseline,2,8,16,Maui-Covenant,rohstoffe,26.99,20.0
baseline,2,8,16,Maui-Covenant,industrieteile,41.4,23.2
baseline,2,8,16,Maui-Covenant,energie,44.63,2.0
baseline,2,8,16,Maui-Covenant,luxus,86.04,9.5
baseline,2,8,16,Maui-Covenant,biotech,77.88,61.123999999999974
baseline,2,8,16,Maui-Covenant,core_daten,115.27,26.0
baseline,2,8,16,Maui-Covenant,relikte,141.09,26.0
baseline,2,8,16,Marsim,nahrung,37.37,0.0
baseline,2,8,16,Marsim,rohstoffe,30.92,10.5
baseline,2,8,16,Marsim,industrieteile,41.16,98.56960000000002
baseline,2,8,16,Marsim,energie,36.33,29.597759999999994
baseline,2,8,16,Marsim,luxus,77.19,30.0
baseline,2,8,16,Marsim,biotech,86.42,31.0
baseline,2,8,16,Marsim,core_daten,117.48,31.0
baseline,2,8,16,Marsim,relikte,143.28,31.0
baseline,2,8,16,Qom-Riyadh,nahrung,32.48,0.0
baseline,2,8,16,Qom-Riyadh,rohstoffe,29.83,16.0
baseline,2,8,16,Qom-Riyadh,industrieteile,43.26,28.0
baseline,2,8,16,Qom-Riyadh,energie,50.24,1.5
baseline,2,8,16,Qom-Riyadh,luxus,76.94,44.849283999999976
baseline,2,8,16,Qom-Riyadh,biotech,86.55,26.4
baseline,2,8,16,Qom-Riyadh,core_daten,113.6,104.49153599999997
baseline,2,8,16,Qom-Riyadh,relikte,151.49,28.0
baseline,2,8,16,Bressia,nahrung,37.75,0.0
baseline,2,8,16,Bressia,rohstoffe,34.93,72.118528
baseline,2,8,16,Bressia,industrieteile,51.84,9.3
baseline,2,8,16,Bressia,energie,41.47,45.70185600000001
baseline,2,8,16,Bressia,luxus,89.38,25.0
baseline,2,8,16,Bressia,biotech,105.01,25.0
baseline,2,8,16,Bressia,core_daten,125.42,25.0
baseline,2,8,16,Bressia,relikte,146.8,25.0
baseline,2,8,16,Hebron,nahrung,31.91,0.0
baseline,2,8,16,Hebron,rohstoffe,31.06,20.0
baseline,2,8,16,Hebron,industrieteile,41.82,24.59999999999999
baseline,2,8,16,Hebron,energie,51.97,1.1000000000000012
baseline,2,8,16,Hebron,luxus,85.81,43.42423316
baseline,2,8,16,Hebron,biotech,83.5,9.5
baseline,2,8,16,Hebron,core_daten,110.0,26.0
baseline,2,8,16,Hebron,relikte,142.01,26.0
baseline,2,8,16,Hyperion,nahrung,26.96,0.0
baseline,2,8,16,Hyperion,rohstoffe,29.13,28.908535999999984
baseline,2,8,16,Hyperion,industrieteile,41.53,12.399999999999999
baseline,2,8,16,Hyperion,energie,37.19,6.0
baseline,2,8,16,Hyperion,luxus,80.78,7.532
baseline,2,8,16,Hyperion,biotech,88.99,20.799999999999997
baseline,2,8,16,Hyperion,core_daten,106.23,24.0
baseline,2,8,16,Hyperion,relikte,143.66,35.45426799999999
baseline,2,8,17,Lusus,nahrung,24.58,6.0
baseline,2,8,17,Lusus,rohstoffe,29.04,10.7
baseline,2,8,17,Lusus,industrieteile,41.72,24.789999999999992
baseline,2,8,17,Lusus,energie,77.94,0.0
baseline,2,8,17,Lusus,luxus,77.69,80.42302
baseline,2,8,17,Lusus,biotech,81.42,32.0
baseline,2,8,17,Lusus,core_daten,105.57,69.35508000000002
baseline,2,8,17,Lusus,relikte,138.57,32.0
baseline,2,8,17,Tau Ceti,nahrung,21.76,96.0147107690721
baseline,2,8,17,Tau Ceti,rohstoffe,27.07,18.0
baseline,2,8,17,Tau Ceti,industrieteile,48.93,10.3
baseline,2,8,17,Tau Ceti,energie,40.25,6.0
baseline,2,8,17,Tau Ceti,luxus,74.64,25.535199999999996
baseline,2,8,17,Tau Ceti,biotech,84.45,58.078677692268016
baseline,2,8,17,Tau Ceti,core_daten,105.72,30.0
baseline,2,8,17,Tau Ceti,relikte,146.08,30.0
baseline,2,8,17,Maui-Covenant,nahrung,22.04,32.90000000000003
baseline,2,8,17,Maui-Covenant,rohstoffe,28.18,20.0
baseline,2,8,17,Maui-Covenant,industrieteile,45.34,23.2
baseline,2,8,17,Maui-Covenant,energie,53.36,0.5
baseline,2,8,17,Maui-Covenant,luxus,86.04,9.5
baseline,2,8,17,Maui-Covenant,biotech,83.57,61.98799999999997
baseline,2,8,17,Maui-Covenant,core_daten,115.01,26.0
baseline,2,8,17,Maui-Covenant,relikte,152.02,26.0
baseline,2,8,17,Marsim,nahrung,35.58,0.0
baseline,2,8,17,Marsim,rohstoffe,32.3,10.5
baseline,2,8,17,Marsim,industrieteile,40.42,103.75530000000002
baseline,2,8,17,Marsim,energie,36.43,26.709179999999996
baseline,2,8,17,Marsim,luxus,81.33,30.0
baseline,2,8,17,Marsim,biotech,81.96,31.0
baseline,2,8,17,Marsim,core_daten,107.67,31.0
baseline,2,8,17,Marsim,relikte,152.47,31.0
baseline,2,8,17,Qom-Riyadh,nahrung,32.99,0.0
baseline,2,8,17,Qom-Riyadh,rohstoffe,29.05,16.0
baseline,2,8,17,Qom-Riyadh,industrieteile,43.51,28.0
baseline,2,8,17,Qom-Riyadh,energie,69.8,0.0
baseline,2,8,17,Qom-Riyadh,luxus,78.89,46.016669999999976
baseline,2,8,17,Qom-Riyadh,biotech,79.72,26.4
baseline,2,8,17,Qom-Riyadh,core_daten,106.75,109.16107999999997
baseline,2,8,17,Qom-Riyadh,relikte,138.93,28.0
baseline,2,8,17,Bressia,nahrung,39.27,0.0
baseline,2,8,17,Bressia,rohstoffe,36.45,75.1026432
baseline,2,8,17,Bressia,industrieteile,52.26,9.3
baseline,2,8,17,Bressia,energie,48.45,47.00740640000001
baseline,2,8,17,Bressia,luxus,86.72,25.0
baseline,2,8,17,Bressia,biotech,100.72,25.0
baseline,2,8,17,Bressia,core_daten,136.32,25.0
baseline,2,8,17,Bressia,relikte,173.61,25.0
baseline,2,8,17,Hebron,nahrung,30.8,0.0
baseline,2,8,17,Hebron,rohstoffe,27.58,14.0
baseline,2,8,17,Hebron,industrieteile,43.05,24.59999999999999
baseline,2,8,17,Hebron,energie,55.8,0.0
baseline,2,8,17,Hebron,luxus,71.76,44.71900716
baseline,2,8,17,Hebron,biotech,89.55,9.5
baseline,2,8,17,Hebron,core_daten,106.5,26.0
baseline,2,8,17,Hebron,relikte,136.09,26.0
baseline,2,8,17,Hyperion,nahrung,27.39,0.0
baseline,2,8,17,Hyperion,rohstoffe,27.5,30.304974399999985
baseline,2,8,17,Hyperion,industrieteile,44.06,12.399999999999999
baseline,2,8,17,Hyperion,energie,43.56,4.32
baseline,2,8,17,Hyperion,luxus,89.92,9.1
baseline,2,8,17,Hyperion,biotech,77.21,20.799999999999997
baseline,2,8,17,Hyperion,core_daten,109.49,24.0
baseline,2,8,17,Hyperion,relikte,152.87,36.15248719999999
baseline,2,8,18,Lusus,nahrung,23.79,6.0
baseline,2,8,18,Lusus,rohstoffe,27.91,10.7
baseline,2,8,18,Lusus,industrieteile,43.45,24.789999999999992
baseline,2,8,18,Lusus,energie,44.29,6.0
baseline,2,8,18,Lusus,luxus,75.42,83.59258461546393
baseline,2,8,18,Lusus,biotech,82.83,32.0
baseline,2,8,18,Lusus,core_daten,111.05,71.46812307697597
baseline,2,8,18,Lusus,relikte,138.35,32.0
baseline,2,8,18,Tau Ceti,nahrung,21.11,96.52914153814423
baseline,2,8,18,Tau Ceti,rohstoffe,29.56,18.0
baseline,2,8,18,Tau Ceti,industrieteile,49.1,10.3
baseline,2,8,18,Tau Ceti,energie,46.56,3.2
baseline,2,8,18,Tau Ceti,luxus,77.45,25.535199999999996
baseline,2,8,18,Tau Ceti,biotech,77.03,59.70728538453605
baseline,2,8,18,Tau Ceti,core_daten,114.96,30.0
baseline,2,8,18,Tau Ceti,relikte,152.16,30.0
baseline,2,8,18,Maui-Covenant,nahrung,19.98,35.14000000000003
baseline,2,8,18,Maui-Covenant,rohstoffe,28.28,14.0
baseline,2,8,18,Maui-Covenant,industrieteile,40.97,23.2
baseline,2,8,18,Maui-Covenant,energie,56.54,0.0
baseline,2,8,18,Maui-Covenant,luxus,85.26,9.5
baseline,2,8,18,Maui-Covenant,biotech,80.67,64.45199999999997
baseline,2,8,18,Maui-Covenant,core_daten,117.19,26.0
baseline,2,8,18,Maui-Covenant,relikte,150.59,26.0
baseline,2,8,18,Marsim,nahrung,34.11,0.0
baseline,2,8,18,Marsim,rohstoffe,33.85,10.5
baseline,2,8,18,Marsim,industrieteile,43.7,104.39770000000003
baseline,2,8,18,Marsim,energie,37.19,23.800619999999995
baseline,2,8,18,Marsim,luxus,77.53,29.0
baseline,2,8,18,Marsim,biotech,79.81,31.0
baseline,2,8,18,Marsim,core_daten,114.26,31.0
baseline,2,8,18,Marsim,relikte,151.28,31.0
baseline,2,8,18,Qom-Riyadh,nahrung,30.78,0.0
baseline,2,8,18,Qom-Riyadh,rohstoffe,29.86,16.0
baseline,2,8,18,Qom-Riyadh,industrieteile,41.22,28.0
baseline,2,8,18,Qom-Riyadh,energie,64.53,0.0
baseline,2,8,18,Qom-Riyadh,luxus,76.88,47.171977999999974
baseline,2,8,18,Qom-Riyadh,biotech,82.61,24.799999999999997
baseline,2,8,18,Qom-Riyadh,core_daten,106.33,113.78231199999998
baseline,2,8,18,Qom-Riyadh,relikte,136.6,28.0
baseline,2,8,18,Bressia,nahrung,37.16,0.0
baseline,2,8,18,Bressia,rohstoffe,37.28,78.0678656
baseline,2,8,18,Bressia,industrieteile,54.21,9.3
baseline,2,8,18,Bressia,energie,46.17,48.30469120000001
baseline,2,8,18,Bressia,luxus,80.28,25.0
baseline,2,8,18,Bressia,biotech,97.73,25.0
baseline,2,8,18,Bressia,core_daten,136.22,25.0
baseline,2,8,18,Bressia,relikte,173.56,25.0
baseline,2,8,18,Hebron,nahrung,35.33,0.0
baseline,2,8,18,Hebron,rohstoffe,27.48,14.0
baseline,2,8,18,Hebron,industrieteile,40.4,24.59999999999999
baseline,2,8,18,Hebron,energie,68.23,0.0
baseline,2,8,18,Hebron,luxus,86.0,45.999819159999994
baseline,2,8,18,Hebron,biotech,100.28,9.5
baseline,2,8,18,Hebron,core_daten,123.68,26.0
baseline,2,8,18,Hebron,relikte,149.9,26.0
baseline,2,8,18,Hyperion,nahrung,29.92,0.0
baseline,2,8,18,Hyperion,rohstoffe,27.3,31.693903199999983
baseline,2,8,18,Hyperion,industrieteile,41.45,12.399999999999999
baseline,2,8,18,Hyperion,energie,46.7,2.64
baseline,2,8,18,Hyperion,luxus,80.17,7.532
baseline,2,8,18,Hyperion,biotech,74.33,20.799999999999997
baseline,2,8,18,Hyperion,core_daten,109.0,24.0
baseline,2,8,18,Hyperion,relikte,156.83,36.84695159999999
baseline,2,8,19,Lusus,nahrung,25.28,6.0
baseline,2,8,19,Lusus,rohstoffe,30.71,10.7
baseline,2,8,19,Lusus,industrieteile,40.15,24.789999999999992
baseline,2,8,19,Lusus,energie,49.38,2.8
baseline,2,8,19,Lusus,luxus,81.7,86.72866923092786
baseline,2,8,19,Lusus,biotech,89.52,32.0
baseline,2,8,19,Lusus,core_daten,132.93,73.55884615395193
baseline,2,8,19,Lusus,relikte,173.69,32.0
baseline,2,8,19,Tau Ceti,nahrung,16.87,97.04357230721637
baseline,2,8,19,Tau Ceti,rohstoffe,28.99,18.0
baseline,2,8,19,Tau Ceti,industrieteile,53.5,10.3
baseline,2,8,19,Tau Ceti,energie,65.71,0.40000000000000036
baseline,2,8,19,Tau Ceti,luxus,69.09,25.535199999999996
baseline,2,8,19,Tau Ceti,biotech,84.11,61.33589307680408
baseline,2,8,19,Tau Ceti,core_daten,127.34,30.0
baseline,2,8,19,Tau Ceti,relikte,131.51,30.0
baseline,2,8,19,Maui-Covenant,nahrung,25.05,37.369800000000026
baseline,2,8,19,Maui-Covenant,rohstoffe,27.31,14.0
baseline,2,8,19,Maui-Covenant,industrieteile,47.14,23.2
baseline,2,8,19,Maui-Covenant,energie,60.95,0.0
baseline,2,8,19,Maui-Covenant,luxus,88.69,9.5
baseline,2,8,19,Maui-Covenant,biotech,72.26,66.90477999999997
baseline,2,8,19,Maui-Covenant,core_daten,122.46,26.0
baseline,2,8,19,Maui-Covenant,relikte,129.94,26.0
baseline,2,8,19,Marsim,nahrung,37.35,0.0
baseline,2,8,19,Marsim,rohstoffe,25.82,10.5
baseline,2,8,19,Marsim,industrieteile,35.89,109.51680000000003
baseline,2,8,19,Marsim,energie,44.44,26.872079999999997
baseline,2,8,19,Marsim,luxus,66.68,29.0
baseline,2,8,19,Marsim,biotech,86.58,31.0
baseline,2,8,19,Marsim,core_daten,94.24,31.0
baseline,2,8,19,Marsim,relikte,148.35,31.0
baseline,2,8,19,Qom-Riyadh,nahrung,35.72,0.0
baseline,2,8,19,Qom-Riyadh,rohstoffe,27.08,16.0
baseline,2,8,19,Qom-Riyadh,industrieteile,48.13,28.0
baseline,2,8,19,Qom-Riyadh,energie,71.88,0.0
baseline,2,8,19,Qom-Riyadh,luxus,82.95,48.314217999999975
baseline,2,8,19,Qom-Riyadh,biotech,85.89,24.799999999999997
baseline,2,8,19,Qom-Riyadh,core_daten,118.87,118.35127199999998
baseline,2,8,19,Qom-Riyadh,relikte,165.71,28.0
baseline,2,8,19,Bressia,nahrung,38.87,0.0
baseline,2,8,19,Bressia,rohstoffe,39.56,81.0141952
baseline,2,8,19,Bressia,industrieteile,43.41,9.3
baseline,2,8,19,Bressia,energie,53.63,43.593710400000006
baseline,2,8,19,Bressia,luxus,77.07,25.0
baseline,2,8,19,Bressia,biotech,74.46,25.0
baseline,2,8,19,Bressia,core_daten,133.76,25.0
baseline,2,8,19,Bressia,relikte,173.72,25.0
baseline,2,8,19,Hebron,nahrung,31.74,0.0
baseline,2,8,19,Hebron,rohstoffe,23.71,14.0
baseline,2,8,19,Hebron,industrieteile,32.49,20.08999999999999
baseline,2,8,19,Hebron,energie,54.18,6.0
baseline,2,8,19,Hebron,luxus,91.85,46.26581115999999
baseline,2,8,19,Hebron,biotech,120.93,9.5
baseline,2,8,19,Hebron,core_daten,140.91,26.0
baseline,2,8,19,Hebron,relikte,138.44,26.0
baseline,2,8,19,Hyperion,nahrung,36.61,0.0
baseline,2,8,19,Hyperion,rohstoffe,21.85,27.075322399999983
baseline,2,8,19,Hyperion,industrieteile,50.24,12.399999999999999
baseline,2,8,19,Hyperion,energie,61.74,0.96
baseline,2,8,19,Hyperion,luxus,107.67,5.964
baseline,2,8,19,Hyperion,biotech,107.21,19.199999999999996
baseline,2,8,19,Hyperion,core_daten,138.57,24.0
baseline,2,8,19,Hyperion,relikte,156.32,37.53766119999999
baseline,2,8,20,Lusus,nahrung,53.0,0.0
baseline,2,8,20,Lusus,rohstoffe,30.06,10.7
baseline,2,8,20,Lusus,industrieteile,34.11,24.789999999999992
baseline,2,8,20,Lusus,energie,64.12,0.0
baseline,2,8,20,Lusus,luxus,71.95,83.8505338463918
baseline,2,8,20,Lusus,biotech,73.08,32.0
baseline,2,8,20,Lusus,core_daten,121.62,75.64008923092788
baseline,2,8,20,Lusus,relikte,170.92,32.0
baseline,2,8,20,Tau Ceti,nahrung,24.78,97.5580030762885
baseline,2,8,20,Tau Ceti,rohstoffe,24.08,18.0
baseline,2,8,20,Tau Ceti,industrieteile,39.61,10.3
baseline,2,8,20,Tau Ceti,energie,74.44,0.0
baseline,2,8,20,Tau Ceti,luxus,84.9,25.535199999999996
baseline,2,8,20,Tau Ceti,biotech,76.19,62.96450076907212
baseline,2,8,20,Tau Ceti,core_daten,120.7,30.0
baseline,2,8,20,Tau Ceti,relikte,128.51,30.0
baseline,2,8,20,Maui-Covenant,nahrung,24.31,39.58880000000003
baseline,2,8,20,Maui-Covenant,rohstoffe,31.63,14.0
baseline,2,8,20,Maui-Covenant,industrieteile,43.89,23.2
baseline,2,8,20,Maui-Covenant,energie,71.18,0.0
baseline,2,8,20,Maui-Covenant,luxus,68.94,8.640400000000001
baseline,2,8,20,Maui-Covenant,biotech,94.61,69.34567999999997
baseline,2,8,20,Maui-Covenant,core_daten,124.04,26.0
baseline,2,8,20,Maui-Covenant,relikte,153.13,26.0
baseline,2,8,20,Marsim,nahrung,41.14,0.0
baseline,2,8,20,Marsim,rohstoffe,30.8,10.5
baseline,2,8,20,Marsim,industrieteile,42.43,114.60260000000004
baseline,2,8,20,Marsim,energie,35.73,23.92356
baseline,2,8,20,Marsim,luxus,79.59,29.0
baseline,2,8,20,Marsim,biotech,68.69,31.0
baseline,2,8,20,Marsim,core_daten,100.82,31.0
baseline,2,8,20,Marsim,relikte,162.85,31.0
baseline,2,8,20,Qom-Riyadh,nahrung,34.11,0.0
baseline,2,8,20,Qom-Riyadh,rohstoffe,34.56,10.0
baseline,2,8,20,Qom-Riyadh,industrieteile,45.31,28.0
baseline,2,8,20,Qom-Riyadh,energie,44.73,6.0
baseline,2,8,20,Qom-Riyadh,luxus,80.94,49.44338999999997
baseline,2,8,20,Qom-Riyadh,biotech,67.79,23.199999999999996
baseline,2,8,20,Qom-Riyadh,core_daten,117.96,122.86795999999998
baseline,2,8,20,Qom-Riyadh,relikte,172.69,28.0
baseline,2,8,20,Bressia,nahrung,28.93,6.0
baseline,2,8,20,Bressia,rohstoffe,36.66,83.941632
baseline,2,8,20,Bressia,industrieteile,65.9,9.3
baseline,2,8,20,Bressia,energie,57.07,44.874464
baseline,2,8,20,Bressia,luxus,113.66,25.0
baseline,2,8,20,Bressia,biotech,130.88,25.0
baseline,2,8,20,Bressia,core_daten,141.77,25.0
baseline,2,8,20,Bressia,relikte,121.28,25.0
baseline,2,8,20,Hebron,nahrung,26.35,0.0
baseline,2,8,20,Hebron,rohstoffe,23.28,14.0
baseline,2,8,20,Hebron,industrieteile,52.55,15.579999999999988
baseline,2,8,20,Hebron,energie,55.42,4.2
baseline,2,8,20,Hebron,luxus,106.88,47.51698315999999
baseline,2,8,20,Hebron,biotech,72.49,9.5
baseline,2,8,20,Hebron,core_daten,89.42,26.0
baseline,2,8,20,Hebron,relikte,181.97,26.0
baseline,2,8,20,Hyperion,nahrung,22.36,0.0
baseline,2,8,20,Hyperion,rohstoffe,31.12,28.449231999999984
baseline,2,8,20,Hyperion,industrieteile,37.11,12.399999999999999
baseline,2,8,20,Hyperion,energie,51.76,0.0
baseline,2,8,20,Hyperion,luxus,110.23,9.1
baseline,2,8,20,Hyperion,biotech,105.31,19.199999999999996
baseline,2,8,20,Hyperion,core_daten,115.07,24.0
baseline,2,8,20,Hyperion,relikte,160.79,38.22461599999999
baseline,3,9,1,Lusus,nahrung,21.8,25.6
baseline,3,9,1,Lusus,rohstoffe,28.83,32.0
baseline,3,9,1,Lusus,industrieteile,40.75,32.0
baseline,3,9,1,Lusus,energie,37.29,28.8
baseline,3,9,1,Lusus,luxus,83.57,35.324
baseline,3,9,1,Lusus,biotech,86.76,32.0
baseline,3,9,1,Lusus,core_daten,107.03,34.216
baseline,3,9,1,Lusus,relikte,148.64,32.0
baseline,3,9,1,Tau Ceti,nahrung,22.0,36.612
baseline,3,9,1,Tau Ceti,rohstoffe,27.49,30.0
baseline,3,9,1,Tau Ceti,industrieteile,44.69,27.2
baseline,3,9,1,Tau Ceti,energie,36.13,27.2
baseline,3,9,1,Tau Ceti,luxus,77.38,30.0
baseline,3,9,1,Tau Ceti,biotech,83.39,31.653
baseline,3,9,1,Tau Ceti,core_daten,113.93,30.0
baseline,3,9,1,Tau Ceti,relikte,150.11,30.0
baseline,3,9,1,Maui-Covenant,nahrung,19.72,28.240000000000002
baseline,3,9,1,Maui-Covenant,rohstoffe,27.93,26.0
baseline,3,9,1,Maui-Covenant,industrieteile,44.75,26.0
baseline,3,9,1,Maui-Covenant,energie,38.46,24.5
baseline,3,9,1,Maui-Covenant,luxus,79.59,25.0
baseline,3,9,1,Maui-Covenant,biotech,80.66,28.464
baseline,3,9,1,Maui-Covenant,core_daten,119.84,26.0
baseline,3,9,1,Maui-Covenant,relikte,146.85,26.0
baseline,3,9,1,Marsim,nahrung,19.94,27.4
baseline,3,9,1,Marsim,rohstoffe,31.28,25.0
baseline,3,9,1,Marsim,industrieteile,41.69,36.405
baseline,3,9,1,Marsim,energie,37.12,34.243
baseline,3,9,1,Marsim,luxus,75.82,31.0
baseline,3,9,1,Marsim,biotech,81.01,31.0
baseline,3,9,1,Marsim,core_daten,110.07,31.0
baseline,3,9,1,Marsim,relikte,137.29,31.0
baseline,3,9,1,Qom-Riyadh,nahrung,21.49,25.6
baseline,3,9,1,Qom-Riyadh,rohstoffe,27.02,28.0
baseline,3,9,1,Qom-Riyadh,industrieteile,44.28,28.0
baseline,3,9,1,Qom-Riyadh,energie,35.98,25.6
baseline,3,9,1,Qom-Riyadh,luxus,81.59,29.198999999999998
baseline,3,9,1,Qom-Riyadh,biotech,84.92,28.0
baseline,3,9,1,Qom-Riyadh,core_daten,112.49,32.796
baseline,3,9,1,Qom-Riyadh,relikte,149.12,28.0
baseline,3,9,1,Bressia,nahrung,20.16,22.66
baseline,3,9,1,Bressia,rohstoffe,29.76,28.3248
baseline,3,9,1,Bressia,industrieteile,43.12,23.29
baseline,3,9,1,Bressia,energie,35.58,26.4546
baseline,3,9,1,Bressia,luxus,85.96,25.0
baseline,3,9,1,Bressia,biotech,80.28,25.0
baseline,3,9,1,Bressia,core_daten,110.12,25.0
baseline,3,9,1,Bressia,relikte,155.66,25.0
baseline,3,9,1,Hebron,nahrung,20.61,23.8
baseline,3,9,1,Hebron,rohstoffe,29.4,26.0
baseline,3,9,1,Hebron,industrieteile,40.06,26.0
baseline,3,9,1,Hebron,energie,40.68,24.2
baseline,3,9,1,Hebron,luxus,75.18,27.378
baseline,3,9,1,Hebron,biotech,76.79,24.4
baseline,3,9,1,Hebron,core_daten,123.11,26.0
baseline,3,9,1,Hebron,relikte,136.33,26.0
baseline,3,9,1,Hyperion,nahrung,22.86,22.56
baseline,3,9,1,Hyperion,rohstoffe,31.15,25.4336
baseline,3,9,1,Hyperion,industrieteile,43.67,24.0
baseline,3,9,1,Hyperion,energie,34.62,22.32
baseline,3,9,1,Hyperion,luxus,73.71,22.432
baseline,3,9,1,Hyperion,biotech,77.31,24.0
baseline,3,9,1,Hyperion,core_daten,110.53,24.0
baseline,3,9,1,Hyperion,relikte,148.76,24.7168
baseline,3,9,2,Lusus,nahrung,22.22,19.200000000000003
baseline,3,9,2,Lusus,rohstoffe,28.85,32.0
baseline,3,9,2,Lusus,industrieteile,43.64,32.0
baseline,3,9,2,Lusus,energie,38.11,25.6
baseline,3,9,2,Lusus,luxus,74.19,38.647999999999996
baseline,3,9,2,Lusus,biotech,78.31,32.0
baseline,3,9,2,Lusus,core_daten,113.97,36.432
baseline,3,9,2,Lusus,relikte,138.92,32.0
baseline,3,9,2,Tau Ceti,nahrung,19.63,43.224000000000004
baseline,3,9,2,Tau Ceti,rohstoffe,27.92,30.0
baseline,3,9,2,Tau Ceti,industrieteile,44.09,24.4
baseline,3,9,2,Tau Ceti,energie,38.68,24.4
baseline,3,9,2,Tau Ceti,luxus,73.96,30.0
baseline,3,9,2,Tau Ceti,biotech,84.4,33.306
baseline,3,9,2,Tau Ceti,core_daten,110.24,30.0
baseline,3,9,2,Tau Ceti,relikte,150.26,30.0
baseline,3,9,2,Maui-Covenant,nahrung,19.51,30.480000000000004
baseline,3,9,2,Maui-Covenant,rohstoffe,30.14,26.0
baseline,3,9,2,Maui-Covenant,industrieteile,43.25,26.0
baseline,3,9,2,Maui-Covenant,energie,40.43,23.0
baseline,3,9,2,Maui-Covenant,luxus,85.17,24.0
baseline,3,9,2,Maui-Covenant,biotech,85.07,30.927999999999997
baseline,3,9,2,Maui-Covenant,core_daten,107.13,26.0
baseline,3,9,2,Maui-Covenant,relikte,142.65,26.0
baseline,3,9,2,Marsim,nahrung,20.6,23.799999999999997
baseline,3,9,2,Marsim,rohstoffe,31.79,19.0
baseline,3,9,2,Marsim,industrieteile,40.9,41.81
baseline,3,9,2,Marsim,energie,36.09,37.486000000000004
baseline,3,9,2,Marsim,luxus,74.78,31.0
baseline,3,9,2,Marsim,biotech,77.62,31.0
baseline,3,9,2,Marsim,core_daten,118.91,31.0
baseline,3,9,2,Marsim,relikte,153.75,31.0
baseline,3,9,2,Qom-Riyadh,nahrung,20.84,23.200000000000003
baseline,3,9,2,Qom-Riyadh,rohstoffe,29.35,28.0
baseline,3,9,2,Qom-Riyadh,industrieteile,42.55,28.0
baseline,3,9,2,Qom-Riyadh,energie,38.53,23.200000000000003
baseline,3,9,2,Qom-Riyadh,luxus,77.41,30.397999999999996
baseline,3,9,2,Qom-Riyadh,biotech,83.11,28.0
baseline,3,9,2,Qom-Riyadh,core_daten,108.59,37.592
baseline,3,9,2,Qom-Riyadh,relikte,140.69,28.0
baseline,3,9,2,Bressia,nahrung,21.31,20.32
baseline,3,9,2,Bressia,rohstoffe,26.79,31.6496
baseline,3,9,2,Bressia,industrieteile,43.35,21.58
baseline,3,9,2,Bressia,energie,40.69,27.9092
baseline,3,9,2,Bressia,luxus,71.68,25.0
baseline,3,9,2,Bressia,biotech,75.61,25.0
baseline,3,9,2,Bressia,core_daten,119.38,25.0
baseline,3,9,2,Bressia,relikte,133.24,25.0
baseline,3,9,2,Hebron,nahrung,20.17,21.6
baseline,3,9,2,Hebron,rohstoffe,30.41,26.0
baseline,3,9,2,Hebron,industrieteile,43.62,26.0
baseline,3,9,2,Hebron,energie,36.19,22.4
baseline,3,9,2,Hebron,luxus,72.1,28.756
baseline,3,9,2,Hebron,biotech,80.65,22.799999999999997
baseline,3,9,2,Hebron,core_daten,108.49,26.0
baseline,3,9,2,Hebron,relikte,153.85,26.0
baseline,3,9,2,Hyperion,nahrung,23.01,21.119999999999997
baseline,3,9,2,Hyperion,rohstoffe,30.04,26.867199999999997
baseline,3,9,2,Hyperion,industrieteile,46.1,24.0
baseline,3,9,2,Hyperion,energie,41.44,20.64
baseline,3,9,2,Hyperion,luxus,86.53,20.863999999999997
baseline,3,9,2,Hyperion,biotech,88.5,24.0
baseline,3,9,2,Hyperion,core_daten,123.07,24.0
baseline,3,9,2,Hyperion,relikte,134.21,25.4336
baseline,3,9,3,Lusus,nahrung,21.96,12.800000000000002
baseline,3,9,3,Lusus,rohstoffe,29.85,32.0
baseline,3,9,3,Lusus,industrieteile,41.46,32.0
baseline,3,9,3,Lusus,energie,38.87,22.400000000000002
baseline,3,9,3,Lusus,luxus,81.02,41.971999999999994
baseline,3,9,3,Lusus,biotech,80.8,32.0
baseline,3,9,3,Lusus,core_daten,119.23,38.648
baseline,3,9,3,Lusus,relikte,137.3,32.0
baseline,3,9,3,Tau Ceti,nahrung,20.2,49.836000000000006
baseline,3,9,3,Tau Ceti,rohstoffe,28.51,30.0
baseline,3,9,3,Tau Ceti,industrieteile,44.39,21.599999999999998
baseline,3,9,3,Tau Ceti,energie,41.11,21.599999999999998
baseline,3,9,3,Tau Ceti,luxus,75.5,30.0
baseline,3,9,3,Tau Ceti,biotech,77.79,34.958999999999996
baseline,3,9,3,Tau Ceti,core_daten,115.21,30.0
baseline,3,9,3,Tau Ceti,relikte,149.53,30.0
baseline,3,9,3,Maui-Covenant,nahrung,19.61,32.720000000000006
baseline,3,9,3,Maui-Covenant,rohstoffe,27.68,26.0
baseline,3,9,3,Maui-Covenant,industrieteile,41.91,26.0
baseline,3,9,3,Maui-Covenant,energie,38.55,21.5
baseline,3,9,3,Maui-Covenant,luxus,80.67,23.0
baseline,3,9,3,Maui-Covenant,biotech,86.22,33.391999999999996
baseline,3,9,3,Maui-Covenant,core_daten,116.6,26.0
baseline,3,9,3,Maui-Covenant,relikte,144.6,26.0
baseline,3,9,3,Marsim,nahrung,21.0,20.199999999999996
baseline,3,9,3,Marsim,rohstoffe,32.76,13.0
baseline,3,9,3,Marsim,industrieteile,40.55,47.215
baseline,3,9,3,Marsim,energie,37.03,40.729000000000006
baseline,3,9,3,Marsim,luxus,78.86,31.0
baseline,3,9,3,Marsim,biotech,85.13,31.0
baseline,3,9,3,Marsim,core_daten,113.58,31.0
baseline,3,9,3,Marsim,relikte,135.83,31.0
baseline,3,9,3,Qom-Riyadh,nahrung,21.38,20.800000000000004
baseline,3,9,3,Qom-Riyadh,rohstoffe,26.83,28.0
baseline,3,9,3,Qom-Riyadh,industrieteile,44.22,28.0
baseline,3,9,3,Qom-Riyadh,energie,37.84,20.800000000000004
baseline,3,9,3,Qom-Riyadh,luxus,77.4,31.596999999999994
baseline,3,9,3,Qom-Riyadh,biotech,80.37,28.0
baseline,3,9,3,Qom-Riyadh,core_daten,116.56,42.388
baseline,3,9,3,Qom-Riyadh,relikte,152.41,28.0
baseline,3,9,3,Bressia,nahrung,21.05,17.98
baseline,3,9,3,Bressia,rohstoffe,29.66,34.9744
baseline,3,9,3,Bressia,industrieteile,41.38,19.869999999999997
baseline,3,9,3,Bressia,energie,34.59,29.363799999999998
baseline,3,9,3,Bressia,luxus,73.86,25.0
baseline,3,9,3,Bressia,biotech,83.22,25.0
baseline,3,9,3,Bressia,core_daten,121.35,25.0
baseline,3,9,3,Bressia,relikte,138.9,25.0
baseline,3,9,3,Hebron,nahrung,20.21,19.400000000000002
baseline,3,9,3,Hebron,rohstoffe,28.32,26.0
baseline,3,9,3,Hebron,industrieteile,42.97,26.0
baseline,3,9,3,Hebron,energie,40.25,20.599999999999998
baseline,3,9,3,Hebron,luxus,71.36,30.134
baseline,3,9,3,Hebron,biotech,87.19,21.199999999999996
baseline,3,9,3,Hebron,core_daten,109.26,26.0
baseline,3,9,3,Hebron,relikte,137.73,26.0
baseline,3,9,3,Hyperion,nahrung,23.12,19.679999999999996
baseline,3,9,3,Hyperion,rohstoffe,25.89,28.267199999999995
baseline,3,9,3,Hyperion,industrieteile,44.58,24.0
baseline,3,9,3,Hyperion,energie,39.0,18.96
baseline,3,9,3,Hyperion,luxus,88.23,19.295999999999996
baseline,3,9,3,Hyperion,biotech,84.37,24.0
baseline,3,9,3,Hyperion,core_daten,109.44,24.0
baseline,3,9,3,Hyperion,relikte,151.23,26.133599999999998
baseline,3,9,4,Lusus,nahrung,22.63,10.7
baseline,3,9,4,Lusus,rohstoffe,27.26,32.0
baseline,3,9,4,Lusus,industrieteile,41.26,32.0
baseline,3,9,4,Lusus,energie,37.29,19.200000000000003
baseline,3,9,4,Lusus,luxus,79.15,45.29599999999999
baseline,3,9,4,Lusus,biotech,80.74,32.0
baseline,3,9,4,Lusus,core_daten,115.22,40.864000000000004
baseline,3,9,4,Lusus,relikte,139.12,32.0
baseline,3,9,4,Tau Ceti,nahrung,21.15,52.14800000000001
baseline,3,9,4,Tau Ceti,rohstoffe,29.26,30.0
baseline,3,9,4,Tau Ceti,industrieteile,44.91,18.799999999999997
baseline,3,9,4,Tau Ceti,energie,38.42,18.799999999999997
baseline,3,9,4,Tau Ceti,luxus,75.32,30.0
baseline,3,9,4,Tau Ceti,biotech,81.91,36.611999999999995
baseline,3,9,4,Tau Ceti,core_daten,109.41,30.0
baseline,3,9,4,Tau Ceti,relikte,141.13,30.0
baseline,3,9,4,Maui-Covenant,nahrung,20.63,34.96000000000001
baseline,3,9,4,Maui-Covenant,rohstoffe,30.27,22.5
baseline,3,9,4,Maui-Covenant,industrieteile,42.34,26.0
baseline,3,9,4,Maui-Covenant,energie,39.51,20.0
baseline,3,9,4,Maui-Covenant,luxus,75.88,21.55
baseline,3,9,4,Maui-Covenant,biotech,79.98,35.855999999999995
baseline,3,9,4,Maui-Covenant,core_daten,116.11,26.0
baseline,3,9,4,Maui-Covenant,relikte,148.42,26.0
baseline,3,9,4,Marsim,nahrung,21.35,16.599999999999994
baseline,3,9,4,Marsim,rohstoffe,31.96,10.5
baseline,3,9,4,Marsim,industrieteile,41.83,52.620000000000005
baseline,3,9,4,Marsim,energie,39.75,43.97200000000001
baseline,3,9,4,Marsim,luxus,81.8,31.0
baseline,3,9,4,Marsim,biotech,81.68,31.0
baseline,3,9,4,Marsim,core_daten,115.91,31.0
baseline,3,9,4,Marsim,relikte,136.83,31.0
baseline,3,9,4,Qom-Riyadh,nahrung,20.26,18.400000000000006
baseline,3,9,4,Qom-Riyadh,rohstoffe,29.26,28.0
baseline,3,9,4,Qom-Riyadh,industrieteile,41.75,28.0
baseline,3,9,4,Qom-Riyadh,energie,38.7,18.400000000000006
baseline,3,9,4,Qom-Riyadh,luxus,76.73,32.79599999999999
baseline,3,9,4,Qom-Riyadh,biotech,77.3,28.0
baseline,3,9,4,Qom-Riyadh,core_daten,108.72,47.184
baseline,3,9,4,Qom-Riyadh,relikte,139.56,28.0
baseline,3,9,4,Bressia,nahrung,21.73,15.64
baseline,3,9,4,Bressia,rohstoffe,31.02,38.2992
baseline,3,9,4,Bressia,industrieteile,43.91,18.159999999999997
baseline,3,9,4,Bressia,energie,38.25,30.818399999999997
baseline,3,9,4,Bressia,luxus,75.01,25.0
baseline,3,9,4,Bressia,biotech,85.15,25.0
baseline,3,9,4,Bressia,core_daten,113.28,25.0
baseline,3,9,4,Bressia,relikte,148.19,25.0
baseline,3,9,4,Hebron,nahrung,19.28,17.200000000000003
baseline,3,9,4,Hebron,rohstoffe,28.16,26.0
baseline,3,9,4,Hebron,industrieteile,39.49,26.0
baseline,3,9,4,Hebron,energie,38.47,18.799999999999997
baseline,3,9,4,Hebron,luxus,81.57,31.512
baseline,3,9,4,Hebron,biotech,91.18,19.599999999999994
baseline,3,9,4,Hebron,core_daten,123.05,26.0
baseline,3,9,4,Hebron,relikte,133.57,26.0
baseline,3,9,4,Hyperion,nahrung,21.24,18.239999999999995
baseline,3,9,4,Hyperion,rohstoffe,27.41,29.667199999999994
baseline,3,9,4,Hyperion,industrieteile,45.76,24.0
baseline,3,9,4,Hyperion,energie,37.89,17.28
baseline,3,9,4,Hyperion,luxus,76.35,17.022399999999998
baseline,3,9,4,Hyperion,biotech,78.83,24.0
baseline,3,9,4,Hyperion,core_daten,108.26,24.0
baseline,3,9,4,Hyperion,relikte,151.77,26.833599999999997
baseline,3,9,5,Lusus,nahrung,23.4,10.299999999999999
baseline,3,9,5,Lusus,rohstoffe,30.07,32.0
baseline,3,9,5,Lusus,industrieteile,39.99,32.0
baseline,3,9,5,Lusus,energie,41.31,16.000000000000004
baseline,3,9,5,Lusus,luxus,81.15,48.61999999999999
baseline,3,9,5,Lusus,biotech,81.01,32.0
baseline,3,9,5,Lusus,core_daten,107.53,43.080000000000005
baseline,3,9,5,Lusus,relikte,151.03,32.0
baseline,3,9,5,Tau Ceti,nahrung,20.14,58.76000000000001
baseline,3,9,5,Tau Ceti,rohstoffe,30.28,24.0
baseline,3,9,5,Tau Ceti,industrieteile,43.05,15.999999999999996
baseline,3,9,5,Tau Ceti,energie,40.93,15.999999999999996
baseline,3,9,5,Tau Ceti,luxus,75.3,30.0
baseline,3,9,5,Tau Ceti,biotech,82.74,38.26499999999999
baseline,3,9,5,Tau Ceti,core_daten,109.17,30.0
baseline,3,9,5,Tau Ceti,relikte,139.45,30.0
baseline,3,9,5,Maui-Covenant,nahrung,21.32,37.20000000000001
baseline,3,9,5,Maui-Covenant,rohstoffe,29.16,22.5
baseline,3,9,5,Maui-Covenant,industrieteile,41.09,26.0
baseline,3,9,5,Maui-Covenant,energie,38.62,18.5
baseline,3,9,5,Maui-Covenant,luxus,77.47,20.1
baseline,3,9,5,Maui-Covenant,biotech,86.25,38.31999999999999
baseline,3,9,5,Maui-Covenant,core_daten,115.2,26.0
baseline,3,9,5,Maui-Covenant,relikte,144.84,26.0
baseline,3,9,5,Marsim,nahrung,21.55,12.999999999999995
baseline,3,9,5,Marsim,rohstoffe,30.8,10.5
baseline,3,9,5,Marsim,industrieteile,41.22,58.025000000000006
baseline,3,9,5,Marsim,energie,35.71,47.21500000000001
baseline,3,9,5,Marsim,luxus,81.14,31.0
baseline,3,9,5,Marsim,biotech,84.22,31.0
baseline,3,9,5,Marsim,core_daten,114.12,31.0
baseline,3,9,5,Marsim,relikte,142.72,31.0
baseline,3,9,5,Qom-Riyadh,nahrung,21.63,10.000000000000007
baseline,3,9,5,Qom-Riyadh,rohstoffe,27.09,28.0
baseline,3,9,5,Qom-Riyadh,industrieteile,40.57,28.0
baseline,3,9,5,Qom-Riyadh,energie,39.52,16.000000000000007
baseline,3,9,5,Qom-Riyadh,luxus,77.56,33.99499999999999
baseline,3,9,5,Qom-Riyadh,biotech,85.93,28.0
baseline,3,9,5,Qom-Riyadh,core_daten,109.7,51.98
baseline,3,9,5,Qom-Riyadh,relikte,140.03,28.0
baseline,3,9,5,Bressia,nahrung,22.77,13.3
baseline,3,9,5,Bressia,rohstoffe,26.95,41.623999999999995
baseline,3,9,5,Bressia,industrieteile,44.73,16.449999999999996
baseline,3,9,5,Bressia,energie,38.36,32.272999999999996
baseline,3,9,5,Bressia,luxus,72.98,25.0
baseline,3,9,5,Bressia,biotech,73.99,25.0
baseline,3,9,5,Bressia,core_daten,114.27,25.0
baseline,3,9,5,Bressia,relikte,158.08,25.0
baseline,3,9,5,Hebron,nahrung,21.98,15.000000000000004
baseline,3,9,5,Hebron,rohstoffe,29.46,26.0
baseline,3,9,5,Hebron,industrieteile,43.12,26.0
baseline,3,9,5,Hebron,energie,39.69,16.999999999999996
baseline,3,9,5,Hebron,luxus,71.2,32.89
baseline,3,9,5,Hebron,biotech,84.47,17.999999999999993
baseline,3,9,5,Hebron,core_daten,116.82,26.0
baseline,3,9,5,Hebron,relikte,141.0,26.0
baseline,3,9,5,Hyperion,nahrung,20.63,16.799999999999994
baseline,3,9,5,Hyperion,rohstoffe,27.32,31.067199999999993
baseline,3,9,5,Hyperion,industrieteile,40.39,24.0
baseline,3,9,5,Hyperion,energie,39.43,15.600000000000001
baseline,3,9,5,Hyperion,luxus,80.34,14.748799999999997
baseline,3,9,5,Hyperion,biotech,87.26,24.0
baseline,3,9,5,Hyperion,core_daten,102.67,24.0
baseline,3,9,5,Hyperion,relikte,147.11,27.533599999999996
baseline,3,9,6,Lusus,nahrung,22.6,9.899999999999999
baseline,3,9,6,Lusus,rohstoffe,26.9,32.0
baseline,3,9,6,Lusus,industrieteile,40.73,32.0
baseline,3,9,6,Lusus,energie,38.98,12.800000000000004
baseline,3,9,6,Lusus,luxus,73.49,51.94399999999999
baseline,3,9,6,Lusus,biotech,79.09,32.0
baseline,3,9,6,Lusus,core_daten,116.38,45.29600000000001
baseline,3,9,6,Lusus,relikte,139.96,32.0
baseline,3,9,6,Tau Ceti,nahrung,19.5,59.372000000000014
baseline,3,9,6,Tau Ceti,rohstoffe,26.96,18.0
baseline,3,9,6,Tau Ceti,industrieteile,42.93,13.199999999999996
baseline,3,9,6,Tau Ceti,energie,40.27,13.199999999999996
baseline,3,9,6,Tau Ceti,luxus,80.76,30.0
baseline,3,9,6,Tau Ceti,biotech,77.52,39.91799999999999
baseline,3,9,6,Tau Ceti,core_daten,119.75,30.0
baseline,3,9,6,Tau Ceti,relikte,147.91,30.0
baseline,3,9,6,Maui-Covenant,nahrung,20.96,39.44000000000001
baseline,3,9,6,Maui-Covenant,rohstoffe,28.37,22.5
baseline,3,9,6,Maui-Covenant,industrieteile,42.55,26.0
baseline,3,9,6,Maui-Covenant,energie,40.84,17.0
baseline,3,9,6,Maui-Covenant,luxus,81.87,18.650000000000002
baseline,3,9,6,Maui-Covenant,biotech,82.29,40.78399999999999
baseline,3,9,6,Maui-Covenant,core_daten,108.84,26.0
baseline,3,9,6,Maui-Covenant,relikte,144.91,26.0
baseline,3,9,6,Marsim,nahrung,21.55,9.399999999999995
baseline,3,9,6,Marsim,rohstoffe,30.69,10.5
baseline,3,9,6,Marsim,industrieteile,42.87,63.43000000000001
baseline,3,9,6,Marsim,energie,35.65,50.45800000000001
baseline,3,9,6,Marsim,luxus,75.27,31.0
baseline,3,9,6,Marsim,biotech,77.55,31.0
baseline,3,9,6,Marsim,core_daten,110.78,31.0
baseline,3,9,6,Marsim,relikte,139.11,31.0
baseline,3,9,6,Qom-Riyadh,nahrung,21.94,7.600000000000007
baseline,3,9,6,Qom-Riyadh,rohstoffe,26.99,28.0
baseline,3,9,6,Qom-Riyadh,industrieteile,40.18,28.0
baseline,3,9,6,Qom-Riyadh,energie,37.05,13.600000000000007
baseline,3,9,6,Qom-Riyadh,luxus,77.26,35.19399999999999
baseline,3,9,6,Qom-Riyadh,biotech,86.58,28.0
baseline,3,9,6,Qom-Riyadh,core_daten,112.24,56.775999999999996
baseline,3,9,6,Qom-Riyadh,relikte,140.73,28.0
baseline,3,9,6,Bressia,nahrung,21.65,10.96
baseline,3,9,6,Bressia,rohstoffe,28.06,44.94879999999999
baseline,3,9,6,Bressia,industrieteile,42.11,14.739999999999995
baseline,3,9,6,Bressia,energie,39.5,33.727599999999995
baseline,3,9,6,Bressia,luxus,77.37,25.0
baseline,3,9,6,Bressia,biotech,78.58,25.0
baseline,3,9,6,Bressia,core_daten,110.61,25.0
baseline,3,9,6,Bressia,relikte,159.46,25.0
baseline,3,9,6,Hebron,nahrung,23.14,12.800000000000004
baseline,3,9,6,Hebron,rohstoffe,27.68,26.0
baseline,3,9,6,Hebron,industrieteile,40.29,26.0
baseline,3,9,6,Hebron,energie,41.51,15.199999999999996
baseline,3,9,6,Hebron,luxus,84.01,34.268
baseline,3,9,6,Hebron,biotech,82.91,16.39999999999999
baseline,3,9,6,Hebron,core_daten,121.32,26.0
baseline,3,9,6,Hebron,relikte,157.31,26.0
baseline,3,9,6,Hyperion,nahrung,22.39,15.359999999999994
baseline,3,9,6,Hyperion,rohstoffe,28.18,32.46719999999999
baseline,3,9,6,Hyperion,industrieteile,45.39,24.0
baseline,3,9,6,Hyperion,energie,39.74,13.920000000000002
baseline,3,9,6,Hyperion,luxus,85.9,12.475199999999997
baseline,3,9,6,Hyperion,biotech,83.52,24.0
baseline,3,9,6,Hyperion,core_daten,102.5,24.0
baseline,3,9,6,Hyperion,relikte,140.58,28.233599999999996
baseline,3,9,7,Lusus,nahrung,24.27,9.499999999999998
baseline,3,9,7,Lusus,rohstoffe,29.47,32.0
baseline,3,9,7,Lusus,industrieteile,41.15,32.0
baseline,3,9,7,Lusus,energie,38.46,10.7
baseline,3,9,7,Lusus,luxus,76.74,55.26799999999999
baseline,3,9,7,Lusus,biotech,78.8,32.0
baseline,3,9,7,Lusus,core_daten,115.81,47.51200000000001
baseline,3,9,7,Lusus,relikte,152.14,32.0
baseline,3,9,7,Tau Ceti,nahrung,20.35,59.98400000000001
baseline,3,9,7,Tau Ceti,rohstoffe,26.98,18.0
baseline,3,9,7,Tau Ceti,industrieteile,45.49,10.399999999999995
baseline,3,9,7,Tau Ceti,energie,40.1,10.399999999999995
baseline,3,9,7,Tau Ceti,luxus,82.71,30.0
baseline,3,9,7,Tau Ceti,biotech,76.33,41.57099999999999
baseline,3,9,7,Tau Ceti,core_daten,119.12,30.0
baseline,3,9,7,Tau Ceti,relikte,139.62,30.0
baseline,3,9,7,Maui-Covenant,nahrung,20.07,41.680000000000014
baseline,3,9,7,Maui-Covenant,rohstoffe,29.05,22.5
baseline,3,9,7,Maui-Covenant,industrieteile,45.12,26.0
baseline,3,9,7,Maui-Covenant,energie,40.46,14.400000000000006
baseline,3,9,7,Maui-Covenant,luxus,78.12,17.650000000000002
baseline,3,9,7,Maui-Covenant,biotech,76.73,43.24799999999999
baseline,3,9,7,Maui-Covenant,core_daten,118.08,26.0
baseline,3,9,7,Maui-Covenant,relikte,143.31,26.0
baseline,3,9,7,Marsim,nahrung,23.65,5.799999999999995
baseline,3,9,7,Marsim,rohstoffe,31.56,10.5
baseline,3,9,7,Marsim,industrieteile,41.04,68.83500000000001
baseline,3,9,7,Marsim,energie,37.37,53.701000000000015
baseline,3,9,7,Marsim,luxus,78.17,31.0
baseline,3,9,7,Marsim,biotech,78.27,31.0
baseline,3,9,7,Marsim,core_daten,110.72,31.0
baseline,3,9,7,Marsim,relikte,149.63,31.0
baseline,3,9,7,Qom-Riyadh,nahrung,21.25,5.200000000000006
baseline,3,9,7,Qom-Riyadh,rohstoffe,27.82,28.0
baseline,3,9,7,Qom-Riyadh,industrieteile,40.43,28.0
baseline,3,9,7,Qom-Riyadh,energie,41.5,11.200000000000006
baseline,3,9,7,Qom-Riyadh,luxus,79.58,36.39299999999999
baseline,3,9,7,Qom-Riyadh,biotech,86.51,28.0
baseline,3,9,7,Qom-Riyadh,core_daten,106.27,61.571999999999996
baseline,3,9,7,Qom-Riyadh,relikte,141.71,28.0
baseline,3,9,7,Bressia,nahrung,22.55,8.620000000000001
baseline,3,9,7,Bressia,rohstoffe,29.67,48.27359999999999
baseline,3,9,7,Bressia,industrieteile,47.21,13.029999999999994
baseline,3,9,7,Bressia,energie,41.0,35.182199999999995
baseline,3,9,7,Bressia,luxus,82.61,25.0
baseline,3,9,7,Bressia,biotech,84.07,25.0
baseline,3,9,7,Bressia,core_daten,111.93,25.0
baseline,3,9,7,Bressia,relikte,158.91,25.0
baseline,3,9,7,Hebron,nahrung,23.1,10.600000000000005
baseline,3,9,7,Hebron,rohstoffe,27.92,20.0
baseline,3,9,7,Hebron,industrieteile,39.87,26.0
baseline,3,9,7,Hebron,energie,41.45,13.399999999999995
baseline,3,9,7,Hebron,luxus,75.82,35.646
baseline,3,9,7,Hebron,biotech,78.15,14.799999999999992
baseline,3,9,7,Hebron,core_daten,103.58,26.0
baseline,3,9,7,Hebron,relikte,147.75,26.0
baseline,3,9,7,Hyperion,nahrung,21.78,13.919999999999995
baseline,3,9,7,Hyperion,rohstoffe,30.19,33.86719999999999
baseline,3,9,7,Hyperion,industrieteile,38.73,24.0
baseline,3,9,7,Hyperion,energie,35.58,12.240000000000002
baseline,3,9,7,Hyperion,luxus,87.21,10.907199999999998
baseline,3,9,7,Hyperion,biotech,79.39,24.0
baseline,3,9,7,Hyperion,core_daten,109.27,24.0
baseline,3,9,7,Hyperion,relikte,134.45,28.933599999999995
baseline,3,9,8,Lusus,nahrung,22.33,9.099999999999998
baseline,3,9,8,Lusus,rohstoffe,29.94,32.0
baseline,3,9,8,Lusus,industrieteile,40.36,32.0
baseline,3,9,8,Lusus,energie,40.27,10.7
baseline,3,9,8,Lusus,luxus,74.84,58.591999999999985
baseline,3,9,8,Lusus,biotech,81.95,32.0
baseline,3,9,8,Lusus,core_daten,117.04,49.72800000000001
baseline,3,9,8,Lusus,relikte,142.52,32.0
baseline,3,9,8,Tau Ceti,nahrung,19.51,66.596
baseline,3,9,8,Tau Ceti,rohstoffe,27.04,18.0
baseline,3,9,8,Tau Ceti,industrieteile,48.25,10.3
baseline,3,9,8,Tau Ceti,energie,42.06,9.3
baseline,3,9,8,Tau Ceti,luxus,78.89,30.0
baseline,3,9,8,Tau Ceti,biotech,77.15,43.22399999999999
baseline,3,9,8,Tau Ceti,core_daten,106.75,30.0
baseline,3,9,8,Tau Ceti,relikte,139.71,30.0
baseline,3,9,8,Maui-Covenant,nahrung,20.57,37.920000000000016
baseline,3,9,8,Maui-Covenant,rohstoffe,26.75,22.5
baseline,3,9,8,Maui-Covenant,industrieteile,43.12,26.0
baseline,3,9,8,Maui-Covenant,energie,37.74,12.900000000000006
baseline,3,9,8,Maui-Covenant,luxus,82.09,16.650000000000002
baseline,3,9,8,Maui-Covenant,biotech,83.2,45.71199999999999
baseline,3,9,8,Maui-Covenant,core_daten,106.88,26.0
baseline,3,9,8,Maui-Covenant,relikte,154.24,26.0
baseline,3,9,8,Marsim,nahrung,24.07,2.1999999999999957
baseline,3,9,8,Marsim,rohstoffe,32.5,10.5
baseline,3,9,8,Marsim,industrieteile,43.15,74.24000000000001
baseline,3,9,8,Marsim,energie,37.34,52.04400000000001
baseline,3,9,8,Marsim,luxus,79.11,31.0
baseline,3,9,8,Marsim,biotech,80.24,31.0
baseline,3,9,8,Marsim,core_daten,118.47,31.0
baseline,3,9,8,Marsim,relikte,148.8,31.0
baseline,3,9,8,Qom-Riyadh,nahrung,23.82,2.8000000000000065
baseline,3,9,8,Qom-Riyadh,rohstoffe,27.94,28.0
baseline,3,9,8,Qom-Riyadh,industrieteile,41.69,25.299999999999994
baseline,3,9,8,Qom-Riyadh,energie,41.09,9.9
baseline,3,9,8,Qom-Riyadh,luxus,80.61,37.591999999999985
baseline,3,9,8,Qom-Riyadh,biotech,77.86,28.0
baseline,3,9,8,Qom-Riyadh,core_daten,112.34,66.368
baseline,3,9,8,Qom-Riyadh,relikte,149.94,28.0
baseline,3,9,8,Bressia,nahrung,23.88,6.280000000000001
baseline,3,9,8,Bressia,rohstoffe,26.45,45.598399999999984
baseline,3,9,8,Bressia,industrieteile,45.42,11.319999999999993
baseline,3,9,8,Bressia,energie,40.63,35.5368
baseline,3,9,8,Bressia,luxus,71.92,25.0
baseline,3,9,8,Bressia,biotech,88.58,25.0
baseline,3,9,8,Bressia,core_daten,121.61,25.0
baseline,3,9,8,Bressia,relikte,136.02,25.0
baseline,3,9,8,Hebron,nahrung,22.99,8.400000000000006
baseline,3,9,8,Hebron,rohstoffe,25.96,20.0
baseline,3,9,8,Hebron,industrieteile,45.97,26.0
baseline,3,9,8,Hebron,energie,38.84,11.599999999999994
baseline,3,9,8,Hebron,luxus,74.41,37.024
baseline,3,9,8,Hebron,biotech,80.97,13.199999999999992
baseline,3,9,8,Hebron,core_daten,123.2,26.0
baseline,3,9,8,Hebron,relikte,146.29,26.0
baseline,3,9,8,Hyperion,nahrung,21.37,12.479999999999995
baseline,3,9,8,Hyperion,rohstoffe,28.02,35.26719999999999
baseline,3,9,8,Hyperion,industrieteile,44.59,24.0
baseline,3,9,8,Hyperion,energie,41.79,10.560000000000002
baseline,3,9,8,Hyperion,luxus,82.77,9.339199999999998
baseline,3,9,8,Hyperion,biotech,80.52,24.0
baseline,3,9,8,Hyperion,core_daten,119.89,24.0
baseline,3,9,8,Hyperion,relikte,147.02,29.633599999999994
baseline,3,9,9,Lusus,nahrung,26.16,2.6999999999999975
baseline,3,9,9,Lusus,rohstoffe,27.52,32.0
baseline,3,9,9,Lusus,industrieteile,43.54,32.0
baseline,3,9,9,Lusus,energie,40.87,10.7
baseline,3,9,9,Lusus,luxus,81.08,61.91599999999998
baseline,3,9,9,Lusus,biotech,82.6,32.0
baseline,3,9,9,Lusus,core_daten,114.64,51.94400000000001
baseline,3,9,9,Lusus,relikte,142.14,32.0
baseline,3,9,9,Tau Ceti,nahrung,20.65,69.148
baseline,3,9,9,Tau Ceti,rohstoffe,27.58,18.0
baseline,3,9,9,Tau Ceti,industrieteile,44.78,10.3
baseline,3,9,9,Tau Ceti,energie,41.83,9.3
baseline,3,9,9,Tau Ceti,luxus,77.1,30.0
baseline,3,9,9,Tau Ceti,biotech,80.48,44.87699999999999
baseline,3,9,9,Tau Ceti,core_daten,118.13,30.0
baseline,3,9,9,Tau Ceti,relikte,145.01,30.0
baseline,3,9,9,Maui-Covenant,nahrung,20.53,40.16000000000002
baseline,3,9,9,Maui-Covenant,rohstoffe,28.54,22.5
baseline,3,9,9,Maui-Covenant,industrieteile,42.24,26.0
baseline,3,9,9,Maui-Covenant,energie,38.7,11.400000000000006
baseline,3,9,9,Maui-Covenant,luxus,82.85,15.650000000000002
baseline,3,9,9,Maui-Covenant,biotech,82.29,48.17599999999999
baseline,3,9,9,Maui-Covenant,core_daten,113.66,26.0
baseline,3,9,9,Maui-Covenant,relikte,141.54,26.0
baseline,3,9,9,Marsim,nahrung,22.96,6.0
baseline,3,9,9,Marsim,rohstoffe,31.2,10.5
baseline,3,9,9,Marsim,industrieteile,40.08,79.64500000000001
baseline,3,9,9,Marsim,energie,38.12,49.28700000000001
baseline,3,9,9,Marsim,luxus,82.55,31.0
baseline,3,9,9,Marsim,biotech,80.93,31.0
baseline,3,9,9,Marsim,core_daten,115.1,31.0
baseline,3,9,9,Marsim,relikte,148.8,31.0
baseline,3,9,9,Qom-Riyadh,nahrung,30.19,0.4000000000000066
baseline,3,9,9,Qom-Riyadh,rohstoffe,28.61,28.0
baseline,3,9,9,Qom-Riyadh,industrieteile,44.87,25.299999999999994
baseline,3,9,9,Qom-Riyadh,energie,39.97,7.5
baseline,3,9,9,Qom-Riyadh,luxus,83.13,38.79099999999998
baseline,3,9,9,Qom-Riyadh,biotech,78.44,28.0
baseline,3,9,9,Qom-Riyadh,core_daten,110.38,71.16399999999999
baseline,3,9,9,Qom-Riyadh,relikte,140.31,28.0
baseline,3,9,9,Bressia,nahrung,24.12,3.940000000000001
baseline,3,9,9,Bressia,rohstoffe,26.21,48.92319999999998
baseline,3,9,9,Bressia,industrieteile,49.26,9.609999999999992
baseline,3,9,9,Bressia,energie,38.63,36.9914
baseline,3,9,9,Bressia,luxus,84.24,25.0
baseline,3,9,9,Bressia,biotech,75.61,25.0
baseline,3,9,9,Bressia,core_daten,122.01,25.0
baseline,3,9,9,Bressia,relikte,152.5,25.0
baseline,3,9,9,Hebron,nahrung,23.59,6.2000000000000055
baseline,3,9,9,Hebron,rohstoffe,28.14,14.0
baseline,3,9,9,Hebron,industrieteile,42.2,26.0
baseline,3,9,9,Hebron,energie,40.0,9.799999999999994
baseline,3,9,9,Hebron,luxus,85.16,37.0732
baseline,3,9,9,Hebron,biotech,82.65,11.599999999999993
baseline,3,9,9,Hebron,core_daten,120.46,26.0
baseline,3,9,9,Hebron,relikte,149.51,26.0
baseline,3,9,9,Hyperion,nahrung,22.11,9.1
baseline,3,9,9,Hyperion,rohstoffe,28.13,36.66719999999999
baseline,3,9,9,Hyperion,industrieteile,39.68,21.2
baseline,3,9,9,Hyperion,energie,41.71,8.880000000000003
baseline,3,9,9,Hyperion,luxus,78.97,9.1
baseline,3,9,9,Hyperion,biotech,78.06,24.0
baseline,3,9,9,Hyperion,core_daten,106.89,24.0
baseline,3,9,9,Hyperion,relikte,134.02,30.333599999999993
baseline,3,9,10,Lusus,nahrung,25.59,6.0
baseline,3,9,10,Lusus,rohstoffe,28.35,30.5
baseline,3,9,10,Lusus,industrieteile,43.41,29.2
baseline,3,9,10,Lusus,energie,38.96,8.7
baseline,3,9,10,Lusus,luxus,73.7,65.23999999999998
baseline,3,9,10,Lusus,biotech,83.97,32.0
baseline,3,9,10,Lusus,core_daten,108.81,54.16000000000001
baseline,3,9,10,Lusus,relikte,141.33,32.0
baseline,3,9,10,Tau Ceti,nahrung,19.52,69.75999999999999
baseline,3,9,10,Tau Ceti,rohstoffe,28.88,18.0
baseline,3,9,10,Tau Ceti,industrieteile,48.44,10.3
baseline,3,9,10,Tau Ceti,energie,43.33,6.500000000000001
baseline,3,9,10,Tau Ceti,luxus,73.78,30.0
baseline,3,9,10,Tau Ceti,biotech,79.22,46.52999999999999
baseline,3,9,10,Tau Ceti,core_daten,106.07,30.0
baseline,3,9,10,Tau Ceti,relikte,152.77,30.0
baseline,3,9,10,Maui-Covenant,nahrung,20.05,42.40000000000002
baseline,3,9,10,Maui-Covenant,rohstoffe,28.95,22.5
baseline,3,9,10,Maui-Covenant,industrieteile,45.46,26.0
baseline,3,9,10,Maui-Covenant,energie,40.07,9.900000000000006
baseline,3,9,10,Maui-Covenant,luxus,86.29,14.650000000000002
baseline,3,9,10,Maui-Covenant,biotech,78.74,50.639999999999986
baseline,3,9,10,Maui-Covenant,core_daten,109.69,26.0
baseline,3,9,10,Maui-Covenant,relikte,151.82,26.0
baseline,3,9,10,Marsim,nahrung,23.81,2.4000000000000004
baseline,3,9,10,Marsim,rohstoffe,34.02,10.5
baseline,3,9,10,Marsim,industrieteile,44.85,85.0233
baseline,3,9,10,Marsim,energie,37.65,46.513980000000004
baseline,3,9,10,Marsim,luxus,81.15,31.0
baseline,3,9,10,Marsim,biotech,79.54,31.0
baseline,3,9,10,Marsim,core_daten,117.61,31.0
baseline,3,9,10,Marsim,relikte,146.79,31.0
baseline,3,9,10,Qom-Riyadh,nahrung,31.26,0.0
baseline,3,9,10,Qom-Riyadh,rohstoffe,30.02,28.0
baseline,3,9,10,Qom-Riyadh,industrieteile,45.25,25.299999999999994
baseline,3,9,10,Qom-Riyadh,energie,41.19,9.9
baseline,3,9,10,Qom-Riyadh,luxus,83.52,38.42199999999998
baseline,3,9,10,Qom-Riyadh,biotech,83.06,28.0
baseline,3,9,10,Qom-Riyadh,core_daten,111.79,75.95999999999998
baseline,3,9,10,Qom-Riyadh,relikte,149.75,28.0
baseline,3,9,10,Bressia,nahrung,25.1,1.6000000000000005
baseline,3,9,10,Bressia,rohstoffe,25.88,52.247999999999976
baseline,3,9,10,Bressia,industrieteile,42.94,7.899999999999992
baseline,3,9,10,Bressia,energie,39.89,38.446
baseline,3,9,10,Bressia,luxus,76.71,25.0
baseline,3,9,10,Bressia,biotech,85.35,25.0
baseline,3,9,10,Bressia,core_daten,109.02,25.0
baseline,3,9,10,Bressia,relikte,137.24,25.0
baseline,3,9,10,Hebron,nahrung,23.74,4.000000000000005
baseline,3,9,10,Hebron,rohstoffe,29.46,9.5
baseline,3,9,10,Hebron,industrieteile,42.57,26.0
baseline,3,9,10,Hebron,energie,39.66,7.999999999999994
baseline,3,9,10,Hebron,luxus,74.56,38.4512
baseline,3,9,10,Hebron,biotech,81.48,9.999999999999993
baseline,3,9,10,Hebron,core_daten,120.16,26.0
baseline,3,9,10,Hebron,relikte,146.39,26.0
baseline,3,9,10,Hyperion,nahrung,22.79,7.659999999999999
baseline,3,9,10,Hyperion,rohstoffe,29.51,38.067199999999985
baseline,3,9,10,Hyperion,industrieteile,40.17,21.2
baseline,3,9,10,Hyperion,energie,43.09,7.200000000000003
baseline,3,9,10,Hyperion,luxus,77.98,9.1
baseline,3,9,10,Hyperion,biotech,86.26,24.0
baseline,3,9,10,Hyperion,core_daten,112.31,24.0
baseline,3,9,10,Hyperion,relikte,146.42,31.033599999999993
baseline,3,9,11,Lusus,nahrung,23.03,6.0
baseline,3,9,11,Lusus,rohstoffe,29.32,30.5
baseline,3,9,11,Lusus,industrieteile,40.61,29.2
baseline,3,9,11,Lusus,energie,42.16,5.499999999999999
baseline,3,9,11,Lusus,luxus,81.02,68.54383999999997
baseline,3,9,11,Lusus,biotech,77.27,32.0
baseline,3,9,11,Lusus,core_daten,109.52,56.36256000000001
baseline,3,9,11,Lusus,relikte,152.84,32.0
baseline,3,9,11,Tau Ceti,nahrung,21.75,70.37199999999999
baseline,3,9,11,Tau Ceti,rohstoffe,27.41,18.0
baseline,3,9,11,Tau Ceti,industrieteile,44.37,10.3
baseline,3,9,11,Tau Ceti,energie,38.86,9.700000000000001
baseline,3,9,11,Tau Ceti,luxus,77.24,30.0
baseline,3,9,11,Tau Ceti,biotech,82.71,48.182999999999986
baseline,3,9,11,Tau Ceti,core_daten,116.75,30.0
baseline,3,9,11,Tau Ceti,relikte,153.47,30.0
baseline,3,9,11,Maui-Covenant,nahrung,21.0,44.64000000000002
baseline,3,9,11,Maui-Covenant,rohstoffe,27.72,22.5
baseline,3,9,11,Maui-Covenant,industrieteile,44.17,26.0
baseline,3,9,11,Maui-Covenant,energie,38.46,8.400000000000006
baseline,3,9,11,Maui-Covenant,luxus,82.88,13.650000000000002
baseline,3,9,11,Maui-Covenant,biotech,77.39,53.103999999999985
baseline,3,9,11,Maui-Covenant,core_daten,114.82,26.0
baseline,3,9,11,Maui-Covenant,relikte,145.67,26.0
baseline,3,9,11,Marsim,nahrung,35.53,0.0
baseline,3,9,11,Marsim,rohstoffe,32.13,10.5
baseline,3,9,11,Marsim,industrieteile,40.52,90.4016
baseline,3,9,11,Marsim,energie,38.9,43.74096
baseline,3,9,11,Marsim,luxus,77.14,31.0
baseline,3,9,11,Marsim,biotech,82.77,31.0
baseline,3,9,11,Marsim,core_daten,113.56,31.0
baseline,3,9,11,Marsim,relikte,146.46,31.0
baseline,3,9,11,Qom-Riyadh,nahrung,33.9,0.0
baseline,3,9,11,Qom-Riyadh,rohstoffe,27.43,22.0
baseline,3,9,11,Qom-Riyadh,industrieteile,44.77,25.299999999999994
baseline,3,9,11,Qom-Riyadh,energie,39.47,7.5
baseline,3,9,11,Qom-Riyadh,luxus,81.8,39.61472999999998
baseline,3,9,11,Qom-Riyadh,biotech,81.92,28.0
baseline,3,9,11,Qom-Riyadh,core_daten,114.16,80.73091999999998
baseline,3,9,11,Qom-Riyadh,relikte,146.87,28.0
baseline,3,9,11,Bressia,nahrung,33.31,0.0
baseline,3,9,11,Bressia,rohstoffe,29.15,55.57279999999997
baseline,3,9,11,Bressia,industrieteile,44.12,6.189999999999992
baseline,3,9,11,Bressia,energie,39.28,39.9006
baseline,3,9,11,Bressia,luxus,71.9,25.0
baseline,3,9,11,Bressia,biotech,86.36,25.0
baseline,3,9,11,Bressia,core_daten,103.84,25.0
baseline,3,9,11,Bressia,relikte,132.58,25.0
baseline,3,9,11,Hebron,nahrung,25.25,1.8000000000000052
baseline,3,9,11,Hebron,rohstoffe,27.3,9.5
baseline,3,9,11,Hebron,industrieteile,39.54,23.2
baseline,3,9,11,Hebron,energie,38.68,6.199999999999994
baseline,3,9,11,Hebron,luxus,76.91,39.8292
baseline,3,9,11,Hebron,biotech,83.44,8.399999999999993
baseline,3,9,11,Hebron,core_daten,123.46,26.0
baseline,3,9,11,Hebron,relikte,140.08,26.0
baseline,3,9,11,Hyperion,nahrung,19.81,6.219999999999999
baseline,3,9,11,Hyperion,rohstoffe,28.25,39.467199999999984
baseline,3,9,11,Hyperion,industrieteile,43.98,21.2
baseline,3,9,11,Hyperion,energie,37.56,5.520000000000003
baseline,3,9,11,Hyperion,luxus,86.92,7.532
baseline,3,9,11,Hyperion,biotech,78.97,24.0
baseline,3,9,11,Hyperion,core_daten,118.44,24.0
baseline,3,9,11,Hyperion,relikte,140.58,31.733599999999992
baseline,3,9,12,Lusus,nahrung,24.29,6.0
baseline,3,9,12,Lusus,rohstoffe,30.12,30.5
baseline,3,9,12,Lusus,industrieteile,43.84,29.2
baseline,3,9,12,Lusus,energie,43.73,8.299999999999999
baseline,3,9,12,Lusus,luxus,81.5,71.83345999999997
baseline,3,9,12,Lusus,biotech,86.37,32.0
baseline,3,9,12,Lusus,core_daten,107.13,58.55564000000001
baseline,3,9,12,Lusus,relikte,146.2,32.0
baseline,3,9,12,Tau Ceti,nahrung,20.44,76.98399999999998
baseline,3,9,12,Tau Ceti,rohstoffe,29.77,18.0
baseline,3,9,12,Tau Ceti,industrieteile,44.64,10.3
baseline,3,9,12,Tau Ceti,energie,39.97,6.900000000000001
baseline,3,9,12,Tau Ceti,luxus,81.13,30.0
baseline,3,9,12,Tau Ceti,biotech,76.27,49.835999999999984
baseline,3,9,12,Tau Ceti,core_daten,117.5,30.0
baseline,3,9,12,Tau Ceti,relikte,137.73,30.0
baseline,3,9,12,Maui-Covenant,nahrung,19.67,40.880000000000024
baseline,3,9,12,Maui-Covenant,rohstoffe,28.45,22.5
baseline,3,9,12,Maui-Covenant,industrieteile,43.0,26.0
baseline,3,9,12,Maui-Covenant,energie,41.11,6.900000000000006
baseline,3,9,12,Maui-Covenant,luxus,77.55,12.650000000000002
baseline,3,9,12,Maui-Covenant,biotech,76.13,52.86799999999998
baseline,3,9,12,Maui-Covenant,core_daten,113.18,26.0
baseline,3,9,12,Maui-Covenant,relikte,144.09,26.0
baseline,3,9,12,Marsim,nahrung,37.85,0.0
baseline,3,9,12,Marsim,rohstoffe,30.99,10.5
baseline,3,9,12,Marsim,industrieteile,40.78,95.7538
baseline,3,9,12,Marsim,energie,37.79,40.95228
baseline,3,9,12,Marsim,luxus,79.18,31.0
baseline,3,9,12,Marsim,biotech,85.69,31.0
baseline,3,9,12,Marsim,core_daten,117.26,31.0
baseline,3,9,12,Marsim,relikte,141.93,31.0
baseline,3,9,12,Qom-Riyadh,nahrung,31.27,0.0
baseline,3,9,12,Qom-Riyadh,rohstoffe,28.04,22.0
baseline,3,9,12,Qom-Riyadh,industrieteile,41.38,25.299999999999994
baseline,3,9,12,Qom-Riyadh,energie,42.17,5.1
baseline,3,9,12,Qom-Riyadh,luxus,73.81,40.80092599999998
baseline,3,9,12,Qom-Riyadh,biotech,80.63,28.0
baseline,3,9,12,Qom-Riyadh,core_daten,109.49,85.47570399999998
baseline,3,9,12,Qom-Riyadh,relikte,151.83,28.0
baseline,3,9,12,Bressia,nahrung,31.13,0.0
baseline,3,9,12,Bressia,rohstoffe,27.58,52.88177919999997
baseline,3,9,12,Bressia,industrieteile,53.44,4.479999999999992
baseline,3,9,12,Bressia,energie,35.18,41.3482784
baseline,3,9,12,Bressia,luxus,71.92,21.864
baseline,3,9,12,Bressia,biotech,87.15,25.0
baseline,3,9,12,Bressia,core_daten,119.8,25.0
baseline,3,9,12,Bressia,relikte,156.31,25.0
baseline,3,9,12,Hebron,nahrung,33.87,0.0
baseline,3,9,12,Hebron,rohstoffe,27.36,9.5
baseline,3,9,12,Hebron,industrieteile,43.92,23.2
baseline,3,9,12,Hebron,energie,42.53,4.399999999999994
baseline,3,9,12,Hebron,luxus,77.82,41.2072
baseline,3,9,12,Hebron,biotech,81.09,9.5
baseline,3,9,12,Hebron,core_daten,111.08,26.0
baseline,3,9,12,Hebron,relikte,152.35,26.0
baseline,3,9,12,Hyperion,nahrung,23.59,4.7799999999999985
baseline,3,9,12,Hyperion,rohstoffe,30.54,40.86719999999998
baseline,3,9,12,Hyperion,industrieteile,46.36,18.4
baseline,3,9,12,Hyperion,energie,39.78,3.840000000000003
baseline,3,9,12,Hyperion,luxus,78.83,9.1
baseline,3,9,12,Hyperion,biotech,83.01,24.0
baseline,3,9,12,Hyperion,core_daten,123.66,24.0
baseline,3,9,12,Hyperion,relikte,139.29,32.43359999999999
baseline,3,9,13,Lusus,nahrung,23.08,6.0
baseline,3,9,13,Lusus,rohstoffe,27.73,30.5
baseline,3,9,13,Lusus,industrieteile,44.99,29.2
baseline,3,9,13,Lusus,energie,41.98,5.099999999999999
baseline,3,9,13,Lusus,luxus,73.88,75.10885999999998
baseline,3,9,13,Lusus,biotech,83.03,32.0
baseline,3,9,13,Lusus,core_daten,116.75,60.73924000000001
baseline,3,9,13,Lusus,relikte,146.02,32.0
baseline,3,9,13,Tau Ceti,nahrung,20.01,77.59599999999998
baseline,3,9,13,Tau Ceti,rohstoffe,26.89,18.0
baseline,3,9,13,Tau Ceti,industrieteile,45.99,10.3
baseline,3,9,13,Tau Ceti,energie,42.55,4.100000000000001
baseline,3,9,13,Tau Ceti,luxus,81.57,30.0
baseline,3,9,13,Tau Ceti,biotech,79.23,51.48899999999998
baseline,3,9,13,Tau Ceti,core_daten,114.95,30.0
baseline,3,9,13,Tau Ceti,relikte,146.17,30.0
baseline,3,9,13,Maui-Covenant,nahrung,20.47,43.120000000000026
baseline,3,9,13,Maui-Covenant,rohstoffe,28.07,22.5
baseline,3,9,13,Maui-Covenant,industrieteile,41.58,26.0
baseline,3,9,13,Maui-Covenant,energie,41.97,5.400000000000006
baseline,3,9,13,Maui-Covenant,luxus,84.43,11.650000000000002
baseline,3,9,13,Maui-Covenant,biotech,83.48,55.33199999999998
baseline,3,9,13,Maui-Covenant,core_daten,116.25,26.0
baseline,3,9,13,Maui-Covenant,relikte,151.62,26.0
baseline,3,9,13,Marsim,nahrung,35.37,0.0
baseline,3,9,13,Marsim,rohstoffe,32.65,10.5
baseline,3,9,13,Marsim,industrieteile,40.37,101.0727
baseline,3,9,13,Marsim,energie,35.69,44.14362
baseline,3,9,13,Marsim,luxus,77.28,31.0
baseline,3,9,13,Marsim,biotech,80.62,29.4
baseline,3,9,13,Marsim,core_daten,115.39,31.0
baseline,3,9,13,Marsim,relikte,139.94,31.0
baseline,3,9,13,Qom-Riyadh,nahrung,31.56,0.0
baseline,3,9,13,Qom-Riyadh,rohstoffe,28.8,22.0
baseline,3,9,13,Qom-Riyadh,industrieteile,45.46,19.299999999999994
baseline,3,9,13,Qom-Riyadh,energie,39.45,8.7
baseline,3,9,13,Qom-Riyadh,luxus,80.23,41.98058799999998
baseline,3,9,13,Qom-Riyadh,biotech,78.41,28.0
baseline,3,9,13,Qom-Riyadh,core_daten,109.21,90.19435199999998
baseline,3,9,13,Qom-Riyadh,relikte,142.55,28.0
baseline,3,9,13,Bressia,nahrung,31.16,0.0
baseline,3,9,13,Bressia,rohstoffe,25.76,50.17186559999997
baseline,3,9,13,Bressia,industrieteile,44.61,5.969999999999993
baseline,3,9,13,Bressia,energie,37.34,36.7876912
baseline,3,9,13,Bressia,luxus,82.82,20.296
baseline,3,9,13,Bressia,biotech,87.67,25.0
baseline,3,9,13,Bressia,core_daten,118.63,25.0
baseline,3,9,13,Bressia,relikte,157.63,25.0
baseline,3,9,13,Hebron,nahrung,31.01,0.0
baseline,3,9,13,Hebron,rohstoffe,30.11,9.5
baseline,3,9,13,Hebron,industrieteile,46.02,23.2
baseline,3,9,13,Hebron,energie,45.95,2.5999999999999943
baseline,3,9,13,Hebron,luxus,80.44,42.579038
baseline,3,9,13,Hebron,biotech,83.75,9.5
baseline,3,9,13,Hebron,core_daten,107.64,26.0
baseline,3,9,13,Hebron,relikte,150.38,26.0
baseline,3,9,13,Hyperion,nahrung,24.46,3.339999999999998
baseline,3,9,13,Hyperion,rohstoffe,29.04,42.26719999999998
baseline,3,9,13,Hyperion,industrieteile,45.73,18.4
baseline,3,9,13,Hyperion,energie,48.49,2.160000000000003
baseline,3,9,13,Hyperion,luxus,77.22,9.1
baseline,3,9,13,Hyperion,biotech,78.97,24.0
baseline,3,9,13,Hyperion,core_daten,113.76,24.0
baseline,3,9,13,Hyperion,relikte,145.59,33.133599999999994
baseline,3,9,14,Lusus,nahrung,27.42,2.6388202206936278
baseline,3,9,14,Lusus,rohstoffe,29.13,30.5
baseline,3,9,14,Lusus,industrieteile,42.71,29.2
baseline,3,9,14,Lusus,energie,49.72,1.8999999999999986
baseline,3,9,14,Lusus,luxus,73.74,78.37003999999997
baseline,3,9,14,Lusus,biotech,82.87,32.0
baseline,3,9,14,Lusus,core_daten,108.07,62.91336000000001
baseline,3,9,14,Lusus,relikte,138.01,32.0
baseline,3,9,14,Tau Ceti,nahrung,19.65,78.20799999999997
baseline,3,9,14,Tau Ceti,rohstoffe,28.82,18.0
baseline,3,9,14,Tau Ceti,industrieteile,43.95,10.3
baseline,3,9,14,Tau Ceti,energie,54.31,1.3000000000000016
baseline,3,9,14,Tau Ceti,luxus,83.05,30.0
baseline,3,9,14,Tau Ceti,biotech,80.26,53.14199999999998
baseline,3,9,14,Tau Ceti,core_daten,109.16,30.0
baseline,3,9,14,Tau Ceti,relikte,144.76,30.0
baseline,3,9,14,Maui-Covenant,nahrung,20.96,45.36000000000003
baseline,3,9,14,Maui-Covenant,rohstoffe,29.91,22.5
baseline,3,9,14,Maui-Covenant,industrieteile,42.92,23.2
baseline,3,9,14,Maui-Covenant,energie,42.68,3.9000000000000057
baseline,3,9,14,Maui-Covenant,luxus,88.06,10.650000000000002
baseline,3,9,14,Maui-Covenant,biotech,81.03,57.79599999999998
baseline,3,9,14,Maui-Covenant,core_daten,116.62,26.0
baseline,3,9,14,Maui-Covenant,relikte,146.03,26.0
baseline,3,9,14,Marsim,nahrung,23.9,3.3611797793063722
baseline,3,9,14,Marsim,rohstoffe,32.79,10.5
baseline,3,9,14,Marsim,industrieteile,43.6,106.3583
baseline,3,9,14,Marsim,energie,38.96,47.31498
baseline,3,9,14,Marsim,luxus,78.08,31.0
baseline,3,9,14,Marsim,biotech,77.37,27.799999999999997
baseline,3,9,14,Marsim,core_daten,108.84,31.0
baseline,3,9,14,Marsim,relikte,144.93,31.0
baseline,3,9,14,Qom-Riyadh,nahrung,30.58,0.0
baseline,3,9,14,Qom-Riyadh,rohstoffe,29.63,22.0
baseline,3,9,14,Qom-Riyadh,industrieteile,42.0,19.299999999999994
baseline,3,9,14,Qom-Riyadh,energie,41.84,6.299999999999999
baseline,3,9,14,Qom-Riyadh,luxus,74.54,41.585715999999984
baseline,3,9,14,Qom-Riyadh,biotech,76.96,28.0
baseline,3,9,14,Qom-Riyadh,core_daten,105.51,94.88686399999997
baseline,3,9,14,Qom-Riyadh,relikte,144.24,28.0
baseline,3,9,14,Bressia,nahrung,31.13,0.0
baseline,3,9,14,Bressia,rohstoffe,29.32,47.443059199999965
baseline,3,9,14,Bressia,industrieteile,45.3,4.259999999999993
baseline,3,9,14,Bressia,energie,36.0,32.218838399999996
baseline,3,9,14,Bressia,luxus,71.71,20.296
baseline,3,9,14,Bressia,biotech,86.5,25.0
baseline,3,9,14,Bressia,core_daten,121.81,25.0
baseline,3,9,14,Bressia,relikte,133.06,25.0
baseline,3,9,14,Hebron,nahrung,33.1,0.0
baseline,3,9,14,Hebron,rohstoffe,30.92,9.5
baseline,3,9,14,Hebron,industrieteile,44.5,23.2
baseline,3,9,14,Hebron,energie,46.12,0.7999999999999943
baseline,3,9,14,Hebron,luxus,78.81,43.94331
baseline,3,9,14,Hebron,biotech,93.83,9.5
baseline,3,9,14,Hebron,core_daten,117.94,26.0
baseline,3,9,14,Hebron,relikte,151.2,26.0
baseline,3,9,14,Hyperion,nahrung,22.4,1.899999999999998
baseline,3,9,14,Hyperion,rohstoffe,29.65,43.66719999999998
baseline,3,9,14,Hyperion,industrieteile,46.04,18.4
baseline,3,9,14,Hyperion,energie,41.66,6.480000000000002
baseline,3,9,14,Hyperion,luxus,84.38,9.1
baseline,3,9,14,Hyperion,biotech,76.74,24.0
baseline,3,9,14,Hyperion,core_daten,120.28,24.0
baseline,3,9,14,Hyperion,relikte,145.01,33.8336
baseline,3,9,15,Lusus,nahrung,45.78,0.0
baseline,3,9,15,Lusus,rohstoffe,29.56,30.5
baseline,3,9,15,Lusus,industrieteile,44.07,29.2
baseline,3,9,15,Lusus,energie,71.86,0.0
baseline,3,9,15,Lusus,luxus,74.95,81.61699999999998
baseline,3,9,15,Lusus,biotech,86.68,32.0
baseline,3,9,15,Lusus,core_daten,104.9,65.07800000000002
baseline,3,9,15,Lusus,relikte,148.62,32.0
baseline,3,9,15,Tau Ceti,nahrung,22.02,84.81999999999996
baseline,3,9,15,Tau Ceti,rohstoffe,30.0,18.0
baseline,3,9,15,Tau Ceti,industrieteile,47.93,7.500000000000001
baseline,3,9,15,Tau Ceti,energie,39.88,6.0
baseline,3,9,15,Tau Ceti,luxus,80.88,30.0
baseline,3,9,15,Tau Ceti,biotech,81.66,54.79499999999998
baseline,3,9,15,Tau Ceti,core_daten,109.52,30.0
baseline,3,9,15,Tau Ceti,relikte,153.38,30.0
baseline,3,9,15,Maui-Covenant,nahrung,20.86,41.60000000000003
baseline,3,9,15,Maui-Covenant,rohstoffe,28.1,22.5
baseline,3,9,15,Maui-Covenant,industrieteile,42.59,23.2
baseline,3,9,15,Maui-Covenant,energie,43.93,2.4000000000000057
baseline,3,9,15,Maui-Covenant,luxus,79.42,9.650000000000002
baseline,3,9,15,Maui-Covenant,biotech,83.93,60.25999999999998
baseline,3,9,15,Maui-Covenant,core_daten,115.07,26.0
baseline,3,9,15,Maui-Covenant,relikte,145.43,26.0
baseline,3,9,15,Marsim,nahrung,22.67,6.0
baseline,3,9,15,Marsim,rohstoffe,32.38,10.5
baseline,3,9,15,Marsim,industrieteile,39.99,111.6106
baseline,3,9,15,Marsim,energie,39.58,44.466359999999995
baseline,3,9,15,Marsim,luxus,82.62,31.0
baseline,3,9,15,Marsim,biotech,77.5,27.799999999999997
baseline,3,9,15,Marsim,core_daten,108.07,31.0
baseline,3,9,15,Marsim,relikte,150.61,31.0
baseline,3,9,15,Qom-Riyadh,nahrung,30.22,0.0
baseline,3,9,15,Qom-Riyadh,rohstoffe,30.02,16.0
baseline,3,9,15,Qom-Riyadh,industrieteile,45.95,13.299999999999994
baseline,3,9,15,Qom-Riyadh,energie,42.87,3.899999999999999
baseline,3,9,15,Qom-Riyadh,luxus,81.06,41.84652744191237
baseline,3,9,15,Qom-Riyadh,biotech,82.51,28.0
baseline,3,9,15,Qom-Riyadh,core_daten,117.15,99.55323999999997
baseline,3,9,15,Qom-Riyadh,relikte,146.14,28.0
baseline,3,9,15,Bressia,nahrung,30.0,0.0
baseline,3,9,15,Bressia,rohstoffe,30.58,50.695359999999965
baseline,3,9,15,Bressia,industrieteile,46.88,8.549999999999994
baseline,3,9,15,Bressia,energie,37.05,33.64171999999999
baseline,3,9,15,Bressia,luxus,81.51,20.296
baseline,3,9,15,Bressia,biotech,87.48,25.0
baseline,3,9,15,Bressia,core_daten,104.15,25.0
baseline,3,9,15,Bressia,relikte,159.4,25.0
baseline,3,9,15,Hebron,nahrung,32.78,0.0
baseline,3,9,15,Hebron,rohstoffe,30.27,9.5
baseline,3,9,15,Hebron,industrieteile,41.23,23.2
baseline,3,9,15,Hebron,energie,65.71,0.0
baseline,3,9,15,Hebron,luxus,71.2,45.300016
baseline,3,9,15,Hebron,biotech,96.3,7.9
baseline,3,9,15,Hebron,core_daten,111.47,26.0
baseline,3,9,15,Hebron,relikte,135.4,26.0
baseline,3,9,15,Hyperion,nahrung,23.92,0.45999999999999774
baseline,3,9,15,Hyperion,rohstoffe,30.04,45.06719999999998
baseline,3,9,15,Hyperion,industrieteile,46.27,18.4
baseline,3,9,15,Hyperion,energie,39.63,4.8000000000000025
baseline,3,9,15,Hyperion,luxus,92.26,8.437782558087612
baseline,3,9,15,Hyperion,biotech,74.27,24.0
baseline,3,9,15,Hyperion,core_daten,121.19,24.0
baseline,3,9,15,Hyperion,relikte,141.23,34.5336
baseline,3,9,16,Lusus,nahrung,43.3,0.0
baseline,3,9,16,Lusus,rohstoffe,29.02,30.5
baseline,3,9,16,Lusus,industrieteile,40.87,29.2
baseline,3,9,16,Lusus,energie,76.05,0.0
baseline,3,9,16,Lusus,luxus,76.68,84.82784987639722
baseline,3,9,16,Lusus,biotech,79.37,32.0
baseline,3,9,16,Lusus,core_daten,108.51,67.21856658426485
baseline,3,9,16,Lusus,relikte,140.18,32.0
baseline,3,9,16,Tau Ceti,nahrung,19.53,85.39959999999996
baseline,3,9,16,Tau Ceti,rohstoffe,28.06,18.0
baseline,3,9,16,Tau Ceti,industrieteile,45.44,10.3
baseline,3,9,16,Tau Ceti,energie,44.43,3.2
baseline,3,9,16,Tau Ceti,luxus,79.39,30.0
baseline,3,9,16,Tau Ceti,biotech,83.94,56.43989999999998
baseline,3,9,16,Tau Ceti,core_daten,113.38,30.0
baseline,3,9,16,Tau Ceti,relikte,137.68,30.0
baseline,3,9,16,Maui-Covenant,nahrung,19.64,43.84000000000003
baseline,3,9,16,Maui-Covenant,rohstoffe,29.61,22.5
baseline,3,9,16,Maui-Covenant,industrieteile,43.39,23.2
baseline,3,9,16,Maui-Covenant,energie,50.82,0.9000000000000057
baseline,3,9,16,Maui-Covenant,luxus,87.61,9.5
baseline,3,9,16,Maui-Covenant,biotech,80.31,62.723999999999975
baseline,3,9,16,Maui-Covenant,core_daten,111.97,26.0
baseline,3,9,16,Maui-Covenant,relikte,153.6,26.0
baseline,3,9,16,Marsim,nahrung,25.36,2.4000000000000004
baseline,3,9,16,Marsim,rohstoffe,33.04,10.5
baseline,3,9,16,Marsim,industrieteile,44.99,111.23968353933793
baseline,3,9,16,Marsim,energie,38.7,47.60381012360275
baseline,3,9,16,Marsim,luxus,76.96,30.150000000000002
baseline,3,9,16,Marsim,biotech,77.18,27.799999999999997
baseline,3,9,16,Marsim,core_daten,114.97,31.0
baseline,3,9,16,Marsim,relikte,144.16,31.0
baseline,3,9,16,Qom-Riyadh,nahrung,22.21,6.0
baseline,3,9,16,Qom-Riyadh,rohstoffe,27.77,16.0
baseline,3,9,16,Qom-Riyadh,industrieteile,43.11,13.299999999999994
baseline,3,9,16,Qom-Riyadh,energie,46.31,1.4999999999999991
baseline,3,9,16,Qom-Riyadh,luxus,78.45,43.00658744191237
baseline,3,9,16,Qom-Riyadh,biotech,82.1,28.0
baseline,3,9,16,Qom-Riyadh,core_daten,105.91,104.19347999999998
baseline,3,9,16,Qom-Riyadh,relikte,143.89,28.0
baseline,3,9,16,Bressia,nahrung,31.89,0.0
baseline,3,9,16,Bressia,rohstoffe,27.42,47.92876799999996
baseline,3,9,16,Bressia,industrieteile,46.0,6.839999999999994
baseline,3,9,16,Bressia,energie,40.24,29.056335999999995
baseline,3,9,16,Bressia,luxus,85.92,20.296
baseline,3,9,16,Bressia,biotech,77.47,25.0
baseline,3,9,16,Bressia,core_daten,121.27,25.0
baseline,3,9,16,Bressia,relikte,135.24,25.0
baseline,3,9,16,Hebron,nahrung,31.81,0.0
baseline,3,9,16,Hebron,rohstoffe,31.42,9.5
baseline,3,9,16,Hebron,industrieteile,43.43,23.2
baseline,3,9,16,Hebron,energie,38.2,6.0
baseline,3,9,16,Hebron,luxus,82.26,46.642526
baseline,3,9,16,Hebron,biotech,83.63,9.5
baseline,3,9,16,Hebron,core_daten,117.22,26.0
baseline,3,9,16,Hebron,relikte,134.84,26.0
baseline,3,9,16,Hyperion,nahrung,30.29,0.0
baseline,3,9,16,Hyperion,rohstoffe,30.99,46.46719999999998
baseline,3,9,16,Hyperion,industrieteile,44.53,18.4
baseline,3,9,16,Hyperion,energie,42.84,3.1200000000000023
baseline,3,9,16,Hyperion,luxus,81.66,6.869782558087612
baseline,3,9,16,Hyperion,biotech,88.63,20.8
baseline,3,9,16,Hyperion,core_daten,121.68,24.0
baseline,3,9,16,Hyperion,relikte,156.44,35.2336
baseline,3,9,17,Lusus,nahrung,46.44,0.0
baseline,3,9,17,Lusus,rohstoffe,28.04,30.5
baseline,3,9,17,Lusus,industrieteile,41.11,29.2
baseline,3,9,17,Lusus,energie,76.7,0.0
baseline,3,9,17,Lusus,luxus,75.28,87.99441975279447
baseline,3,9,17,Lusus,biotech,79.48,32.0
baseline,3,9,17,Lusus,core_daten,114.58,69.32961316852968
baseline,3,9,17,Lusus,relikte,146.24,32.0
baseline,3,9,17,Tau Ceti,nahrung,20.25,91.97919999999996
baseline,3,9,17,Tau Ceti,rohstoffe,29.82,18.0
baseline,3,9,17,Tau Ceti,industrieteile,49.61,9.329999999999995
baseline,3,9,17,Tau Ceti,energie,59.91,0.40000000000000036
baseline,3,9,17,Tau Ceti,luxus,83.56,30.0
baseline,3,9,17,Tau Ceti,biotech,76.03,58.08479999999998
baseline,3,9,17,Tau Ceti,core_daten,106.77,30.0
baseline,3,9,17,Tau Ceti,relikte,138.81,30.0
baseline,3,9,17,Maui-Covenant,nahrung,21.92,40.080000000000034
baseline,3,9,17,Maui-Covenant,rohstoffe,30.2,16.5
baseline,3,9,17,Maui-Covenant,industrieteile,42.7,23.2
baseline,3,9,17,Maui-Covenant,energie,56.14,0.0
baseline,3,9,17,Maui-Covenant,luxus,86.81,9.5
baseline,3,9,17,Maui-Covenant,biotech,85.97,63.58799999999997
baseline,3,9,17,Maui-Covenant,core_daten,119.51,26.0
baseline,3,9,17,Maui-Covenant,relikte,154.58,26.0
baseline,3,9,17,Marsim,nahrung,22.57,6.0
baseline,3,9,17,Marsim,rohstoffe,31.17,10.5
baseline,3,9,17,Marsim,industrieteile,41.03,116.46876707867585
baseline,3,9,17,Marsim,energie,39.18,50.7412602472055
baseline,3,9,17,Marsim,luxus,75.67,30.150000000000002
baseline,3,9,17,Marsim,biotech,82.95,27.799999999999997
baseline,3,9,17,Marsim,core_daten,116.45,31.0
baseline,3,9,17,Marsim,relikte,146.93,31.0
baseline,3,9,17,Qom-Riyadh,nahrung,22.09,3.6
baseline,3,9,17,Qom-Riyadh,rohstoffe,28.95,16.0
baseline,3,9,17,Qom-Riyadh,industrieteile,42.01,13.299999999999994
baseline,3,9,17,Qom-Riyadh,energie,40.37,6.0
baseline,3,9,17,Qom-Riyadh,luxus,74.56,44.16011344191237
baseline,3,9,17,Qom-Riyadh,biotech,83.03,28.0
baseline,3,9,17,Qom-Riyadh,core_daten,115.88,108.80758399999998
baseline,3,9,17,Qom-Riyadh,relikte,143.02,28.0
baseline,3,9,17,Bressia,nahrung,32.24,0.0
baseline,3,9,17,Bressia,rohstoffe,28.02,51.14328319999996
baseline,3,9,17,Bressia,industrieteile,49.13,9.3
baseline,3,9,17,Bressia,energie,39.51,24.462686399999996
baseline,3,9,17,Bressia,luxus,86.56,15.497782558087613
baseline,3,9,17,Bressia,biotech,85.68,25.0
baseline,3,9,17,Bressia,core_daten,103.86,25.0
baseline,3,9,17,Bressia,relikte,148.51,25.0
baseline,3,9,17,Hebron,nahrung,30.28,0.0
baseline,3,9,17,Hebron,rohstoffe,28.28,9.5
baseline,3,9,17,Hebron,industrieteile,45.1,23.2
baseline,3,9,17,Hebron,energie,43.49,4.2
baseline,3,9,17,Hebron,luxus,83.39,47.97021599999999
baseline,3,9,17,Hebron,biotech,90.44,9.5
baseline,3,9,17,Hebron,core_daten,108.06,26.0
baseline,3,9,17,Hebron,relikte,135.41,26.0
baseline,3,9,17,Hyperion,nahrung,29.25,0.0
baseline,3,9,17,Hyperion,rohstoffe,25.85,47.86007679999997
baseline,3,9,17,Hyperion,industrieteile,43.21,12.399999999999999
baseline,3,9,17,Hyperion,energie,45.15,1.4400000000000022
baseline,3,9,17,Hyperion,luxus,79.65,9.1
baseline,3,9,17,Hyperion,biotech,81.96,20.8
baseline,3,9,17,Hyperion,core_daten,107.38,24.0
baseline,3,9,17,Hyperion,relikte,150.06,35.9300384
baseline,3,9,18,Lusus,nahrung,45.69,0.0
baseline,3,9,18,Lusus,rohstoffe,28.66,30.5
baseline,3,9,18,Lusus,industrieteile,41.18,29.2
baseline,3,9,18,Lusus,energie,76.67,0.0
baseline,3,9,18,Lusus,luxus,77.91,91.11670962919172
baseline,3,9,18,Lusus,biotech,81.83,32.0
baseline,3,9,18,Lusus,core_daten,116.83,71.41113975279451
baseline,3,9,18,Lusus,relikte,153.47,32.0
baseline,3,9,18,Tau Ceti,nahrung,20.38,98.55879999999996
baseline,3,9,18,Tau Ceti,rohstoffe,27.07,18.0
baseline,3,9,18,Tau Ceti,industrieteile,48.99,10.3
baseline,3,9,18,Tau Ceti,energie,40.88,6.0
baseline,3,9,18,Tau Ceti,luxus,76.51,30.0
baseline,3,9,18,Tau Ceti,biotech,77.76,59.72969999999998
baseline,3,9,18,Tau Ceti,core_daten,108.53,30.0
baseline,3,9,18,Tau Ceti,relikte,136.87,30.0
baseline,3,9,18,Maui-Covenant,nahrung,19.53,36.310280000000034
baseline,3,9,18,Maui-Covenant,rohstoffe,29.99,16.5
baseline,3,9,18,Maui-Covenant,industrieteile,43.46,23.2
baseline,3,9,18,Maui-Covenant,energie,56.62,0.0
baseline,3,9,18,Maui-Covenant,luxus,88.46,9.5
baseline,3,9,18,Maui-Covenant,biotech,80.52,66.04130799999997
baseline,3,9,18,Maui-Covenant,core_daten,115.38,26.0
baseline,3,9,18,Maui-Covenant,relikte,142.39,26.0
baseline,3,9,18,Marsim,nahrung,25.56,2.4000000000000004
baseline,3,9,18,Marsim,rohstoffe,31.54,10.5
baseline,3,9,18,Marsim,industrieteile,39.68,117.90175061801376
baseline,3,9,18,Marsim,energie,35.69,53.86305037080825
baseline,3,9,18,Marsim,luxus,80.69,30.150000000000002
baseline,3,9,18,Marsim,biotech,84.05,27.799999999999997
baseline,3,9,18,Marsim,core_daten,109.37,31.0
baseline,3,9,18,Marsim,relikte,138.0,31.0
baseline,3,9,18,Qom-Riyadh,nahrung,24.41,1.2000000000000002
baseline,3,9,18,Qom-Riyadh,rohstoffe,29.44,16.0
baseline,3,9,18,Qom-Riyadh,industrieteile,43.94,13.299999999999994
baseline,3,9,18,Qom-Riyadh,energie,42.72,3.6
baseline,3,9,18,Qom-Riyadh,luxus,82.02,42.74009544191237
baseline,3,9,18,Qom-Riyadh,biotech,78.93,28.0
baseline,3,9,18,Qom-Riyadh,core_daten,118.56,113.39951199999997
baseline,3,9,18,Qom-Riyadh,relikte,149.3,28.0
baseline,3,9,18,Bressia,nahrung,20.69,6.0
baseline,3,9,18,Bressia,rohstoffe,25.68,54.33890559999996
baseline,3,9,18,Bressia,industrieteile,49.24,7.590000000000001
baseline,3,9,18,Bressia,energie,35.13,19.860771199999995
baseline,3,9,18,Bressia,luxus,81.17,15.497782558087613
baseline,3,9,18,Bressia,biotech,75.42,23.4
baseline,3,9,18,Bressia,core_daten,122.39,25.0
baseline,3,9,18,Bressia,relikte,157.16,25.0
baseline,3,9,18,Hebron,nahrung,30.94,0.0
baseline,3,9,18,Hebron,rohstoffe,28.91,9.5
baseline,3,9,18,Hebron,industrieteile,46.78,23.2
baseline,3,9,18,Hebron,energie,43.91,2.4000000000000004
baseline,3,9,18,Hebron,luxus,79.07,49.29033999999999
baseline,3,9,18,Hebron,biotech,84.48,9.5
baseline,3,9,18,Hebron,core_daten,111.5,26.0
baseline,3,9,18,Hebron,relikte,142.16,26.0
baseline,3,9,18,Hyperion,nahrung,27.13,0.0
baseline,3,9,18,Hyperion,rohstoffe,26.19,43.24544399999997
baseline,3,9,18,Hyperion,industrieteile,45.67,12.399999999999999
baseline,3,9,18,Hyperion,energie,56.12,0.0
baseline,3,9,18,Hyperion,luxus,77.74,9.1
baseline,3,9,18,Hyperion,biotech,84.12,20.8
baseline,3,9,18,Hyperion,core_daten,108.16,24.0
baseline,3,9,18,Hyperion,relikte,145.31,36.622722
baseline,3,9,19,Lusus,nahrung,46.46,0.0
baseline,3,9,19,Lusus,rohstoffe,28.66,30.5
baseline,3,9,19,Lusus,industrieteile,44.48,29.2
baseline,3,9,19,Lusus,energie,76.18,0.0
baseline,3,9,19,Lusus,luxus,76.13,94.19471950558896
baseline,3,9,19,Lusus,biotech,76.79,32.0
baseline,3,9,19,Lusus,core_daten,105.39,73.46314633705934
baseline,3,9,19,Lusus,relikte,149.02,32.0
baseline,3,9,19,Tau Ceti,nahrung,20.24,105.10275999999996
baseline,3,9,19,Tau Ceti,rohstoffe,29.49,18.0
baseline,3,9,19,Tau Ceti,industrieteile,48.7,10.100000000000009
baseline,3,9,19,Tau Ceti,energie,47.59,3.2
baseline,3,9,19,Tau Ceti,luxus,76.26,30.0
baseline,3,9,19,Tau Ceti,biotech,77.44,61.36568999999998
baseline,3,9,19,Tau Ceti,core_daten,106.88,30.0
baseline,3,9,19,Tau Ceti,relikte,150.33,30.0
baseline,3,9,19,Maui-Covenant,nahrung,19.62,32.52976000000003
baseline,3,9,19,Maui-Covenant,rohstoffe,28.64,11.020176464784535
baseline,3,9,19,Maui-Covenant,industrieteile,44.62,23.2
baseline,3,9,19,Maui-Covenant,energie,50.42,0.5980486927746842
baseline,3,9,19,Maui-Covenant,luxus,85.58,9.5
baseline,3,9,19,Maui-Covenant,biotech,77.4,68.48273599999997
baseline,3,9,19,Maui-Covenant,core_daten,114.97,26.0
baseline,3,9,19,Maui-Covenant,relikte,146.92,26.0
baseline,3,9,19,Marsim,nahrung,21.63,6.0
baseline,3,9,19,Marsim,rohstoffe,31.61,9.979823535215465
baseline,3,9,19,Marsim,industrieteile,43.36,120.50473415735168
baseline,3,9,19,Marsim,energie,39.73,50.984840494411
baseline,3,9,19,Marsim,luxus,83.19,30.150000000000002
baseline,3,9,19,Marsim,biotech,77.68,27.799999999999997
baseline,3,9,19,Marsim,core_daten,115.53,31.0
baseline,3,9,19,Marsim,relikte,150.43,31.0
baseline,3,9,19,Qom-Riyadh,nahrung,31.53,0.0
baseline,3,9,19,Qom-Riyadh,rohstoffe,27.31,16.0
baseline,3,9,19,Qom-Riyadh,industrieteile,42.19,9.9
baseline,3,9,19,Qom-Riyadh,energie,52.72,1.2000000000000002
baseline,3,9,19,Qom-Riyadh,luxus,73.55,42.88807744191237
baseline,3,9,19,Qom-Riyadh,biotech,78.49,26.4
baseline,3,9,19,Qom-Riyadh,core_daten,110.15,117.99143999999997
baseline,3,9,19,Qom-Riyadh,relikte,145.69,28.0
baseline,3,9,19,Bressia,nahrung,21.47,3.6599999999999997
baseline,3,9,19,Bressia,rohstoffe,27.07,57.51563519999996
baseline,3,9,19,Bressia,industrieteile,43.74,9.279999999999994
baseline,3,9,19,Bressia,energie,37.68,21.250590399999993
baseline,3,9,19,Bressia,luxus,72.95,15.497782558087613
baseline,3,9,19,Bressia,biotech,78.08,23.4
baseline,3,9,19,Bressia,core_daten,106.19,25.0
baseline,3,9,19,Bressia,relikte,151.39,25.0
baseline,3,9,19,Hebron,nahrung,31.96,0.0
baseline,3,9,19,Hebron,rohstoffe,28.33,9.5
baseline,3,9,19,Hebron,industrieteile,40.96,23.2
baseline,3,9,19,Hebron,energie,52.04,0.6000000000000003
baseline,3,9,19,Hebron,luxus,73.63,50.602897999999996
baseline,3,9,19,Hebron,biotech,94.93,9.5
baseline,3,9,19,Hebron,core_daten,111.68,26.0
baseline,3,9,19,Hebron,relikte,133.43,26.0
baseline,3,9,19,Hyperion,nahrung,29.07,0.0
baseline,3,9,19,Hyperion,rohstoffe,27.77,44.61679999999997
baseline,3,9,19,Hyperion,industrieteile,45.16,12.399999999999999
baseline,3,9,19,Hyperion,energie,41.07,5.401951307225316
baseline,3,9,19,Hyperion,luxus,82.3,7.532
baseline,3,9,19,Hyperion,biotech,85.0,20.8
baseline,3,9,19,Hyperion,core_daten,111.0,24.0
baseline,3,9,19,Hyperion,relikte,145.63,37.308400000000006
baseline,3,9,20,Lusus,nahrung,45.4,0.0
baseline,3,9,20,Lusus,rohstoffe,29.87,30.5
baseline,3,9,20,Lusus,industrieteile,42.47,29.2
baseline,3,9,20,Lusus,energie,74.11,0.0
baseline,3,9,20,Lusus,luxus,77.53,97.22844938198621
baseline,3,9,20,Lusus,biotech,80.83,32.0
baseline,3,9,20,Lusus,core_daten,117.73,75.48563292132417
baseline,3,9,20,Lusus,relikte,143.74,32.0
baseline,3,9,20,Tau Ceti,nahrung,20.49,105.64671999999996
baseline,3,9,20,Tau Ceti,rohstoffe,27.42,18.0
baseline,3,9,20,Tau Ceti,industrieteile,45.19,10.3
baseline,3,9,20,Tau Ceti,energie,58.86,0.40000000000000036
baseline,3,9,20,Tau Ceti,luxus,80.93,30.0
baseline,3,9,20,Tau Ceti,biotech,77.25,61.40167999999998
baseline,3,9,20,Tau Ceti,core_daten,110.86,30.0
baseline,3,9,20,Tau Ceti,relikte,142.02,30.0
baseline,3,9,20,Maui-Covenant,nahrung,20.37,34.73844000000003
baseline,3,9,20,Maui-Covenant,rohstoffe,30.3,11.020176464784535
baseline,3,9,20,Maui-Covenant,industrieteile,40.93,20.200000000000006
baseline,3,9,20,Maui-Covenant,energie,59.49,0.0
baseline,3,9,20,Maui-Covenant,luxus,83.43,9.5
baseline,3,9,20,Maui-Covenant,biotech,83.64,70.91228399999997
baseline,3,9,20,Maui-Covenant,core_daten,116.56,26.0
baseline,3,9,20,Maui-Covenant,relikte,145.45,26.0
baseline,3,9,20,Marsim,nahrung,25.77,2.4000000000000004
baseline,3,9,20,Marsim,rohstoffe,31.1,9.979823535215465
baseline,3,9,20,Marsim,industrieteile,41.67,125.6816176966896
baseline,3,9,20,Marsim,energie,37.14,48.090970618013756
baseline,3,9,20,Marsim,luxus,79.61,29.150000000000002
baseline,3,9,20,Marsim,biotech,85.28,27.799999999999997
baseline,3,9,20,Marsim,core_daten,114.71,31.0
baseline,3,9,20,Marsim,relikte,137.97,31.0
baseline,3,9,20,Qom-Riyadh,nahrung,21.64,6.0
baseline,3,9,20,Qom-Riyadh,rohstoffe,30.17,16.0
baseline,3,9,20,Qom-Riyadh,industrieteile,42.55,9.9
baseline,3,9,20,Qom-Riyadh,energie,43.68,6.0
baseline,3,9,20,Qom-Riyadh,luxus,83.13,44.03031744191237
baseline,3,9,20,Qom-Riyadh,biotech,77.42,26.4
baseline,3,9,20,Qom-Riyadh,core_daten,112.38,122.56039999999997
baseline,3,9,20,Qom-Riyadh,relikte,142.72,28.0
baseline,3,9,20,Bressia,nahrung,27.76,1.3199999999999994
baseline,3,9,20,Bressia,rohstoffe,30.39,54.692364799999964
baseline,3,9,20,Bressia,industrieteile,44.2,7.569999999999994
baseline,3,9,20,Bressia,energie,35.26,22.64040959999999
baseline,3,9,20,Bressia,luxus,78.09,15.497782558087613
baseline,3,9,20,Bressia,biotech,86.9,23.4
baseline,3,9,20,Bressia,core_daten,108.68,25.0
baseline,3,9,20,Bressia,relikte,146.71,25.0
baseline,3,9,20,Hebron,nahrung,32.89,0.0
baseline,3,9,20,Hebron,rohstoffe,28.61,9.5
baseline,3,9,20,Hebron,industrieteile,43.65,23.2
baseline,3,9,20,Hebron,energie,64.63,0.0
baseline,3,9,20,Hebron,luxus,84.22,51.907889999999995
baseline,3,9,20,Hebron,biotech,90.43,9.5
baseline,3,9,20,Hebron,core_daten,104.08,26.0
baseline,3,9,20,Hebron,relikte,141.7,26.0
baseline,3,9,20,Hyperion,nahrung,32.14,0.0
baseline,3,9,20,Hyperion,rohstoffe,32.71,45.97293519999997
baseline,3,9,20,Hyperion,industrieteile,45.27,12.399999999999999
baseline,3,9,20,Hyperion,energie,46.7,3.7219513072253156
baseline,3,9,20,Hyperion,luxus,94.9,5.964
baseline,3,9,20,Hyperion,biotech,89.64,20.8
baseline,3,9,20,Hyperion,core_daten,112.81,24.0
baseline,3,9,20,Hyperion,relikte,149.73,37.986467600000005
